time,temp,humi
2020-09-04 00:00:51.135557,26.210861003656856,39.569913383872304
2020-09-04 00:01:51.220498,26.232650688021298,39.648818052308016
2020-09-04 00:02:51.279541,26.283301090734035,39.3393842803156
2020-09-04 00:03:51.360620,26.221994058047034,39.5456250800473
2020-09-04 00:04:51.459621,26.279966164322108,39.53954240619606
2020-09-04 00:05:51.504212,26.070331302367393,39.58221431810324
2020-09-04 00:06:51.585426,26.219210794360816,39.575923312517375
2020-09-04 00:07:51.685622,26.253989037963446,39.52151927592238
2020-09-04 00:08:51.737068,26.180708986100015,39.654866471324894
2020-09-04 00:09:51.828532,26.11021219971766,39.654959833129126
2020-09-04 00:10:51.928242,26.17282307496049,39.50350787617809
2020-09-04 00:11:52.021293,26.297117073064832,39.58819583249571
2020-09-04 00:12:52.099422,26.21780662054572,39.55200381025523
2020-09-04 00:13:52.177911,26.053619208294,39.758206101927435
2020-09-04 00:14:52.224790,26.2094443164521,39.782448399380065
2020-09-04 00:15:52.306038,26.066143884617777,39.758140086841365
2020-09-04 00:16:52.399826,26.2748509705903,39.70338132557656
2020-09-04 00:17:52.475415,26.17976870531493,39.788379838100255
2020-09-04 00:18:52.568455,26.208065202178727,39.812453848889916
2020-09-04 00:19:52.587265,26.25343740072216,39.6731699626964
2020-09-04 00:20:52.667981,26.157051254105184,39.66105091857591
2020-09-04 00:21:52.757634,26.11715783335639,39.85503460617053
2020-09-04 00:22:52.838187,26.215951112229508,39.83057947644845
2020-09-04 00:23:52.868250,26.202034800695404,39.860928226114545
2020-09-04 00:24:52.945438,26.181624213118795,39.885253216761235
2020-09-04 00:25:53.016879,26.15186086295131,40.10938367379524
2020-09-04 00:26:53.051682,26.148701467362073,40.11524295102563
2020-09-04 00:27:53.125897,26.116706478985336,40.01825919063378
2020-09-04 00:28:53.208305,26.27206770804701,40.04250261532164
2020-09-04 00:29:53.235944,26.1779257232907,39.927389523323214
2020-09-04 00:30:53.319951,26.20249867772273,40.024416177653464
2020-09-04 00:31:53.355369,26.209005494683783,39.95751199627302
2020-09-04 00:32:53.446776,26.18673938905634,40.01212216913966
2020-09-04 00:33:53.525795,26.059662128888206,39.84267137706007
2020-09-04 00:34:53.605391,26.269296986801606,39.993811834397704
2020-09-04 00:35:53.685426,26.219674671637748,39.96957041894485
2020-09-04 00:36:53.756697,26.28553269206896,39.90289244729652
2020-09-04 00:37:53.781665,26.20157092366972,40.06075076683265
2020-09-04 00:38:53.830462,26.176997969034062,40.04850166124049
2020-09-04 00:39:53.899551,26.234506196573978,40.11508915715831
2020-09-04 00:40:53.977515,26.125507618089518,40.20011704341481
2020-09-04 00:41:54.081099,26.131074141540523,40.14559983824937
2020-09-04 00:42:54.154392,26.178377074479275,40.26066382334232
2020-09-04 00:43:54.235392,26.24145182397256,40.10319925966527
2020-09-04 00:44:54.321246,26.178840951422853,40.19406251544039
2020-09-04 00:45:54.372880,26.202950040517976,40.18208855826671
2020-09-04 00:46:54.453186,26.129682510655602,40.13349701856202
2020-09-04 00:47:54.546453,26.202962554751696,40.16367738126896
2020-09-04 00:48:54.635427,26.24377120887929,40.17584508937751
2020-09-04 00:49:54.718635,26.143134943162252,40.139488551294114
2020-09-04 00:50:54.758222,26.125507618089518,40.260661732753235
2020-09-04 00:51:54.816971,26.221968992376837,40.05485459608861
2020-09-04 00:52:54.925823,26.230707427187852,40.11531757495798
2020-09-04 00:53:54.992783,26.17744932059705,40.26066800439162
2020-09-04 00:54:55.079065,26.213167849804453,40.09097020011602
2020-09-04 00:55:55.122968,26.23588530036391,40.109280413788234
2020-09-04 00:56:55.195534,26.165852397623443,40.28493734849766
2020-09-04 00:57:55.280575,26.18069645921358,40.24249002448482
2020-09-04 00:58:55.386199,26.215010838937523,40.20625031006401
2020-09-04 00:59:55.465494,26.351603830962212,40.12727613286671
2020-09-04 01:00:55.545504,26.139423927160408,40.29087157965338
2020-09-04 01:01:55.626469,26.090729363845796,40.23635964178272
2020-09-04 01:02:55.706743,26.15147221456155,40.515050364828035
2020-09-04 01:03:55.806624,26.17187029586062,40.636251747182186
2020-09-04 01:04:55.901960,26.069842396585255,40.5393804019599
2020-09-04 01:05:55.975834,26.216402469595828,40.59370138366653
2020-09-04 01:06:56.085414,26.08700583736089,40.54536406020778
2020-09-04 01:07:56.148962,26.08839746779258,40.50298316262817
2020-09-04 01:08:56.227872,26.12967000454228,40.751218749791015
2020-09-04 01:09:56.315628,26.121784099683953,40.6725581545228
2020-09-04 01:10:56.395618,26.173261926060768,40.69072470692476
2020-09-04 01:11:56.487006,26.11853696252729,40.67257071236298
2020-09-04 01:12:56.571387,26.138859819184134,40.696875471481086
2020-09-04 01:13:56.645466,26.09859026461594,40.8300207380039
2020-09-04 01:14:56.715467,26.210284342941883,40.727071250832324
2020-09-04 01:15:56.796687,26.103229031301115,40.67262988526463
2020-09-04 01:16:56.887354,26.166767651919866,40.660484257264535
2020-09-04 01:17:56.938701,26.210296842067887,40.69054816654825
2020-09-04 01:18:57.017414,26.144990451202585,40.62383027420507
2020-09-04 01:19:57.136568,26.072638161701402,40.557313312789454
2020-09-04 01:20:57.241433,26.168648181019933,40.67822369926673
2020-09-04 01:21:57.322615,26.20714998573699,40.54487420594319
2020-09-04 01:22:57.410404,26.176997969034062,40.54499741313565
2020-09-04 01:23:57.497214,26.266977600499057,40.544847645258535
2020-09-04 01:24:57.577069,26.237753336604396,40.60551111089703
2020-09-04 01:25:57.655663,26.2437837397315,40.5449424661923
2020-09-04 01:26:57.747236,26.23960884522933,40.58734056138561
2020-09-04 01:27:57.831244,26.170967566526045,40.442096864886736
2020-09-04 01:28:57.910903,26.332371743053955,40.39342404828928
2020-09-04 01:29:57.954910,26.2906353427113,40.41759465202596
2020-09-04 01:30:57.978765,26.14823759033639,40.62987140050023
2020-09-04 01:31:58.054310,26.17475380735568,40.59347678184825
2020-09-04 01:32:58.136153,26.228011916754543,40.520789338637265
2020-09-04 01:33:58.225702,26.20436672236606,40.514612258793875
2020-09-04 01:34:58.317053,26.166328795554875,40.4118440415681
2020-09-04 01:35:58.348654,26.18024510896102,40.53892973199098
2020-09-04 01:36:58.389889,26.279502287020545,40.460027585492874
2020-09-04 01:37:58.473095,26.088409978815907,40.53908717467917
2020-09-04 01:38:58.518874,26.189522652052858,40.508619053504276
2020-09-04 01:39:58.595746,26.142207189151936,40.50276063255463
2020-09-04 01:40:58.684078,26.236813054282266,40.599673645340516
2020-09-04 01:41:58.732701,26.271139953879054,40.48450529702572
2020-09-04 01:42:58.761569,26.11159131049656,40.56342535271678
2020-09-04 01:43:58.855432,26.195076645482576,40.52697901052247
2020-09-04 01:44:58.936391,26.221053760162317,40.43000164089998
2020-09-04 01:45:58.972638,26.25306128354588,40.31482215510598
2020-09-04 01:46:59.076600,26.16540104138035,40.526881866891806
2020-09-04 01:47:59.157890,26.064288376938716,40.593669866005435
2020-09-04 01:48:59.236084,26.175606337661424,40.4905133015626
2020-09-04 01:49:59.329567,26.14500298526518,40.47225446965783
2020-09-04 01:50:59.406538,26.20676133028601,40.50252982086185
2020-09-04 01:51:59.495567,26.189986529224694,40.308810464007884
2020-09-04 01:52:59.575418,26.330052356578978,40.35710338650989
2020-09-04 01:53:59.617787,26.2270841625209,40.381539143324645
2020-09-04 01:54:59.695636,26.2122526354039,40.44192169049962
2020-09-04 01:55:59.795681,26.32541358375219,40.3510685861692
2020-09-04 01:56:59.844944,26.222921812622246,40.357105417637776
2020-09-04 01:57:59.925707,26.24518792439788,40.393339772330904
2020-09-04 01:59:00.007535,26.13201442424691,40.44203588770173
2020-09-04 02:00:00.086331,26.199727950212548,40.3995911573127
2020-09-04 02:01:00.168069,26.12320075857487,40.308870253181865
2020-09-04 02:02:00.225910,26.09482903188296,40.436101445971886
2020-09-04 02:03:00.274742,26.154267991798363,40.45427632129493
2020-09-04 02:04:00.325770,26.174202182060984,40.44230897914315
2020-09-04 02:05:00.405586,26.079132439106885,40.2243032985121
2020-09-04 02:06:00.505411,26.212227577665253,40.56950341568124
2020-09-04 02:07:00.595636,26.119477217951115,40.36361146884738
2020-09-04 02:08:00.686182,26.131074141540523,40.466482303877264
2020-09-04 02:09:00.769558,26.234493669498697,40.539144008876036
2020-09-04 02:10:00.855814,26.277170356088202,40.29073276075302
2020-09-04 02:11:00.925486,26.268356691414585,40.478462553358774
2020-09-04 02:12:01.025448,26.136640665227997,40.45435062699347
2020-09-04 02:13:01.175882,26.186262982743404,40.49069091078854
2020-09-04 02:14:01.253646,26.055938592708085,40.38181803818952
2020-09-04 02:15:01.344624,26.224288376938716,40.39994430406907
2020-09-04 02:16:01.427084,26.264670775305206,40.223698222596255
2020-09-04 02:17:01.517448,26.2674289372729,40.42397680960996
2020-09-04 02:18:01.596528,26.147773713312347,40.496683382425296
2020-09-04 02:19:01.675805,26.220126005977935,40.466332371749964
2020-09-04 02:20:01.765529,26.1268992489301,40.50282399734346
2020-09-04 02:21:01.857548,26.147773713312347,40.381651603665425
2020-09-04 02:22:01.950605,26.216402469595828,40.44840998986248
2020-09-04 02:23:01.986806,26.04016677950188,40.36977829914877
2020-09-04 02:24:02.012709,26.13013388131343,40.33352782400865
2020-09-04 02:25:02.076271,26.122724356452693,40.33938043289687
2020-09-04 02:26:02.114126,26.134772649115263,40.357722907280944
2020-09-04 02:27:02.196762,26.16630377520783,40.5333686189294
2020-09-04 02:28:02.224009,26.117145332341924,40.50913805446845
2020-09-04 02:29:02.327750,26.05267895805771,40.42443657426996
2020-09-04 02:30:02.369109,26.08606559538622,40.50321275798499
2020-09-04 02:31:02.447005,26.026237989590257,40.53350471703563
2020-09-04 02:32:02.526131,26.171707348003558,40.48506678532432
2020-09-04 02:33:02.633407,26.189961489615307,40.58775352939612
2020-09-04 02:34:02.706144,26.004523500173164,40.545518548732204
2020-09-04 02:35:02.808419,26.097662511298612,40.49105848220006
2020-09-04 02:36:02.905441,26.09719863464241,40.39420697027318
2020-09-04 02:37:02.985401,26.056841371839017,40.473068615626666
2020-09-04 02:38:03.068096,26.123627124725772,40.47301264429182
2020-09-04 02:39:03.118008,26.105072063634047,40.43071951046667
2020-09-04 02:40:03.197091,26.099969422294446,40.42468815650922
2020-09-04 02:41:03.288590,26.04014181845263,40.563928226854244
2020-09-04 02:42:03.365471,26.103216557669384,40.52757275909518
2020-09-04 02:43:03.442864,26.054058112793495,40.58808311892999
2020-09-04 02:44:03.523499,26.00026090295832,40.594137640784865
2020-09-04 02:45:03.596062,26.040605694906848,40.64260928848697
2020-09-04 02:46:03.695458,26.085589252315508,40.64264182590837
2020-09-04 02:47:03.744722,26.029472660458854,40.563971079306114
2020-09-04 02:48:03.777563,26.006742718064505,40.62458466013519
2020-09-04 02:49:03.836333,26.070281331168808,40.62454465964628
2020-09-04 02:50:03.923779,25.98725991343606,40.66097279029753
2020-09-04 02:51:03.990791,25.95016225042527,40.642753792739285
2020-09-04 02:52:04.065991,26.07816722971802,40.467149020409494
2020-09-04 02:53:04.121110,25.980314214932676,40.5518492157419
2020-09-04 02:54:04.215474,26.055901164447885,40.61854886857478
2020-09-04 02:55:04.317178,26.061003804071447,40.4732728931981
2020-09-04 02:56:04.405427,26.02296594983971,40.62472994123234
2020-09-04 02:57:04.494794,26.01417719872785,40.5214479784398
2020-09-04 02:58:04.573600,26.130121396728605,40.48509178412492
2020-09-04 02:59:04.646873,26.012321692539857,40.56382566147494
2020-09-04 03:00:04.730643,26.127802013833502,40.55168434803529
2020-09-04 03:01:04.767511,26.135236525904478,40.41825876198241
2020-09-04 03:02:04.815332,26.106012291391043,40.49102390883528
2020-09-04 03:03:04.884042,26.138935052104404,40.56374538350382
2020-09-04 03:04:04.966759,26.05221508137195,40.53339888219424
2020-09-04 03:05:05.055442,26.08745722524152,40.58794996570581
2020-09-04 03:06:05.144916,26.088848855111593,40.491094961210486
2020-09-04 03:07:05.215527,26.1973835185449,40.47875883804639
2020-09-04 03:08:05.299083,26.008610680242686,40.509364958615656
2020-09-04 03:09:05.375426,26.05128732800536,40.46681629746304
2020-09-04 03:10:05.525590,26.10972330493624,40.61207377759573
2020-09-04 03:11:05.615425,26.041558410002537,40.40004183003862
2020-09-04 03:12:05.694545,26.05776912486733,40.49122347398252
2020-09-04 03:13:05.772539,26.103153799566467,40.491006616934456
2020-09-04 03:14:05.882448,26.104532951911292,40.54568965524136
2020-09-04 03:15:05.955414,26.228751694225235,40.460838648387686
2020-09-04 03:16:06.034712,26.11898835920652,40.454872916568334
2020-09-04 03:17:06.062058,26.00352051497011,40.43652582019159
2020-09-04 03:18:06.146550,26.134296286043245,40.47296822754901
2020-09-04 03:19:06.230120,26.114349593851482,40.53963307005028
2020-09-04 03:20:06.337127,26.015104951831702,40.54565583821525
2020-09-04 03:21:06.416731,26.00072477946016,40.539661305796194
2020-09-04 03:22:06.470303,26.08234211737738,40.636602114305134
2020-09-04 03:23:06.504530,26.086980881599338,40.618426723167765
2020-09-04 03:24:06.585418,26.036894683319087,40.5942039782066
2020-09-04 03:25:06.622600,26.108319199135433,40.63650061812485
2020-09-04 03:26:06.695925,26.061016260518148,40.58200264371998
2020-09-04 03:27:06.729286,26.078631106118046,40.62451191651238
2020-09-04 03:28:06.777112,26.085514015807153,40.63655500782807
2020-09-04 03:29:06.824960,26.086517005169753,40.64265086161151
2020-09-04 03:30:06.905698,26.102288804696904,40.6244190687333
2020-09-04 03:31:06.935915,26.138007298879035,40.581908098612004
2020-09-04 03:32:07.049864,26.1366156690533,40.61823125532911
2020-09-04 03:33:07.120523,26.004899668050616,40.56385551207617
2020-09-04 03:34:07.195573,26.108331674844475,40.59997297985053
2020-09-04 03:35:07.275422,26.08977660836652,40.40634547831905
2020-09-04 03:36:07.366544,26.006767651919866,40.52126004881934
2020-09-04 03:37:07.443904,26.094415374739686,40.60002828847656
2020-09-04 03:38:07.539750,26.12548263097945,40.606169525770305
2020-09-04 03:39:07.617890,25.97383240944616,40.56376592728794
2020-09-04 03:40:07.718726,26.020220077283188,40.418294309046864
2020-09-04 03:41:07.760759,26.204253945856223,40.400220690709915
2020-09-04 03:42:07.868095,26.09951801793984,40.50315732911248
2020-09-04 03:43:07.965410,25.957132853044797,40.63646615132074
2020-09-04 03:44:08.046166,26.097662511298612,40.460792058336146
2020-09-04 03:45:08.128640,25.958060606122373,40.47303580922509
2020-09-04 03:46:08.187620,26.122235495052752,40.49117746171882
2020-09-04 03:47:08.269257,26.12827837423868,40.44855659818855
2020-09-04 03:48:08.335581,26.107867798150505,40.48496286645628
2020-09-04 03:49:08.426029,26.118524482663627,40.55172184717381
2020-09-04 03:50:08.512769,25.99376663210499,40.539689531878594
2020-09-04 03:51:08.586990,26.105924581490708,40.46094338555031
2020-09-04 03:52:08.656703,26.096270881334934,40.4789577314188
2020-09-04 03:53:08.725613,26.051738730300716,40.52151242281718
2020-09-04 03:54:08.798229,25.94877062146166,40.5761853739064
2020-09-04 03:55:08.831753,26.08466149946783,40.52159574772222
2020-09-04 03:56:08.873153,26.07120908391467,40.503493169432325
2020-09-04 03:57:08.948054,26.109710828660656,40.5699157156954
2020-09-04 03:58:09.047420,26.051274853807087,40.624409959997195
2020-09-04 03:59:09.115641,25.955728766427512,40.58826215388734
2020-09-04 04:00:09.206760,26.00072477946016,40.642556837817224
2020-09-04 04:01:09.297210,26.016960458059106,40.539595407356906
2020-09-04 04:02:09.385188,26.11527734690935,40.57594616556291
2020-09-04 04:03:09.466761,26.061480137046264,40.436731389387944
2020-09-04 04:04:09.545422,26.050347100824755,40.56388721629286
2020-09-04 04:05:09.619922,26.07631172413433,40.59425921687274
2020-09-04 04:06:09.697029,25.972892192256364,40.63661298090765
2020-09-04 04:07:09.797901,25.990970923618146,40.64280250088701
2020-09-04 04:08:09.866854,26.030400413293393,40.6244918999693
2020-09-04 04:09:09.935410,26.03875018909983,40.64261652022759
2020-09-04 04:10:09.966131,26.022526976898973,40.557731665679896
2020-09-04 04:11:10.047963,26.079094982519717,40.53977603160714
2020-09-04 04:12:10.116563,25.983085027106835,40.60046936596778
2020-09-04 04:13:10.195668,26.016020245096183,40.606391443979774
2020-09-04 04:14:10.269706,26.061003804071447,40.558006272912124
2020-09-04 04:15:10.351847,26.025297772784715,40.54583040973253
2020-09-04 04:16:10.374320,26.106839877538622,40.60036666915469
2020-09-04 04:17:10.458590,25.99792906799283,40.57620203618963
2020-09-04 04:18:10.525519,25.99329030503532,40.66700150226046
2020-09-04 04:19:10.629480,25.93439045636974,40.63676314361616
2020-09-04 04:20:10.717306,25.974271378626394,40.648919241677476
2020-09-04 04:21:10.742505,26.019718816453405,40.70946692964835
2020-09-04 04:22:10.774605,26.0146161784375,40.7034346034692
2020-09-04 04:23:10.848053,26.020646568841283,40.78813420451435
2020-09-04 04:24:10.935630,25.987247487015946,40.75800014580785
2020-09-04 04:25:11.025686,26.059060622881944,40.67317635191608
2020-09-04 04:26:11.126903,26.085965443749505,40.68517691163484
2020-09-04 04:27:11.205630,25.97102424512514,40.7820690467607
2020-09-04 04:28:11.239847,26.0521024804532,40.75187309737716
2020-09-04 04:29:11.293731,25.98122952211432,40.88490837632511
2020-09-04 04:30:11.375622,25.94042084799035,40.86670946428994
2020-09-04 04:31:11.466710,26.044768133231628,40.66095667642942
2020-09-04 04:32:11.536648,25.9297516937735,40.7880764315534
2020-09-04 04:33:11.564122,26.041997324279354,40.684970932047136
2020-09-04 04:34:11.646338,26.011381481498237,40.81218031263918
2020-09-04 04:35:11.726863,26.05079852502302,40.75776454250748
2020-09-04 04:36:11.817604,26.015481131097413,40.70319513747095
2020-09-04 04:37:11.897276,26.067961949332886,40.77585678387777
2020-09-04 04:38:11.996495,26.016947997835477,40.81821202321192
2020-09-04 04:39:12.067410,26.09765003993304,40.66680472600061
2020-09-04 04:40:12.108006,26.062320195025784,40.84241634198503
2020-09-04 04:41:12.185498,26.029472660458854,40.654757367571804
2020-09-04 04:42:12.198416,26.015092492363454,40.77585507243816
2020-09-04 04:43:12.266681,26.056365040769087,40.55197264825608
2020-09-04 04:44:12.355426,26.012760673753707,40.64292503453931
2020-09-04 04:45:12.456522,26.012296797586867,40.73975281163243
2020-09-04 04:46:12.505522,26.094691420312383,40.72766711776874
2020-09-04 04:47:12.596153,26.061931556751624,40.46721657007329
2020-09-04 04:48:12.695671,25.949222065129174,40.75189204735599
2020-09-04 04:49:12.723743,25.967764693215788,40.8246336037466
2020-09-04 04:50:12.746545,25.979750226366484,40.87901859341108
2020-09-04 04:51:12.825606,25.90886484790018,40.67337713499084
2020-09-04 04:52:12.843323,26.04607209064716,40.8124091337598
2020-09-04 04:53:12.915514,25.91351602597986,40.75787814544859
2020-09-04 04:54:13.000717,26.049707857819644,40.74579743295309
2020-09-04 04:55:13.079705,25.942263923340864,40.77612324255006
2020-09-04 04:56:13.099805,25.97659075974798,40.58839110333981
2020-09-04 04:57:13.176880,26.03317122672051,40.6912606437722
2020-09-04 04:58:13.265438,26.042448751847296,40.806209471085985
2020-09-04 04:59:13.311940,26.072600713045784,40.58216921552099
2020-09-04 05:00:13.353999,25.956180207286963,40.77002062863597
2020-09-04 05:01:13.459116,25.938101466564962,40.775942301103136
2020-09-04 05:02:13.490407,25.94968594126153,40.806352766078994
2020-09-04 05:03:13.581903,25.86111044503768,40.70946166730587
2020-09-04 05:04:13.658290,25.96128284510417,40.788156281056196
2020-09-04 05:05:13.745471,26.000624651731407,40.7760720816641
2020-09-04 05:06:13.826310,26.05543728812832,40.757747313621365
2020-09-04 05:07:13.908871,26.058220546070327,40.78799648718507
2020-09-04 05:08:13.957088,26.104144310648433,40.7394090428694
2020-09-04 05:09:14.000116,26.02531023640758,40.67877757771722
2020-09-04 05:10:14.092028,26.077715816564808,40.67878114933453
2020-09-04 05:11:14.122662,26.131513026485372,40.67877936354735
2020-09-04 05:12:14.205445,26.054521989296976,40.72729025689997
2020-09-04 05:13:14.291203,25.988200114486876,40.73339153821463
2020-09-04 05:14:14.360924,25.970121396728604,40.6545809155366
2020-09-04 05:15:14.446025,26.098978909261614,40.59997482409413
2020-09-04 05:16:14.482858,26.08606559538622,40.606114407449496
2020-09-04 05:17:14.558699,26.009538433307128,40.70304860246266
2020-09-04 05:18:14.635476,26.03273226205289,40.61822027995645
2020-09-04 05:19:14.726302,26.060088507466848,40.70911173541146
2020-09-04 05:20:14.810376,26.056377495327325,40.61228461404552
2020-09-04 05:21:14.850790,26.088848855111593,40.606103379146944
2020-09-04 05:22:14.929589,26.012321692539857,40.64251159273313
2020-09-04 05:23:15.005543,26.053594236291655,40.642558647062266
2020-09-04 05:24:15.034298,25.99237500267829,40.67285181387978
2020-09-04 05:25:15.115989,26.11342184080018,40.672796393633966
2020-09-04 05:26:15.215429,25.987736238029374,40.5820822714242
2020-09-04 05:27:15.285673,26.0665827789639,40.5759275924313
2020-09-04 05:28:15.315628,26.08466149946783,40.56396362833783
2020-09-04 05:29:15.395413,25.957120395465022,40.75166430464659
2020-09-04 05:30:15.480342,26.072600713045784,40.65479692256292
2020-09-04 05:31:15.555745,26.02668940199465,40.72134295179975
2020-09-04 05:32:15.619301,26.050347100824755,40.6546763948926
2020-09-04 05:33:15.695436,26.11527734690935,40.65463137249205
2020-09-04 05:34:15.739959,26.067886711638906,40.56399529020721
2020-09-04 05:35:15.815836,25.95387326106716,40.666947887544104
2020-09-04 05:36:15.872125,25.91537153076875,40.679199618407466
2020-09-04 05:37:15.959165,26.00858578831124,40.79422976262337
2020-09-04 05:38:16.035852,26.02250207363674,40.69735301201462
2020-09-04 05:39:16.106454,26.02296594983971,40.757867825638684
2020-09-04 05:40:16.188195,26.032243474243955,40.71547132475674
2020-09-04 05:41:16.272322,26.063787062131684,40.721404212922025
2020-09-04 05:42:16.348327,26.04933165718144,40.68511304877839
2020-09-04 05:43:16.415385,25.989115418513965,40.68517336515854
2020-09-04 05:44:16.458275,26.069353578429514,40.56402507827526
2020-09-04 05:45:16.524518,26.00210395479499,40.636707093364734
2020-09-04 05:46:16.605421,26.033635102961245,40.642843968318154
2020-09-04 05:47:16.685892,25.950626126749757,40.594334647205464
2020-09-04 05:48:16.739210,26.06053992773382,40.65484364257156
2020-09-04 05:49:16.819258,25.986332160906958,40.71544330441834
2020-09-04 05:50:16.885466,25.99273875731383,40.72163826922619
2020-09-04 05:51:16.967282,26.01407706095082,40.630781775892764
2020-09-04 05:52:17.032340,26.050171733993054,40.60055545398033
2020-09-04 05:53:17.105416,26.003019274594863,40.84871184187348
2020-09-04 05:54:17.189996,25.97843384184278,40.63700675219527
2020-09-04 05:55:17.275885,26.05674124203131,40.6005646066963
2020-09-04 05:56:17.355779,25.960355092758988,40.661076551779196
2020-09-04 05:57:17.435454,25.943655551668968,40.812425927492626
2020-09-04 05:58:17.463243,26.036330692315957,40.73377762135756
2020-09-04 05:59:17.547161,25.87130329913079,40.78223914201048
2020-09-04 06:00:17.608337,25.92881151693116,40.72171147142881
2020-09-04 06:01:17.685439,25.910268892662526,40.80630222680496
2020-09-04 06:02:17.748233,26.007670470738116,40.660893978317645
2020-09-04 06:03:17.838053,26.07631172413433,40.60636396760155
2020-09-04 06:04:17.881085,26.009062099760843,40.63667995745849
2020-09-04 06:05:17.955518,25.90655788325553,40.71554307669135
2020-09-04 06:06:18.032703,25.927432312536965,40.80018821549416
2020-09-04 06:07:18.112021,26.006742718064505,40.67905386881684
2020-09-04 06:08:18.186101,26.063787062131684,40.61246566178165
2020-09-04 06:09:18.255747,25.877809989201793,40.55809946521033
2020-09-04 06:10:18.306616,25.97706707996006,40.54580978085851
2020-09-04 06:11:18.373575,26.039590254643063,40.63673421960781
2020-09-04 06:12:18.456607,26.017399435512452,40.703424055541866
2020-09-04 06:13:18.549069,26.01500481336169,40.70339943769898
2020-09-04 06:14:18.629875,25.974271378626394,40.64286739638175
2020-09-04 06:15:18.706198,25.971951997545858,40.67918718764276
2020-09-04 06:16:18.785447,25.979837893387174,40.6912606437722
2020-09-04 06:17:18.865786,26.029924093081313,40.6973265641201
2020-09-04 06:18:18.946683,26.007194159859978,40.866850798193504
2020-09-04 06:19:19.025675,25.966373065198052,40.75202627086935
2020-09-04 06:20:19.115477,26.00248015636922,40.697395308546916
2020-09-04 06:21:19.185543,25.99095849568726,40.64300961085161
2020-09-04 06:22:19.220093,25.90886484790018,40.75204174138463
2020-09-04 06:23:19.251807,25.95525245497791,40.61873445111777
2020-09-04 06:24:19.330715,25.94551105612943,40.71559728022622
2020-09-04 06:25:19.372094,25.95525245497791,40.6489929070864
2020-09-04 06:26:19.449316,25.92278112829925,40.74593897181058
2020-09-04 06:27:19.471823,25.873158803321942,41.00611803225292
2020-09-04 06:28:19.549723,25.961734305245663,40.85490975291642
2020-09-04 06:29:19.615380,25.927883764815878,40.818534110830456
2020-09-04 06:30:19.724453,25.972403453381656,40.71569683708151
2020-09-04 06:31:19.806375,25.934679008055756,40.909399262882296
2020-09-04 06:32:19.886911,25.9444956488563,40.78838003188248
2020-09-04 06:33:19.985897,25.9454986467055,40.82471361300428
2020-09-04 06:34:20.055568,26.00533865528128,40.75793315832395
2020-09-04 06:35:20.151838,25.931130897248096,40.72170276085338
2020-09-04 06:36:20.215601,25.930667021181424,40.65513945819509
2020-09-04 06:37:20.315944,25.99095849568726,40.72167836553038
2020-09-04 06:38:20.343157,25.97557534169254,40.655137668894774
2020-09-04 06:39:20.433787,25.88197244858871,40.6248640815319
2020-09-04 06:40:20.519587,25.932522525457966,40.685384081524546
2020-09-04 06:41:20.598537,25.95423704432525,40.69152714335932
2020-09-04 06:42:20.675724,25.938540507946943,40.68557126631768
2020-09-04 06:43:20.733569,25.91759084608516,40.776376768922326
2020-09-04 06:44:20.823553,25.887062678246433,40.606898923718596
2020-09-04 06:45:20.924522,25.942715391157737,40.70370655572928
2020-09-04 06:46:21.005569,25.982608726324592,40.6188361495723
2020-09-04 06:47:21.063871,25.96026743235942,40.643094092293445
2020-09-04 06:48:21.107939,25.9487457782526,40.727887762617684
2020-09-04 06:49:21.185457,25.91905772138864,40.758252049986616
2020-09-04 06:50:21.265429,25.88845430598829,40.7339646802945
2020-09-04 06:51:21.358672,25.943643143000422,40.733957761118454
2020-09-04 06:52:21.445733,25.92555198325288,40.80663339495302
2020-09-04 06:53:21.539640,25.86804376725559,40.7219410423026
2020-09-04 06:54:21.570830,25.844398491311704,40.67947079374016
2020-09-04 06:55:21.665632,25.923232603978704,40.752185965115686
2020-09-04 06:56:21.752113,26.084950021670814,40.64904137902775
2020-09-04 06:57:21.826837,26.067786606778636,40.63700495056476
2020-09-04 06:58:21.907185,25.888918181905527,40.63109606817196
2020-09-04 06:59:21.998619,25.909328723889672,40.41316394908234
2020-09-04 07:00:22.025149,25.9552400415882,40.64919914433885
2020-09-04 07:01:22.078140,26.032243474243955,40.539965636092475
2020-09-04 07:02:22.156568,25.84812191215918,40.612684549248875
2020-09-04 07:03:22.195820,25.978346193424287,40.80055250360586
2020-09-04 07:04:22.268048,25.908400971912332,40.7944005443193
2020-09-04 07:05:22.346660,26.048780105477746,40.72159466051926
2020-09-04 07:06:22.435543,25.973331205434533,40.82461358597221
2020-09-04 07:07:22.474200,25.965909189195422,40.80043635158666
2020-09-04 07:08:22.522947,26.040969453335734,40.770068499882015
2020-09-04 07:09:22.615468,25.897744236335125,40.78214224034727
2020-09-04 07:10:22.695147,26.083269870208635,40.50344364040948
2020-09-04 07:11:22.798963,26.134221052810965,40.49714430182292
2020-09-04 07:12:22.853845,25.81051082073475,40.03866769343392
2020-09-04 07:13:22.935427,25.595285054769196,39.26502233327642
2020-09-04 07:14:22.972516,25.451384243678607,39.695866811979
2020-09-04 07:15:23.045824,25.379947663605336,40.107419464818996
2020-09-04 07:16:23.121583,25.708922136194207,39.36148559367016
2020-09-04 07:17:23.206865,25.28756152269493,39.43062092030522
2020-09-04 07:18:23.281133,25.55372547992573,39.75022761433671
2020-09-04 07:19:23.357370,25.141064953589606,39.29213136988058
2020-09-04 07:20:23.375099,25.295637023363625,39.18375336533257
2020-09-04 07:21:23.449037,25.151634615091194,39.1475432162969
2020-09-04 07:22:23.525858,25.420244125979576,38.977972597719095
2020-09-04 07:23:23.596543,25.166129267399864,39.13038499495285
2020-09-04 07:24:23.686571,25.18581395452061,39.251922274646766
2020-09-04 07:25:23.714696,25.236839865117023,39.18515035306345
2020-09-04 07:26:23.788494,25.099446609836985,39.36142325033124
2020-09-04 07:27:23.868681,24.979089807635056,39.307277981426786
2020-09-04 07:28:23.938668,24.96222792601329,39.55523353291301
2020-09-04 07:29:23.971741,24.990900756295712,39.53115598266143
2020-09-04 07:30:24.048137,24.898201940634074,39.65851425115118
2020-09-04 07:31:24.085447,25.068819253708433,39.5008236529204
2020-09-04 07:32:24.165778,25.068807425553935,39.60982589761044
2020-09-04 07:33:24.235479,24.96342166302328,39.73740179523469
2020-09-04 07:34:24.316307,24.899871441220498,39.695452643299525
2020-09-04 07:35:24.370249,24.530266055280357,39.91406161034199
2020-09-04 07:36:24.454017,24.26156481346625,40.4649409984048
2020-09-04 07:37:24.535430,24.333366014806284,40.48915302083884
2020-09-04 07:38:24.626258,24.317507712373764,40.79681458700053
2020-09-04 07:39:24.706039,24.344706990344907,40.228834980172316
2020-09-04 07:40:24.787751,24.54417051617081,40.01682610561602
2020-09-04 07:41:24.821350,24.520513198400035,39.980727245055185
2020-09-04 07:42:24.927640,24.742266148595213,39.8343463991537
2020-09-04 07:43:25.008109,24.93938751533188,39.37498170810344
2020-09-04 07:44:25.036768,25.006196675048308,39.13874753447137
2020-09-04 07:45:25.087240,24.977999542073636,39.24103508040831
2020-09-04 07:46:25.138173,25.105928944073902,39.12003483606927
2020-09-04 07:47:25.217300,25.1091879087824,39.059278232822656
2020-09-04 07:48:25.268163,24.975668356608626,39.271556743588555
2020-09-04 07:49:25.304392,24.92790147409102,39.36217685889282
2020-09-04 07:50:25.348702,25.003889144291204,39.89348443038918
2020-09-04 07:51:25.446314,25.06567120713243,39.3130309528187
2020-09-04 07:52:25.523155,25.19230816022027,38.78050474880125
2020-09-04 07:53:25.555700,25.038853877031045,39.11354594297391
2020-09-04 07:54:25.625559,25.008151166296123,38.88441012378092
2020-09-04 07:55:25.715428,25.09712725305196,39.22852202842049
2020-09-04 07:56:25.815482,24.913521476634006,39.69440240349766
2020-09-04 07:57:25.865338,24.870845364439923,38.98796159437025
2020-09-04 07:58:25.946422,24.961938434320164,38.926436750890026
2020-09-04 07:59:26.046654,24.886529828071428,38.88545320679132
2020-09-04 08:00:26.127730,24.8189789888588,38.601402768645876
2020-09-04 08:01:26.205461,24.785580303946045,38.589545064336036
2020-09-04 08:02:26.286255,24.643537219252273,38.802479901577705
2020-09-04 08:03:26.379183,24.44446188495547,38.96667339244841
2020-09-04 08:04:26.478587,24.451396745459235,38.985381912235546
2020-09-04 08:05:26.555716,24.342410735366382,39.36556304668951
2020-09-04 08:06:26.635700,24.67495837398181,39.17179639194645
2020-09-04 08:07:26.688538,24.422636889876134,39.40193674394353
2020-09-04 08:08:26.775588,24.267252507025923,39.59554061262022
2020-09-04 08:09:26.863838,24.321072777771658,39.46828494962028
2020-09-04 08:10:26.946520,24.519585460535275,39.3712402476679
2020-09-04 08:11:26.961585,24.572478155398898,39.37055342225434
2020-09-04 08:12:27.048905,24.577082029769212,39.63098715271542
2020-09-04 08:13:27.120898,24.62767861453403,39.39450724357218
2020-09-04 08:14:27.198162,24.70385201554611,39.13390959668412
2020-09-04 08:15:27.233853,24.59577032262537,39.20699226303828
2020-09-04 08:16:27.315930,24.72139199590817,39.387669259303024
2020-09-04 08:17:27.398912,24.839766030610676,39.060632287919425
2020-09-04 08:18:27.480223,24.651898572628724,39.158366147962724
2020-09-04 08:19:27.550523,24.856842112563058,39.13327254157201
2020-09-04 08:20:27.588499,24.68399268966249,39.08545440648721
2020-09-04 08:21:27.666463,24.66079918146308,39.38751454631042
2020-09-04 08:22:27.735396,24.822602819565944,39.13321252649905
2020-09-04 08:23:27.824572,24.724262302328064,39.29079536283834
2020-09-04 08:24:27.908695,24.82808214457854,39.13948091324905
2020-09-04 08:25:27.985682,24.60643932697366,39.44842624920831
2020-09-04 08:26:28.075915,24.633245048678717,39.58160664182154
2020-09-04 08:27:28.122916,24.633720590935305,39.61151343968745
2020-09-04 08:28:28.200523,24.76229966345047,39.28454248374231
2020-09-04 08:29:28.287372,25.06705095409074,38.85416533611781
2020-09-04 08:30:28.359251,25.000265356214094,38.89654334828957
2020-09-04 08:31:28.465423,25.019371277105602,38.8055073870521
2020-09-04 08:32:28.505374,25.077906322219956,38.84714832225579
2020-09-04 08:33:28.585412,24.943296390850094,39.12015597880199
2020-09-04 08:34:28.644239,25.06465626237222,38.993088046441414
2020-09-04 08:35:28.725521,25.04804409516062,39.04125326010386
2020-09-04 08:36:28.770040,25.20103447729961,38.78073648824275
2020-09-04 08:37:28.836262,25.225794209276824,38.634927870130994
2020-09-04 08:38:28.936329,25.175232157617888,39.02812217839949
2020-09-04 08:39:29.017118,25.1157417789685,38.62238096635691
2020-09-04 08:40:29.095623,25.332020968516524,38.37423657400145
2020-09-04 08:41:29.189053,25.331644418898254,38.33159510804677
2020-09-04 08:42:29.231383,25.355765799184642,38.34956144309683
2020-09-04 08:43:29.329320,25.369594646331954,38.283268927633074
2020-09-04 08:44:29.372076,25.6078506078985,38.07653713464916
2020-09-04 08:45:29.447294,25.479068633244896,38.2340874136254
2020-09-04 08:46:29.530251,25.455848087574175,38.03901982623213
2020-09-04 08:47:29.629681,25.587964695213344,38.30456515511088
2020-09-04 08:48:29.705830,25.89562726702865,38.103905459900425
2020-09-04 08:49:29.785413,25.59529922215107,38.41373465864411
2020-09-04 08:50:29.824969,25.44657061341951,38.541193854625725
2020-09-04 08:51:29.909567,25.465589436143514,38.329334449028615
2020-09-04 08:52:29.960897,25.494524534921354,38.09249254102551
2020-09-04 08:53:30.018141,25.582284297255494,37.89779930404676
2020-09-04 08:54:30.097056,25.718488408349806,37.80057101934245
2020-09-04 08:55:30.185411,25.70280420535927,37.70953324216243
2020-09-04 08:56:30.256426,25.691872520143846,37.72888418458386
2020-09-04 08:57:30.337173,25.712921910732998,37.364760972607606
2020-09-04 08:58:30.435603,25.64397963939882,37.18901126289558
2020-09-04 08:59:30.494458,25.512239244769766,37.67442872333835
2020-09-04 09:00:30.576101,25.29218815025295,37.63464210959887
2020-09-04 09:01:30.656703,25.343503307056856,37.55631379614289
2020-09-04 09:02:30.726263,25.55540607255297,37.143412047273614
2020-09-04 09:03:30.754290,25.4924941169067,37.18553859521384
2020-09-04 09:04:30.807264,25.429783744917152,37.18650571400618
2020-09-04 09:05:30.886294,25.46689362813592,37.258784149526164
2020-09-04 09:06:30.976255,25.343126821088056,36.90855529217128
2020-09-04 09:07:31.061528,25.415316271336955,37.03577638583698
2020-09-04 09:08:31.156822,25.457528745341946,37.428674022670144
2020-09-04 09:09:31.205737,25.479330797680987,37.51319057929956
2020-09-04 09:10:31.285470,25.42682571803466,37.43537237301567
2020-09-04 09:11:31.369838,25.416882700538665,37.48876313628556
2020-09-04 09:12:31.435489,25.400095845909135,37.50138680330766
2020-09-04 09:13:31.525536,25.593618656074007,37.348043868804474
2020-09-04 09:14:31.625949,25.681754785970213,37.21409247254793
2020-09-04 09:15:31.697098,25.56448206151546,37.25711894711965
2020-09-04 09:16:31.737458,25.60614326039309,36.536793496108494
2020-09-04 09:17:31.816909,25.5620752134634,37.251485647636
2020-09-04 09:18:31.873283,25.434973771649886,37.319183430101475
2020-09-04 09:19:31.957322,25.29627562362731,37.56238659903969
2020-09-04 09:20:31.989633,25.367624714070768,37.70129728931739
2020-09-04 09:21:32.065471,25.465327195091596,37.61048250667088
2020-09-04 09:22:32.130592,25.27893760210408,37.950352389433114
2020-09-04 09:23:32.209482,25.39026711736738,37.8587500673704
2020-09-04 09:24:32.285810,25.174828257371594,38.00455498012934
2020-09-04 09:25:32.342008,25.472460111525198,37.724635943735656
2020-09-04 09:26:32.406066,25.548273127905702,37.356054241528604
2020-09-04 09:27:32.461040,25.337472955997185,37.883011622508356
2020-09-04 09:28:32.519383,25.485448573686448,37.62772203989578
2020-09-04 09:29:32.596466,25.450745476707823,37.49452408083609
2020-09-04 09:30:32.680404,25.41928949667765,37.32498094657524
2020-09-04 09:31:32.756823,25.38096285651966,37.191393541949154
2020-09-04 09:32:32.841772,25.522645920878183,36.955279151017905
2020-09-04 09:33:32.888296,25.726024240986884,36.88803551511956
2020-09-04 09:34:32.965552,25.57210552904634,36.864866294058714
2020-09-04 09:35:33.046594,25.657458339916097,36.87615875057192
2020-09-04 09:36:33.147902,25.52284749514349,36.896014851611056
2020-09-04 09:37:33.229772,25.579151088853877,36.755424153377824
2020-09-04 09:38:33.300722,25.572192978988834,36.48310072659083
2020-09-04 09:39:33.344492,25.42552148358628,37.16879341805287
2020-09-04 09:40:33.426350,25.663777660891032,36.398780037053704
2020-09-04 09:41:33.502162,25.275488712440602,37.289946902734506
2020-09-04 09:42:33.577699,25.398038741889437,36.798254775187885
2020-09-04 09:43:33.631020,25.413171711901498,37.307274010351776
2020-09-04 09:44:33.726825,25.511714531872553,36.73878370343952
2020-09-04 09:45:33.765863,25.51252815401605,37.166798292767325
2020-09-04 09:46:33.875496,25.548158991196203,36.76134670373094
2020-09-04 09:47:33.948721,25.446745503530465,36.76752105889257
2020-09-04 09:48:33.971009,25.39627069713894,36.84626606716572
2020-09-04 09:49:34.050221,25.709123385737186,36.43887697967887
2020-09-04 09:50:34.157937,25.683610284078863,36.3483130386884
2020-09-04 09:51:34.195569,25.519950139540512,36.767242490669766
2020-09-04 09:52:34.281830,25.625914903335442,36.79777222558058
2020-09-04 09:53:34.355935,25.38449896989085,37.34344046044151
2020-09-04 09:54:34.435409,25.358696909720305,36.73768026061114
2020-09-04 09:55:34.546455,25.604086407325717,36.698959550805185
2020-09-04 09:56:34.578236,25.463908842898835,37.19709802318505
2020-09-04 09:57:34.656905,25.44155543866881,36.82247333922044
2020-09-04 09:58:34.745516,25.629424474857128,36.4150177772623
2020-09-04 09:59:34.905451,25.38931258754485,36.797910786521946
2020-09-04 10:00:34.977010,25.43227796237936,37.10700861941108
2020-09-04 10:01:35.067186,25.28931752642319,37.27206830878521
2020-09-04 10:02:35.138350,25.205067368962663,37.30832589705407
2020-09-04 10:03:35.215676,25.48460826162796,37.23998778939728
2020-09-04 10:04:35.298760,25.44387480784381,37.034278826225474
2020-09-04 10:05:35.385600,25.500554899344785,36.639875128469015
2020-09-04 10:06:35.467966,25.702454137591516,36.64569043869742
2020-09-04 10:07:35.492442,25.408069102696995,36.94425125217574
2020-09-04 10:08:35.557111,25.480620512458504,36.579078610435985
2020-09-04 10:09:35.645431,25.404921564311767,36.96757107246262
2020-09-04 10:10:35.709151,25.59150078954881,36.79247939030014
2020-09-04 10:11:35.785624,25.38496284352058,37.059030258348834
2020-09-04 10:12:35.871203,25.32773162025627,37.247922806196314
2020-09-04 10:13:35.958299,25.301465616623855,37.1747600838961
2020-09-04 10:14:35.997939,25.41853665032295,37.10632021238581
2020-09-04 10:15:36.046655,25.7083707044343,36.97085703571149
2020-09-04 10:16:36.156767,25.901894316582506,36.447650710696145
2020-09-04 10:17:36.191712,25.938540507946943,36.3866892948838
2020-09-04 10:18:36.225398,25.674131508908243,36.64982591707489
2020-09-04 10:19:36.295871,25.636093766979393,36.72286577923118
2020-09-04 10:20:36.385723,25.535457473296656,36.8257441747723
2020-09-04 10:21:36.477761,25.615683275862278,36.75939540351562
2020-09-04 10:22:36.555421,26.05395798506474,36.41624923024232
2020-09-04 10:23:36.598379,25.73249220315863,36.607297155388785
2020-09-04 10:24:36.680069,25.625888521023438,36.73507587423571
2020-09-04 10:25:36.755814,25.70178891620879,36.78969687019536
2020-09-04 10:26:36.845740,25.497395264945226,36.960316177714525
2020-09-04 10:27:36.947398,25.581269034497538,36.72383708638876
2020-09-04 10:28:37.005280,25.885973414276723,36.154284115981625
2020-09-04 10:29:37.088854,25.64594896235755,36.15536521181736
2020-09-04 10:30:37.171243,25.650211322143118,36.578731078697366
2020-09-04 10:31:37.244716,25.498361749176794,36.205318458111
2020-09-04 10:32:37.306023,25.400445563072747,36.325646961104496
2020-09-04 10:33:37.385521,25.74695989926401,36.19484819384043
2020-09-04 10:34:37.438495,25.664866305030504,36.183039827281846
2020-09-04 10:35:37.493631,25.592778394800444,36.59096925908396
2020-09-04 10:36:37.560202,25.619858148786687,36.38392629191068
2020-09-04 10:37:37.593781,25.684713084998535,36.06274237956356
2020-09-04 10:38:37.680629,25.855883016085855,35.94578675425178
2020-09-04 10:39:37.759621,25.750595642095007,36.13414206611798
2020-09-04 10:40:37.827270,25.44694706459951,36.42989582741936
2020-09-04 10:41:37.935429,25.52322396551193,36.478889939620124
2020-09-04 10:42:38.019737,25.43027463390674,36.86185087759166
2020-09-04 10:43:38.057699,25.16206925855094,37.00991355564612
2020-09-04 10:44:38.167806,25.355479939913234,36.36202649578734
2020-09-04 10:45:38.235469,25.300291119033517,36.888191424933964
2020-09-04 10:46:38.307415,25.10286815432435,36.900802651126426
2020-09-04 10:47:38.355536,25.330078171260105,36.65109771490136
2020-09-04 10:48:38.437130,25.309092759135883,36.35040365375086
2020-09-04 10:49:38.515802,24.922699950056234,37.03072400768896
2020-09-04 10:50:38.599389,25.111130612108227,36.45368389513762
2020-09-04 10:51:38.682028,25.139315817529468,37.22871354095641
2020-09-04 10:52:38.764625,25.168979900131024,37.24752426674631
2020-09-04 10:53:38.876496,25.122628308167158,37.125624274973994
2020-09-04 10:54:38.947449,25.044709800658538,37.1500247907661
2020-09-04 10:55:39.038004,25.10452548779985,36.99328514347199
2020-09-04 10:56:39.142091,25.120495279650065,36.640614463273884
2020-09-04 10:57:39.196131,25.376465412960968,36.00936708408157
2020-09-04 10:58:39.253410,25.351317036132812,35.32100905199897
2020-09-04 10:59:39.308942,25.561463300019266,35.20288800648168
2020-09-04 11:00:39.347417,25.453091746717966,35.154698722040855
2020-09-04 11:01:39.460142,25.36002800154615,35.17896088446208
2020-09-04 11:02:39.548887,25.682621620036187,35.55809739494519
2020-09-04 11:03:39.651724,25.5785123256863,35.194486889670365
2020-09-04 11:04:39.693466,25.6375992263074,34.90804243065055
2020-09-04 11:05:39.776310,25.77832827266495,34.741564712442106
2020-09-04 11:06:39.862955,25.812943795091968,34.91795794823545
2020-09-04 11:07:39.971250,25.490087310484615,35.2187007761707
2020-09-04 11:08:40.066688,25.334514993818416,35.86324270995642
2020-09-04 11:09:40.145610,25.214170100162107,35.83880151265784
2020-09-04 11:10:40.230011,25.554767355974636,35.407202014058306
2020-09-04 11:11:40.335747,25.630755198475054,35.588452218332066
2020-09-04 11:12:40.401685,25.607937994467406,35.57106299532958
2020-09-04 11:13:40.480255,25.523513077689344,34.736686885312366
2020-09-04 11:14:40.565541,25.373130998707236,34.6786426417463
2020-09-04 11:15:40.647378,25.629188775037264,34.66325150267753
2020-09-04 11:16:40.710759,25.588630121834417,34.4137724529849
2020-09-04 11:17:40.786252,25.80453297572886,34.53986564048484
2020-09-04 11:18:40.866924,25.59958827499962,34.68122489745658
2020-09-04 11:19:40.936084,25.706454060282827,34.83617558068135
2020-09-04 11:20:41.036034,25.746811102929005,34.9325708342193
2020-09-04 11:21:41.109626,25.608173757263458,34.77952416064856
2020-09-04 11:22:41.189387,25.838168164307003,34.8195720922785
2020-09-04 11:23:41.256874,25.973795081463436,34.47723988407924
2020-09-04 11:24:41.363126,26.145905692509654,34.38933712592567
2020-09-04 11:25:41.445483,25.86379363689042,34.72640055763129
2020-09-04 11:26:41.527969,26.099041669344956,34.59684064022959
2020-09-04 11:27:41.616131,25.88103229153583,35.01723097543432
2020-09-04 11:28:41.695438,26.00284397618142,34.878084731683984
2020-09-04 11:29:41.768393,25.764035708190377,34.868423949484516
2020-09-04 11:30:41.845406,25.736115652363065,34.9359819190772
2020-09-04 11:31:41.923805,25.844399744913275,34.7363688179881
2020-09-04 11:32:41.981634,25.73825996859054,34.93706785006155
2020-09-04 11:33:42.057879,25.805233026766253,34.91087915776596
2020-09-04 11:34:42.111640,25.900038813494877,34.90856522593428
2020-09-04 11:35:42.185414,25.60654637451916,35.31683302249831
2020-09-04 11:36:42.297199,25.408647302273526,35.626798547641165
2020-09-04 11:37:42.367245,25.7134996379536,35.15651855847998
2020-09-04 11:38:42.445473,25.701062514751456,35.2469757248133
2020-09-04 11:39:42.535646,25.474866911644735,35.630072453766196
2020-09-04 11:40:42.625626,25.532676260190087,35.2005585586935
2020-09-04 11:41:42.716486,25.815902154922284,35.056163286710934
2020-09-04 11:42:42.789365,26.085501567480847,35.00377707526711
2020-09-04 11:43:42.865817,26.09951801793984,34.95993770649502
2020-09-04 11:44:42.965517,25.913403585127377,35.21803083091471
2020-09-04 11:45:43.053018,25.634702142484052,35.33596513403557
2020-09-04 11:46:43.120680,25.27009703389563,35.96382612545873
2020-09-04 11:47:43.198517,26.039590254643063,35.04611829075334
2020-09-04 11:48:43.279685,26.328209412650825,34.60525587561424
2020-09-04 11:49:43.375404,26.594011474357472,33.970590606392165
2020-09-04 11:50:43.465432,26.811797986151134,32.86965608805388
2020-09-04 11:51:43.508752,27.195225179641024,32.56882546860152
2020-09-04 11:52:43.581689,27.156736036589304,32.763089674521886
2020-09-04 11:53:43.646561,27.303035011851463,32.60727198499986
2020-09-04 11:54:43.706118,27.12778899551394,32.84565400992777
2020-09-04 11:55:43.785451,27.240048374077816,32.868172673527134
2020-09-04 11:56:43.872123,26.888613108747975,32.58513671370979
2020-09-04 11:57:43.936069,27.205430560278998,32.96981618803776
2020-09-04 11:58:44.020787,27.08399485587301,32.0462733901427
2020-09-04 11:59:44.076490,26.26930954975772,32.627319824964175
2020-09-04 12:00:44.149327,26.251682207711795,33.58032150397713
2020-09-04 12:01:44.225725,26.48221682424426,33.54129428253006
2020-09-04 12:02:44.309457,26.66173774032032,33.79966483394327
2020-09-04 12:03:44.385573,27.051422173337887,33.3185887418515
2020-09-04 12:04:44.476959,27.272895770827876,33.512822215481904
2020-09-04 12:05:44.555759,27.28791646588075,33.407891230850865
2020-09-04 12:06:44.661847,27.678793050803296,33.318115786628134
2020-09-04 12:07:44.746149,27.461510088321045,33.51324114470441
2020-09-04 12:08:44.835325,27.789749612085103,33.33397096832655
2020-09-04 12:09:44.918634,27.762932756047476,33.394547887895314
2020-09-04 12:10:44.954420,27.729997000684826,33.43762311959889
2020-09-04 12:11:45.037126,27.673518223033856,33.13800465568982
2020-09-04 12:12:45.057263,27.720370531069488,32.9364134287332
2020-09-04 12:13:45.139954,27.802000811033217,32.704648553675604
2020-09-04 12:14:45.208482,27.721762184039587,32.81465565095001
2020-09-04 12:15:45.290394,27.81878912447709,32.71581895739151
2020-09-04 12:16:45.354919,27.71387615073775,33.04607456913833
2020-09-04 12:17:45.440719,27.520233358312353,34.15305008126039
2020-09-04 12:18:45.516984,27.468004453502367,34.163940925160304
2020-09-04 12:19:45.594846,27.892356438283983,33.946345571544235
2020-09-04 12:20:45.678054,27.74494303966292,34.08092440963093
2020-09-04 12:21:45.723152,27.898488806139767,33.9386754775597
2020-09-04 12:22:45.806489,28.076996015564266,33.84548711572924
2020-09-04 12:23:45.885710,28.024678998919693,33.79611477318436
2020-09-04 12:24:45.995400,27.894804597245162,34.028553762215004
2020-09-04 12:25:46.085642,28.194461164630322,33.82404672631647
2020-09-04 12:26:46.136393,28.097959405891668,34.08194933783017
2020-09-04 12:27:46.219304,28.203274998911056,34.000508460936494
2020-09-04 12:28:46.298459,28.25940522060785,33.896165936510954
2020-09-04 12:29:46.387884,28.043322983810285,34.27005255709492
2020-09-04 12:30:46.449307,28.15735028995117,34.17774568010332
2020-09-04 12:31:46.481176,28.08547506798831,34.31728979467663
2020-09-04 12:32:46.555475,28.20141945480269,34.33542545607516
2020-09-04 12:33:46.645464,27.710151727849553,35.13379773717362
2020-09-04 12:34:46.720985,27.921594553240098,34.888317681747985
2020-09-04 12:35:46.741316,27.87854176286435,35.00998037265071
2020-09-04 12:36:46.816076,28.100729232884998,35.00171123049662
2020-09-04 12:37:46.872751,28.005182344981954,35.239569593022566
2020-09-04 12:38:46.969037,27.72502275067849,35.53372665641262
2020-09-04 12:39:47.038288,28.13412897800482,35.238617156976304
2020-09-04 12:40:47.122633,27.959810130260124,35.41616421586938
2020-09-04 12:41:47.207558,27.947687512416277,35.28154617134649
2020-09-04 12:42:47.285555,27.828455622415454,35.36887374337096
2020-09-04 12:43:47.388862,27.888310205625334,35.434399901513636
2020-09-04 12:44:47.465476,28.154076052067136,35.25662241695469
2020-09-04 12:45:47.546722,27.816831743073646,35.5345519458595
2020-09-04 12:46:47.581320,27.405844114255387,36.05551001225146
2020-09-04 12:47:47.650461,27.963432689002552,35.61125144541353
2020-09-04 12:48:47.756051,27.95416843737082,35.62894043991102
2020-09-04 12:49:47.846034,27.994976872291996,35.67776164288729
2020-09-04 12:50:47.955469,27.972375514865885,35.51736385461724
2020-09-04 12:51:48.025483,27.8666846741095,35.71346592677254
2020-09-04 12:52:48.111438,28.275279618238315,35.29513490862298
2020-09-04 12:53:48.197098,28.283615956051285,35.338317043340055
2020-09-04 12:54:48.278182,28.11950242955153,35.473066094163734
2020-09-04 12:55:48.368416,28.089752247962572,35.40570433869711
2020-09-04 12:56:48.445473,27.96295537424943,35.99508164935968
2020-09-04 12:57:48.527671,28.078039350595713,35.614640120443866
2020-09-04 12:58:48.616734,27.945341175542286,35.97034224951435
2020-09-04 12:59:48.699606,27.9292341474101,35.72478696092282
2020-09-04 13:00:48.736483,28.161074930779684,35.63189815587928
2020-09-04 13:01:48.817355,28.043888994688974,35.565290264097854
2020-09-04 13:02:48.896034,28.235747025060622,35.54034060170243
2020-09-04 13:03:48.981225,28.24041308056589,35.50245595994614
2020-09-04 13:04:49.077872,28.17499151361227,35.619557455918454
2020-09-04 13:05:49.159904,28.02755087362905,35.97435986166875
2020-09-04 13:06:49.190167,27.35694667215128,37.284775068057016
2020-09-04 13:07:49.267832,26.75591790194723,38.55443004958623
2020-09-04 13:08:49.338899,27.40024766161929,37.73635980546177
2020-09-04 13:09:49.417161,26.795710795545492,39.033770342935256
2020-09-04 13:10:49.495481,27.15405389269489,37.71243733228728
2020-09-04 13:11:49.566065,27.579897626490208,37.18024576795146
2020-09-04 13:12:49.667244,27.535629824231567,37.07002757824516
2020-09-04 13:13:49.755570,27.587584745314317,36.80821580070348
2020-09-04 13:14:49.853585,27.6712872434981,36.34329440498552
2020-09-04 13:15:49.936251,28.056673605675478,35.95689673963589
2020-09-04 13:16:50.017506,28.00424112813583,36.1527605731365
2020-09-04 13:17:50.096672,28.099364569304957,36.217426903871164
2020-09-04 13:18:50.175473,27.887819457033363,36.43322628382889
2020-09-04 13:19:50.253222,27.16034890782492,37.492646379982205
2020-09-04 13:20:50.329315,27.527381521512552,37.251464727863564
2020-09-04 13:21:50.404469,27.10421922162282,37.754213840847875
2020-09-04 13:22:50.445468,27.55928786609882,37.14879072208726
2020-09-04 13:23:50.530416,27.45129143650836,37.143323630718264
2020-09-04 13:24:50.593650,27.871570100110006,36.63463606914143
2020-09-04 13:25:50.646076,27.641033015784423,36.70942689592989
2020-09-04 13:26:50.725444,28.03452267770624,35.973666453953165
2020-09-04 13:27:50.805513,26.824322753633567,38.24273674950816
2020-09-04 13:28:50.897974,26.90741959098678,38.18797182370729
2020-09-04 13:29:50.995643,27.394896763966944,37.30913039978761
2020-09-04 13:30:51.034440,27.651225158052785,36.910449303377284
2020-09-04 13:31:51.115702,27.823816775462323,36.603615840093006
2020-09-04 13:32:51.208362,28.15548121664306,36.138298457854695
2020-09-04 13:33:51.308510,27.27263463533151,37.27807698483414
2020-09-04 13:34:51.385517,27.702279043803046,36.69608754905138
2020-09-04 13:35:51.476962,27.96620256790403,36.42687518698117
2020-09-04 13:36:51.533233,28.123486625976994,36.046786835725584
2020-09-04 13:37:51.607437,27.597790178661803,36.905347232703846
2020-09-04 13:38:51.685776,28.06178983602661,35.95622385759001
2020-09-04 13:39:51.769317,28.20746354596913,35.77133432972114
2020-09-04 13:40:51.850910,28.16108850633056,35.826031592867146
2020-09-04 13:41:51.927221,28.401832022163962,35.397617038398295
2020-09-04 13:42:51.995799,28.117107948145573,35.83211271548601
2020-09-04 13:43:52.036665,28.293282527360603,35.62421707850789
2020-09-04 13:44:52.115609,28.117960671084568,35.70417605563619
2020-09-04 13:45:52.205411,28.30079338544907,35.58097217902714
2020-09-04 13:46:52.288024,28.29468781692005,35.52614370900863
2020-09-04 13:47:52.355749,28.27399029531464,35.59837591101394
2020-09-04 13:48:52.440051,28.347386922359266,35.38921465471063
2020-09-04 13:49:52.500582,28.337542826021675,35.45754437372689
2020-09-04 13:50:52.579022,28.341526736172323,35.623634303010604
2020-09-04 13:51:52.656469,28.20014361504292,35.75200050786946
2020-09-04 13:52:52.693611,27.93619243152296,36.14454975943852
2020-09-04 13:53:52.797677,27.926812674930883,36.516816968562246
2020-09-04 13:54:52.895672,27.978842898288185,36.34602653028402
2020-09-04 13:55:52.970652,28.27158216386526,35.927702727871086
2020-09-04 13:56:53.055730,28.462123659512926,35.89071476469231
2020-09-04 13:57:53.146735,28.235644862729565,36.44820840063852
2020-09-04 13:58:53.210631,28.244199217620288,36.17820173051356
2020-09-04 13:59:53.297060,28.139374490530567,36.28832889946155
2020-09-04 14:00:53.378743,28.396817972026824,36.03645729024653
2020-09-04 14:01:53.456740,28.24840147646308,35.98215527365221
2020-09-04 14:02:53.535536,28.300793385449072,36.001033599893596
2020-09-04 14:03:53.601531,28.132040958468885,36.04445755385915
2020-09-04 14:04:53.677040,28.441467347148272,35.2911331671547
2020-09-04 14:05:53.748676,27.083344551069494,37.52976519017608
2020-09-04 14:06:53.828137,27.10588539297244,37.88894838115368
2020-09-04 14:07:53.887752,27.698002324811227,36.466135769469176
2020-09-04 14:08:53.939847,27.25034200860562,37.03634469997337
2020-09-04 14:09:54.018011,27.111814743707864,37.883645380619235
2020-09-04 14:10:54.101151,27.766091536634377,36.46645208967205
2020-09-04 14:11:54.185477,27.62376764895094,36.55866388739906
2020-09-04 14:12:54.212732,27.888269942401934,36.11148604631497
2020-09-04 14:13:54.306482,28.087290040544467,35.75576038346441
2020-09-04 14:14:54.390391,27.594542995237752,36.32193349825231
2020-09-04 14:15:54.471095,27.871495016609984,36.14198199751015
2020-09-04 14:16:54.558807,27.54073253878284,36.48053048471183
2020-09-04 14:17:54.584637,26.706295602075006,37.91769824140999
2020-09-04 14:18:54.695424,26.515139526359388,38.108456587381596
2020-09-04 14:19:54.767094,26.505398089853276,37.95701082633061
2020-09-04 14:20:54.845687,26.08605312874181,38.82644012139714
2020-09-04 14:21:54.930104,27.149288033690553,37.39259805200397
2020-09-04 14:22:55.003268,27.225478598336426,36.81980406259788
2020-09-04 14:23:55.100973,27.318620968308863,36.30013545159363
2020-09-04 14:24:55.147501,27.2453373323046,36.977913706992844
2020-09-04 14:25:55.239023,27.19474833729966,37.13119248864662
2020-09-04 14:26:55.320393,26.990767773585574,36.75483742273067
2020-09-04 14:27:55.399257,27.711339991358113,36.04819462121892
2020-09-04 14:28:55.444280,27.666908816344417,36.17525478852178
2020-09-04 14:29:55.513581,27.81407519739526,35.93474222532655
2020-09-04 14:30:55.595596,27.531105864819196,36.314902713825276
2020-09-04 14:31:55.679779,27.548733444739423,36.27823638577872
2020-09-04 14:32:55.767796,27.74261027852866,36.3076816125369
2020-09-04 14:33:55.834065,27.853765602366963,36.4411981223784
2020-09-04 14:34:55.916651,27.914247479086203,36.20242030338328
2020-09-04 14:35:56.000995,27.46762892414767,36.534498603072244
2020-09-04 14:36:56.076731,27.098712160853882,36.950547820769884
2020-09-04 14:37:56.155778,26.619550222405305,37.93053599968393
2020-09-04 14:38:56.237194,26.687841189660624,37.55311851374184
2020-09-04 14:39:56.327594,27.398872669035754,36.15949742172182
2020-09-04 14:40:56.429551,27.107277036301515,36.79018313937498
2020-09-04 14:41:56.535583,27.670619885170723,35.55509493908372
2020-09-04 14:42:56.645824,28.005080394704137,35.01569303684813
2020-09-04 14:43:56.729699,27.32847338103922,36.308027218598596
2020-09-04 14:44:56.779290,26.738767149342763,37.153191538968535
2020-09-04 14:45:56.837024,26.921497237217864,37.16511102634489
2020-09-04 14:46:56.925416,26.803798266409842,37.188566739975805
2020-09-04 14:47:56.983810,25.98413979584365,38.96893059946342
2020-09-04 14:48:57.060251,25.860273132567492,39.387414949214254
2020-09-04 14:49:57.130070,25.503916095095835,39.70853914348279
2020-09-04 14:50:57.225782,25.923897511163602,38.913140601927495
2020-09-04 14:51:57.317596,25.52702235661395,39.944523797618004
2020-09-04 14:52:57.420852,25.974762573209922,39.30837867122957
2020-09-04 14:53:57.484655,26.098428161314075,39.11894719342022
2020-09-04 14:54:57.568749,26.469730117112512,37.67667964890344
2020-09-04 14:55:57.647151,26.547610986609975,38.00516083885456
2020-09-04 14:56:57.738997,26.46411296222282,37.88461547989864
2020-09-04 14:57:57.815814,26.946222309194916,36.71940267674836
2020-09-04 14:58:57.914835,26.922201533339962,37.313500308297115
2020-09-04 14:59:57.985906,26.548463537365333,37.87172910617793
2020-09-04 15:00:58.090678,27.184092038033334,36.51156838577026
2020-09-04 15:01:58.181551,27.450650938762973,35.9107571408106
2020-09-04 15:02:58.269284,27.246542721234974,35.88271194915887
2020-09-04 15:03:58.355987,27.770907206927983,35.01205671465618
2020-09-04 15:04:58.446779,27.988959828130216,34.417522841392795
2020-09-04 15:05:58.472348,28.24780806539414,34.0181305296991
2020-09-04 15:06:58.567217,27.36549950608896,35.4596843869808
2020-09-04 15:07:58.636195,27.45594348985037,35.124859144087246
2020-09-04 15:08:58.706432,26.66917252473418,37.093692106404305
2020-09-04 15:09:58.768485,26.736460549401695,36.80083513734791
2020-09-04 15:10:58.788273,26.16723152863354,38.68054255526532
2020-09-04 15:11:58.850713,26.750389758626383,37.097476619222434
2020-09-04 15:12:58.890958,27.351089261465525,36.27297327819755
2020-09-04 15:13:58.966016,26.90347015659933,36.762229415750184
2020-09-04 15:14:59.030540,27.102651228796976,36.32212759557455
2020-09-04 15:15:59.106627,27.362049378013975,35.86923594049449
2020-09-04 15:16:59.185409,27.375126358857365,35.69841854768332
2020-09-04 15:17:59.221392,27.648932365122686,35.12173365400743
2020-09-04 15:18:59.296523,28.187475810783905,34.7206044091589
2020-09-04 15:19:59.379512,27.766308480011574,34.96746479340202
2020-09-04 15:20:59.458536,28.097972912324735,34.39774961407679
2020-09-04 15:21:59.499707,27.543065195279738,35.221600715189915
2020-09-04 15:22:59.596600,25.959439777227047,37.98476536125907
2020-09-04 15:23:59.665947,26.37241621787611,36.87624468435545
2020-09-04 15:24:59.775847,27.226971472037594,35.5432472770594
2020-09-04 15:25:59.855470,27.090038287659826,35.685100895418955
2020-09-04 15:26:59.937144,26.625681355421946,36.661958908157516
2020-09-04 15:28:00.016233,27.024255315153248,35.80681085736087
2020-09-04 15:29:00.040696,26.970634395232956,36.15197501058967
2020-09-04 15:30:00.145755,27.34349408492026,35.60816439619644
2020-09-04 15:31:00.218062,26.84956142646009,36.0682967220935
2020-09-04 15:32:00.316100,26.552025300862606,36.558573728268925
2020-09-04 15:33:00.406822,27.116391371131787,35.867502309213435
2020-09-04 15:34:00.485430,27.048638890901675,36.20339180929597
2020-09-04 15:35:00.541356,27.318908325618146,35.49907965688886
2020-09-04 15:36:00.615418,27.615983290211073,34.77009558754271
2020-09-04 15:37:00.705690,27.240237981229523,35.25521828338281
2020-09-04 15:38:00.727629,26.830153583985492,35.93502695983004
2020-09-04 15:39:00.798004,27.552329618047427,35.09447754857581
2020-09-04 15:40:00.890187,27.90496978682208,34.54185171404366
2020-09-04 15:41:00.957581,28.035144411328528,34.13357632410326
2020-09-04 15:42:01.078119,27.80718713154984,34.92335207865132
2020-09-04 15:43:01.205414,26.89775142986537,36.38319223078097
2020-09-04 15:44:01.268028,25.864890429351565,39.33544490074173
2020-09-04 15:45:01.313399,25.01545006933894,41.27846892064923
2020-09-04 15:46:01.385481,25.46540964569133,40.21368643880087
2020-09-04 15:47:01.475755,25.782055939165566,39.358985507923684
2020-09-04 15:48:01.566483,25.75356107725161,39.795346086690415
2020-09-04 15:49:01.622519,26.260697002604633,38.36751272839754
2020-09-04 15:50:01.694785,26.17328738020059,38.4701122181092
2020-09-04 15:51:01.791041,26.386206613894515,38.18388877158065
2020-09-04 15:52:01.865526,26.376640665227992,38.04393892993342
2020-09-04 15:53:01.962043,26.329613668349047,38.42659123113236
2020-09-04 15:54:01.994122,25.987916146406363,39.630452102348364
2020-09-04 15:55:02.075426,25.58776865689878,40.76799750503936
2020-09-04 15:56:02.178201,25.384406562780754,41.197849799921556
2020-09-04 15:57:02.200927,25.612477268389696,40.338101785783365
2020-09-04 15:58:02.245392,26.00307113700405,39.598285579929886
2020-09-04 15:59:02.280255,26.084862367261778,39.04528537968282
2020-09-04 16:00:02.324990,26.404297806560457,38.44421846968239
2020-09-04 16:01:02.438623,26.240812486838163,38.58979989084506
2020-09-04 16:02:02.484398,26.62991774316224,37.94496006505186
2020-09-04 16:03:02.518509,26.61014667668441,37.72011396175115
2020-09-04 16:04:02.606599,26.53462240154416,37.80523921239821
2020-09-04 16:05:02.686314,26.60458013930146,37.96263019464273
2020-09-04 16:06:02.755853,26.638531118119015,37.83468720215779
2020-09-04 16:07:02.827437,26.433635486664187,37.77968182968546
2020-09-04 16:08:02.906306,26.77351979707642,37.760801827370464
2020-09-04 16:09:02.995727,26.851000367777555,37.51708772640961
2020-09-04 16:10:03.071301,26.815745543906477,37.37789700604328
2020-09-04 16:11:03.145656,26.850347836140113,37.46983186756688
2020-09-04 16:12:03.238110,26.291926669259894,38.35893272685751
2020-09-04 16:13:03.315449,26.51653116020509,38.053897544355316
2020-09-04 16:14:03.395675,26.575920217455813,37.87113813582779
2020-09-04 16:15:03.478354,26.844054975041235,37.425688584799424
2020-09-04 16:16:03.557174,26.376026685422257,37.80478408769139
2020-09-04 16:17:03.635454,26.54115471477656,37.7796002112441
2020-09-04 16:18:03.715894,26.82735531453456,37.55928589854789
2020-09-04 16:19:03.798078,26.590313140734963,37.81601362006508
2020-09-04 16:20:03.847814,26.580107812156214,37.62814210266798
2020-09-04 16:21:03.937184,26.705529859485605,37.8897925010612
2020-09-04 16:22:04.020656,26.729187647173724,37.88353677246888
2020-09-04 16:23:04.067980,26.506150205175086,38.230419886609724
2020-09-04 16:24:04.145657,26.436480809802795,38.44333704037035
2020-09-04 16:25:04.227582,26.405576583198823,38.61861534659632
2020-09-04 16:26:04.325636,26.39018085658891,38.4251756991938
2020-09-04 16:27:04.418423,26.49890379925153,38.1691902795717
2020-09-04 16:28:04.487016,26.63873142318661,38.06004662162207
2020-09-04 16:29:04.575409,26.639922753275147,37.901362294373165
2020-09-04 16:30:04.668420,26.481301372515546,38.249800411032915
2020-09-04 16:31:04.699014,26.706081603131206,37.49536000341128
2020-09-04 16:32:04.775428,26.591228203902336,37.495119157268796
2020-09-04 16:33:04.855413,26.784201762167026,37.323595084895324
2020-09-04 16:34:04.936014,26.541580571955024,37.496024613921904
2020-09-04 16:35:05.012311,26.599101461503487,37.45307993668181
2020-09-04 16:36:05.117155,26.576483991393182,37.44879017736342
2020-09-04 16:37:05.196315,26.448090506867093,38.100053859926305
2020-09-04 16:38:05.264826,26.430826526694517,37.946924088365854
2020-09-04 16:39:05.345520,26.351152812229753,38.08222409226252
2020-09-04 16:40:05.435920,26.357070101543297,37.92328437525753
2020-09-04 16:41:05.483591,25.879553030903587,38.458452922942165
2020-09-04 16:42:05.565845,26.39964656299117,37.624087964910004
2020-09-04 16:43:05.685426,26.685884919339482,37.11729312215538
2020-09-04 16:44:05.755573,26.713316212408763,37.15401239749433
2020-09-04 16:45:05.826667,26.916171085083477,36.512322768749144
2020-09-04 16:46:05.905469,27.10874382760609,36.310585782303804
2020-09-04 16:47:05.978040,26.815045147976075,36.665114901589725
2020-09-04 16:48:06.086700,26.625406260571346,36.87896606227256
2020-09-04 16:49:06.182149,26.927115156347867,36.64721376446608
2020-09-04 16:50:06.215381,26.742942063146685,36.84983317729305
2020-09-04 16:51:06.325427,26.700051185274074,37.537852493184204
2020-09-04 16:52:06.435675,26.507717479431903,37.52056923889859
2020-09-04 16:53:06.526367,26.761961116603306,37.037712639602155
2020-09-04 16:54:06.567553,26.85239200575653,37.08033185286396
2020-09-04 16:55:06.596078,26.601332992603947,37.7141264633049
2020-09-04 16:56:06.675695,26.6651724668166,37.86587713634436
2020-09-04 16:57:06.765471,26.469967757400703,37.99437184738329
2020-09-04 16:58:06.847536,26.28888023597844,38.39628133181547
2020-09-04 16:59:06.936559,26.254816514627695,38.359207597361134
2020-09-04 17:00:07.010929,26.45669091818551,37.8180078095702
2020-09-04 17:01:07.099263,26.39179854547224,37.72584318525794
2020-09-04 17:02:07.180508,26.650529458182614,37.41568871445047
2020-09-04 17:03:07.255413,26.486041062860565,37.40376025054104
2020-09-04 17:04:07.342794,26.731357875168325,36.81301997445197
2020-09-04 17:05:07.371607,26.938248280653934,36.70779288530206
2020-09-04 17:06:07.436951,26.807885183890807,36.818857644433784
2020-09-04 17:07:07.513292,26.78889178128376,36.84832989345295
2020-09-04 17:08:07.602954,26.759291493174544,36.82997877192745
2020-09-04 17:09:07.678632,26.805679492560287,36.64745472581994
2020-09-04 17:10:07.760378,26.736185526408,36.69019076392294
2020-09-04 17:11:07.807567,26.7496380467299,36.702192286689574
2020-09-04 17:12:07.885554,27.171769558428302,36.1816946199828
2020-09-04 17:13:07.978489,27.341638555755395,35.82086090994893
2020-09-04 17:14:08.061761,27.36872029016635,35.67366100940232
2020-09-04 17:15:08.145433,26.968952450015998,36.47029935921698
2020-09-04 17:16:08.218606,26.675666829060958,36.92986897239967
2020-09-04 17:17:08.301474,26.667291581015938,37.07045929457386
2020-09-04 17:18:08.375631,26.557377764996414,37.028041335441074
2020-09-04 17:19:08.446316,26.694221986053847,36.905426765033035
2020-09-04 17:20:08.515677,26.788827800376264,36.89947861037116
2020-09-04 17:21:08.558804,26.729451312712627,37.06380653856442
2020-09-04 17:22:08.626827,26.58195063614551,37.185971894515085
2020-09-04 17:23:08.707917,26.665899945569144,36.95525311176285
2020-09-04 17:24:08.757700,26.622295375722803,37.246726439428535
2020-09-04 17:25:08.840727,26.630181307492574,37.10719229062418
2020-09-04 17:26:08.911950,26.69466041447303,37.0216853932036
2020-09-04 17:27:08.973022,26.663129376289316,37.05786504929694
2020-09-04 17:28:09.047008,26.66203992388014,36.715301373211254
2020-09-04 17:29:09.139612,27.145602893720447,36.18353871277151
2020-09-04 17:30:09.206536,27.20524417067443,35.464637641228734
2020-09-04 17:31:09.281159,26.711136009488648,36.277764660373926
2020-09-04 17:32:09.358265,27.062558066836733,35.895948163823284
2020-09-04 17:33:09.435429,26.682927362501474,36.496079225696015
2020-09-04 17:34:09.461261,27.08494859579743,36.07930821177413
2020-09-04 17:35:09.565446,26.590439314086154,36.63144082683215
2020-09-04 17:36:09.623428,26.95400732324517,36.392577191456915
2020-09-04 17:37:09.699030,26.887309513582668,36.42866656291843
2020-09-04 17:38:09.789569,26.686374372502147,36.97674729830711
2020-09-04 17:39:09.847075,26.97777911375626,36.390725454853424
2020-09-04 17:40:09.925994,27.427280268668994,35.91800502509154
2020-09-04 17:41:10.000171,27.714777240162434,35.37767572263
2020-09-04 17:42:10.029674,27.788446375046597,35.24351898885105
2020-09-04 17:43:10.081492,28.100176811947286,34.691940152131984
2020-09-04 17:44:10.122076,27.89941657566833,35.22253184236107
2020-09-04 17:45:10.195651,27.352033695136242,35.648916678762674
2020-09-04 17:46:10.279667,27.75282907162477,35.11500798910812
2020-09-04 17:47:10.355931,27.88041071950968,34.863237223196485
2020-09-04 17:48:10.446002,27.79459204343368,35.00429203576387
2020-09-04 17:49:10.517675,27.860914145752872,34.95545359518341
2020-09-04 17:50:10.559875,27.304616228128047,35.8329276908819
2020-09-04 17:51:10.638393,27.39704355828283,35.79363994363635
2020-09-04 17:52:10.715450,27.120265708085633,36.456101044968065
2020-09-04 17:53:10.808689,26.807986027472484,37.024201317121225
2020-09-04 17:54:10.909360,26.712413999009307,37.055960675262526
2020-09-04 17:55:11.005425,26.641365289524664,37.153604331833286
2020-09-04 17:56:11.045378,26.692855885086143,37.03786326564948
2020-09-04 17:57:11.119573,26.64552744237927,36.93570976559063
2020-09-04 17:58:11.209395,26.656209423106354,36.64389960874184
2020-09-04 17:59:11.235907,26.85565196275634,36.400246392494296
2020-09-04 18:00:11.317295,26.426765211786453,36.9607100248502
2020-09-04 18:01:11.425557,26.685859432541662,36.97274156963186
2020-09-04 18:02:11.505805,26.734605031475663,36.61276653646694
2020-09-04 18:03:11.607110,27.04906413008253,36.46608825806993
2020-09-04 18:04:11.696838,26.469228240373926,37.44769529671435
2020-09-04 18:05:11.762900,26.379336187780314,38.20775046671197
2020-09-04 18:06:11.816082,26.058534885602658,38.756055692813476
2020-09-04 18:07:11.866614,26.257161286264264,38.766528475316214
2020-09-04 18:08:11.962249,26.29751851220811,38.875248278603465
2020-09-04 18:09:12.010239,26.229127867406802,38.85665353019623
2020-09-04 18:10:12.085595,26.031367488219594,39.62838108232815
2020-09-04 18:11:12.166481,25.81981438361577,39.54362742774176
2020-09-04 18:12:12.268649,25.97927394520457,38.851662767347676
2020-09-04 18:13:12.363933,26.520254827270595,37.74429555401141
2020-09-04 18:14:12.438607,26.631147194971636,37.68182035286847
2020-09-04 18:15:12.529819,26.52812810949404,38.09623275513519
2020-09-04 18:16:12.608039,26.422414514517747,37.91958337150692
2020-09-04 18:17:12.686536,26.689608729813354,37.38365704560448
2020-09-04 18:18:12.757952,26.928493922092766,37.10898757131371
2020-09-04 18:19:12.835575,26.59634356254145,37.87659383397409
2020-09-04 18:20:12.926139,26.52627259753884,38.38707873285657
2020-09-04 18:21:13.016328,26.566454307000836,38.44206209433218
2020-09-04 18:22:13.109041,26.307786248508023,38.60687432890473
2020-09-04 18:23:13.177535,26.20481806288399,38.6738564907775
2020-09-04 18:24:13.230319,26.335631452431702,38.40635579701231
2020-09-04 18:25:13.306023,26.156562364634446,38.19000302637776
2020-09-04 18:26:13.386788,26.3063193952224,38.213022004362834
2020-09-04 18:27:13.465553,26.376753678649134,38.75391033268841
2020-09-04 18:28:13.545461,26.306996950208962,38.8942234921398
2020-09-04 18:29:13.626560,26.179431169157354,39.02215824008296
2020-09-04 18:30:13.707372,25.871770370468468,39.732597443156635
2020-09-04 18:31:13.775072,25.979501049422524,39.31383154186345
2020-09-04 18:32:13.877858,25.657108575458764,39.829663835976284
2020-09-04 18:33:13.959253,26.144640523150954,39.11921005203464
2020-09-04 18:34:14.046460,25.90936850938594,39.64717732314887
2020-09-04 18:35:14.157279,25.877825065658676,39.9799753586828
2020-09-04 18:36:14.187018,25.86648083352837,40.48896692959356
2020-09-04 18:37:14.269792,25.738150671738776,40.573939237874974
2020-09-04 18:38:14.339769,25.500009597516886,40.96776481312509
2020-09-04 18:39:14.369248,25.603552296205162,40.731506470694015
2020-09-04 18:40:14.456189,25.897395264945224,39.9070904850177
2020-09-04 18:41:14.529122,25.934391484101084,39.52484562371363
2020-09-04 18:42:14.605681,26.235735342649395,39.081777197672864
2020-09-04 18:43:14.645518,26.089212577676072,38.82671518734285
2020-09-04 18:44:14.727028,26.851928126428565,37.52314503212775
2020-09-04 18:45:14.795569,26.187780925573364,38.99184286386839
2020-09-04 18:46:14.844827,26.18294113306916,38.96680920340758
2020-09-04 18:47:14.891141,25.982345822214654,39.08830189372162
2020-09-04 18:48:14.954131,26.010003147795587,39.270249444476285
2020-09-04 18:49:15.036676,26.306507544764393,38.644470491948944
2020-09-04 18:50:15.105414,26.319421609826005,39.1489986220329
2020-09-04 18:51:15.199210,25.770206314794603,39.907929398083446
2020-09-04 18:52:15.227067,25.971238831417832,39.567728180473935
2020-09-04 18:53:15.305400,25.907964695213344,40.088936397330855
2020-09-04 18:54:15.395419,25.31204271396034,41.56021767284075
2020-09-04 18:55:15.487776,24.991235820048008,42.33922875716539
2020-09-04 18:56:15.585413,24.82478907239586,43.267395796626545
2020-09-04 18:57:15.690729,24.69000012314903,43.30357792944346
2020-09-04 18:58:15.761128,24.79234116533588,43.460210350945175
2020-09-04 18:59:15.792960,24.887973282793602,43.37594271345902
2020-09-04 19:00:15.865889,24.74139117600841,43.59266516173603
2020-09-04 19:01:15.945381,24.551488839629688,43.532485664649094
2020-09-04 19:02:16.007867,24.948455618158146,42.44762345691505
2020-09-04 19:03:16.066139,25.426377040374405,41.03379960934621
2020-09-04 19:04:16.145430,25.462080082131912,40.482834390577935
2020-09-04 19:05:16.226604,25.75275400066829,40.27040194836537
2020-09-04 19:06:16.314069,25.787343158782832,40.057976704532784
2020-09-04 19:07:16.387653,25.97253069422471,40.49363417030306
2020-09-04 19:08:16.462292,25.633128889130926,41.372186910293976
2020-09-04 19:09:16.535801,25.182448686387087,42.200214488869
2020-09-04 19:10:16.629221,25.374034816822174,41.251421703300416
2020-09-04 19:11:16.705619,25.614694478219757,40.337122671881275
2020-09-04 19:12:16.759138,25.698830636363983,40.01584532513967
2020-09-04 19:13:16.807252,26.000236017825348,39.28714655351189
2020-09-04 19:14:16.909571,25.618002649692748,39.81565683271543
2020-09-04 19:15:16.986484,25.850981536751505,39.77917508436284
2020-09-04 19:16:17.056267,25.55391490288082,40.67611003698086
2020-09-04 19:17:17.141814,25.72872001330919,40.94145166397268
2020-09-04 19:18:17.194793,26.114751404375298,39.85694574072184
2020-09-04 19:19:17.277869,25.878000037430127,40.953196822320294
2020-09-04 19:20:17.355504,25.198307345969333,43.15929589283247
2020-09-04 19:21:17.437053,25.264918757559247,43.45477207280324
2020-09-04 19:22:17.494819,24.55077594655793,44.69461919243843
2020-09-04 19:23:17.530747,24.83918539207182,43.954741474713046
2020-09-04 19:24:17.574333,24.86730749416566,44.06310821545997
2020-09-04 19:25:17.659956,24.448238736759784,45.00699351261704
2020-09-04 19:26:17.736828,24.801120487070364,44.76066983534748
2020-09-04 19:27:17.765913,24.686568084300216,44.760646714286324
2020-09-04 19:28:17.827581,24.159043801499674,45.93110432872642
2020-09-04 19:29:17.915413,24.406856693007384,45.26525083101225
2020-09-04 19:30:17.954600,24.56084894912589,45.15129348449191
2020-09-04 19:31:18.024377,24.192064736958937,45.522608177429895
2020-09-04 19:32:18.105527,24.577099833565565,44.002509114259524
2020-09-04 19:33:18.196765,24.8942699131501,43.267780456345996
2020-09-04 19:34:18.296111,25.000896309876058,42.64054390063105
2020-09-04 19:35:18.385777,25.458935399162073,41.661802675067364
2020-09-04 19:36:18.466071,25.63556880153369,40.94765790751961
2020-09-04 19:37:18.499721,26.035805001384517,40.3294695365385
2020-09-04 19:38:18.587119,25.78824480094541,40.2747433893831
2020-09-04 19:39:18.617340,25.829932104908433,40.59022104653056
2020-09-04 19:40:18.694032,25.602896140639857,40.711517028788165
2020-09-04 19:41:18.761748,25.662447094137192,40.5416229785337
2020-09-04 19:42:18.860120,25.377305849743518,41.62562273275947
2020-09-04 19:43:18.935434,25.69134780346313,41.068938022744696
2020-09-04 19:44:19.027596,25.73678083899147,40.548078797594044
2020-09-04 19:45:19.136018,25.881772443645072,40.19606767826787
2020-09-04 19:46:19.216841,26.1697516937735,39.99521501342962
2020-09-04 19:47:19.300628,25.57534338753426,41.84298619743828
2020-09-04 19:48:19.377386,25.735039345391577,41.062620849576064
2020-09-04 19:49:19.456390,25.357970768332475,41.02065674883398
2020-09-04 19:50:19.534976,25.904514696238486,40.01418296751602
2020-09-04 19:51:19.615340,26.28598402135463,39.243042192141225
2020-09-04 19:52:19.696172,26.329137167600447,39.09101213818579
2020-09-04 19:53:19.778940,25.950651058338956,39.534437033575294
2020-09-04 19:54:19.814712,26.41031575112484,39.229844032386815
2020-09-04 19:55:19.916107,26.229127867406802,39.69223043664437
2020-09-04 19:56:20.005650,25.704222154997048,40.41535355262447
2020-09-04 19:57:20.085496,25.577662749951838,41.28121558801964
2020-09-04 19:58:20.185891,25.63659866601055,41.14178403144394
2020-09-04 19:59:20.249777,25.548351489622082,41.33577695446132
2020-09-04 20:00:20.327212,25.30332814040601,42.012742259150066
2020-09-04 20:01:20.415545,25.567005692429163,41.26297575184885
2020-09-04 20:02:20.507049,25.747100063927427,40.711965154813655
2020-09-04 20:03:20.595600,25.800795522380227,40.34219281071099
2020-09-04 20:04:20.665423,25.736579527237538,40.28745779560754
2020-09-04 20:05:20.761925,26.169777379956365,40.099159006726694
2020-09-04 20:06:20.871948,25.888481987211886,40.820629574485906
2020-09-04 20:07:20.958298,25.7869057703421,40.82079769215504
2020-09-04 20:08:21.045613,25.945174331009966,40.62657588447379
2020-09-04 20:09:21.138520,25.99201342133086,40.596363678466865
2020-09-04 20:10:21.215443,26.12199821578999,40.35348958046591
2020-09-04 20:11:21.276601,26.106602760754434,40.53522230069819
2020-09-04 20:12:21.337494,26.03331051800349,40.75324954327235
2020-09-04 20:13:21.415655,25.683449854846756,41.570685944560395
2020-09-04 20:14:21.505568,25.534974513529765,42.11490770975538
2020-09-04 20:15:21.607970,25.366148993814836,42.290094416577105
2020-09-04 20:16:21.696163,25.387023232221754,42.15723338045379
2020-09-04 20:17:21.750072,25.556812521596193,41.82470024792886
2020-09-04 20:18:21.815333,25.708974995995202,41.54633082916021
2020-09-04 20:19:21.869922,24.806621898733265,43.55721571523456
2020-09-04 20:20:21.955404,24.1014628487675,45.391549456145036
2020-09-04 20:21:21.999647,24.717187978384562,44.71364917925573
2020-09-04 20:22:22.081042,24.9463391076754,44.43706980739711
2020-09-04 20:23:22.157945,25.160908052483105,43.56343264071228
2020-09-04 20:24:22.210655,24.900775763289484,44.42543798383266
2020-09-04 20:25:22.279124,25.33124759396745,44.04633580264139
2020-09-04 20:26:22.355978,25.550794221529852,43.11115642075369
2020-09-04 20:27:22.438596,25.626466245734843,42.657975753913675
2020-09-04 20:28:22.515628,25.237823423350225,43.60568285172378
2020-09-04 20:29:22.606788,24.737876768351036,44.81569696810424
2020-09-04 20:30:22.689615,24.518188638591358,45.044293504819365
2020-09-04 20:31:22.733869,24.40452613911065,45.848552006024285
2020-09-04 20:32:22.818524,24.45361286651025,45.441051279043
2020-09-04 20:33:22.895581,24.850202314886783,44.38903870361729
2020-09-04 20:34:22.953080,25.214914966737368,43.485213820395224
2020-09-04 20:35:23.056699,25.365709041637828,42.79115073644065
2020-09-04 20:36:23.125704,25.493999948771318,42.68231583295834
2020-09-04 20:37:23.190235,25.423840804516626,42.12034916875025
2020-09-04 20:38:23.267544,26.642706023631757,40.131570032686156
2020-09-04 20:39:23.294240,25.951817646148793,41.030703555900345
2020-09-04 20:40:23.329330,25.61040562190291,41.78753324245701
2020-09-04 20:41:23.406912,25.37252568349338,41.96317724960287
2020-09-04 20:42:23.449596,25.61805581783569,42.41049433409846
2020-09-04 20:43:23.530328,26.199540666425115,41.28485905474539
2020-09-04 20:44:23.618212,26.4964338328589,40.72699751418165
2020-09-04 20:45:23.702099,26.81259786888602,39.94985214948238
2020-09-04 20:46:23.778653,27.03351634215458,39.810272085109155
2020-09-04 20:47:23.801423,26.90251439947299,40.24171297975103
2020-09-04 20:48:23.847149,25.978813485819078,41.97535138428885
2020-09-04 20:49:23.882622,26.032846643179923,41.40637424733861
2020-09-04 20:50:23.982288,26.532816955342394,40.84235472155457
2020-09-04 20:51:24.055881,26.532791734032205,40.411682927498056
2020-09-04 20:52:24.126724,26.777167413647113,40.09585712353135
2020-09-04 20:53:24.227162,26.874393484415506,40.150584729473984
2020-09-04 20:54:24.325384,25.347122612966146,43.23171502707062
2020-09-04 20:55:24.380059,24.626269827602393,44.58690798097247
2020-09-04 20:56:24.456148,24.36836706692909,45.662388375813904
2020-09-04 20:57:24.542685,24.018406475791693,46.87364801749978
2020-09-04 20:58:24.615539,23.70677677915831,47.424446355451245
2020-09-04 20:59:24.706703,24.059399503511315,46.68215833809115
2020-09-04 21:00:24.762030,24.0853759022823,46.6342331471556
2020-09-04 21:01:24.838983,24.154491702663304,46.49639056151232
2020-09-04 21:02:24.915906,24.145214411903194,46.532403519783614
2020-09-04 21:03:25.017554,23.73489965375081,47.550095780108556
2020-09-04 21:04:25.054185,23.76579489998862,47.7773773120601
2020-09-04 21:05:25.125815,24.121104546688493,46.5806618441554
2020-09-04 21:06:25.206162,24.343502964395416,45.68696781795958
2020-09-04 21:07:25.269407,24.74687555148627,44.59324474996011
2020-09-04 21:08:25.357786,24.28791445435776,45.73481653271387
2020-09-04 21:09:25.449325,24.1456782764256,46.68267731402881
2020-09-04 21:10:25.525555,24.382822346472146,46.02937439420727
2020-09-04 21:11:25.579008,24.13222620594256,46.766743688906736
2020-09-04 21:12:25.670709,24.27419113409026,46.43754761622545
2020-09-04 21:13:25.770192,23.88194417950601,47.75537044447134
2020-09-04 21:14:25.847451,23.86634568368751,47.64782979065748
2020-09-04 21:15:25.957205,23.59721886048304,48.28767999485619
2020-09-04 21:16:25.995585,23.963379645611383,47.43262551022007
2020-09-04 21:17:26.069824,24.039830701537557,47.354750672816344
2020-09-04 21:18:26.155528,24.062841848497474,46.88173501289325
2020-09-04 21:19:26.200038,24.197192671474166,46.018087942753326
2020-09-04 21:20:26.277217,24.80309058465629,44.93090826694115
2020-09-04 21:21:26.311071,25.047834313132203,44.0700887441294
2020-09-04 21:22:26.386185,25.84858883224726,42.37405538201981
2020-09-04 21:23:26.465771,25.893684270251832,42.10795447838312
2020-09-04 21:24:26.543049,26.307259913436056,41.20560379340214
2020-09-04 21:25:26.626738,26.069856833268062,42.01111051786724
2020-09-04 21:26:26.708537,24.995132383168325,44.29262298628345
2020-09-04 21:27:26.761404,25.02415344687556,44.075899085202664
2020-09-04 21:28:26.845949,24.811904090986243,44.58750127789794
2020-09-04 21:29:26.916588,24.8147742696047,44.69006073765341
2020-09-04 21:30:27.012010,25.063240975171734,43.732478381087375
2020-09-04 21:31:27.088258,25.0595232141245,44.59404375526981
2020-09-04 21:32:27.175427,24.66624937822073,45.153347398556626
2020-09-04 21:33:27.278691,24.63989579693798,45.20159574671779
2020-09-04 21:34:27.321716,24.544165225236664,45.423730774001555
2020-09-04 21:35:27.395464,25.40017817616112,43.804920397600476
2020-09-04 21:36:27.475414,25.122592823137126,43.847030172271865
2020-09-04 21:37:27.555447,25.530371775153068,42.85753311575418
2020-09-04 21:38:27.627030,25.985242620019353,41.811405836328575
2020-09-04 21:39:27.705438,25.77901991606835,42.476792505655496
2020-09-04 21:40:27.741928,25.455787634318725,42.96018674637843
2020-09-04 21:41:27.817271,25.17597351327852,43.54560620496454
2020-09-04 21:42:27.895446,25.878551420607227,41.99902805445953
2020-09-04 21:43:27.976159,26.349823547353918,40.8720000361933
2020-09-04 21:44:28.048455,25.971125207924068,41.678111836359136
2020-09-04 21:45:28.123806,25.62333322177875,42.633933398308265
2020-09-04 21:46:28.211757,25.422642176535476,43.34651716783215
2020-09-04 21:47:28.276178,25.306575237537075,43.82905632517612
2020-09-04 21:48:28.349218,25.447580223824964,43.69642754345968
2020-09-04 21:49:28.372331,25.131335961282065,44.53383647134704
2020-09-04 21:50:28.445423,24.56465790453973,45.96407801103204
2020-09-04 21:51:28.543161,24.306114566431443,45.934156610883576
2020-09-04 21:52:28.615413,24.272433520143696,46.462139426093515
2020-09-04 21:53:28.696847,24.72385598943478,45.0271908312785
2020-09-04 21:54:28.775806,25.082050121813477,44.35930504734779
2020-09-04 21:55:28.873448,25.059894945508084,44.18469357504102
2020-09-04 21:56:28.958165,24.683412504749274,45.18352285010711
2020-09-04 21:57:29.038817,25.235416962241302,44.323263432091814
2020-09-04 21:58:29.118971,24.67952776349405,45.46021580020404
2020-09-04 21:59:29.208227,24.45139172515029,45.6701898440343
2020-09-04 22:00:29.249924,24.283373788857038,46.25869309210483
2020-09-04 22:01:29.329853,24.72979934445348,45.11140005162022
2020-09-04 22:02:29.386809,25.002467279391215,44.877147177885874
2020-09-04 22:03:29.465603,25.13864227901525,44.27500870156226
2020-09-04 22:04:29.522045,25.144406562780755,43.955710948076465
2020-09-04 22:05:29.599500,25.345385959206002,43.18963032610376
2020-09-04 22:06:29.678255,25.38007710725378,43.334495990202676
2020-09-04 22:07:29.771363,25.544287956826487,42.972265575425226
2020-09-04 22:08:29.805644,25.779947663605338,42.41032657246422
2020-09-04 22:09:29.842454,25.686696967565048,42.71855499449573
2020-09-04 22:10:29.863056,25.537860726725754,43.648158816205274
2020-09-04 22:11:29.946399,25.06685300315297,44.00377945877186
2020-09-04 22:12:30.027171,25.10452548779985,43.86524358308583
2020-09-04 22:13:30.092440,25.025283898836935,44.485574245648216
2020-09-04 22:14:30.168117,24.781857344949376,45.357691380148864
2020-09-04 22:15:30.235580,24.47997787420701,45.7361418349419
2020-09-04 22:16:30.317403,24.66430700545833,45.291706293973
2020-09-04 22:17:30.339304,24.68036862446189,45.502194147490926
2020-09-04 22:18:30.414475,24.400901876322784,46.4863187949295
2020-09-04 22:19:30.495405,24.251439430403764,46.99590468654257
2020-09-04 22:20:30.522943,24.437460602865265,46.570472642371776
2020-09-04 22:21:30.584566,24.644797454034013,46.36682451116821
2020-09-04 22:22:30.669578,24.553427090427434,46.38466472188373
2020-09-04 22:23:30.746562,24.408798839318234,46.49267817885149
2020-09-04 22:24:30.765622,24.227449769599286,46.62456645912258
2020-09-04 22:25:30.845759,24.345822295883224,46.31269861507194
2020-09-04 22:26:30.921296,24.303523770627933,46.510730588708896
2020-09-04 22:27:30.995412,24.57012627309014,46.360693148329105
2020-09-04 22:28:31.068104,24.4476807865131,45.79658704292869
2020-09-04 22:29:31.139966,24.720608909166884,45.05730146174908
2020-09-04 22:30:31.210364,24.79259553604275,44.8046114961808
2020-09-04 22:31:31.292456,25.130977991011868,43.82914873993516
2020-09-04 22:32:31.336009,25.270226703760798,43.44311104688304
2020-09-04 22:33:31.403622,25.335810972574446,43.76882547144693
2020-09-04 22:34:31.486623,25.080194641663304,44.40150493787058
2020-09-04 22:35:31.549347,24.90644637214699,44.949165411229025
2020-09-04 22:36:31.646792,24.66877192917144,45.447955528627816
2020-09-04 22:37:31.726551,24.851419920776276,44.8046527943033
2020-09-04 22:38:31.815384,24.928132393464168,44.690603304516735
2020-09-04 22:39:31.906154,24.912650651931443,44.75661650281243
2020-09-04 22:40:32.008108,24.774533828222825,45.273716598724256
2020-09-04 22:41:32.095427,24.966285479994088,44.81075338034466
2020-09-04 22:42:32.185406,24.98705556431022,44.38342770770714
2020-09-04 22:43:32.265405,25.135018422152047,44.22081749596726
2020-09-04 22:44:32.362675,25.11182490492085,44.25695374397704
2020-09-04 22:45:32.435409,25.102194312778877,44.130568873515244
2020-09-04 22:46:32.458556,25.35222091490196,43.672392904871
2020-09-04 22:47:32.494933,25.42775670070638,43.44915648822335
2020-09-04 22:48:32.576612,24.897650942933673,44.00978202326391
2020-09-04 22:49:32.659501,25.175200929597114,44.29307942935088
2020-09-04 22:50:32.741119,25.16213720885546,44.25689538357231
2020-09-04 22:51:32.796445,24.913027521825118,44.76854576999776
2020-09-04 22:52:32.878073,24.63082163396321,45.41185210606246
2020-09-04 22:53:32.967074,24.525813920027062,45.73012880207173
2020-09-04 22:54:33.055952,24.491378311443484,46.0602538542194
2020-09-04 22:55:33.102756,24.155821853300022,46.28838114234997
2020-09-04 22:56:33.187094,24.24117324948311,46.10232065515049
2020-09-04 22:57:33.210562,24.428488633699413,45.81415652454884
2020-09-04 22:58:33.288480,24.461973858426347,45.65800530777459
2020-09-04 22:59:33.365520,24.687587319650195,45.12330425127747
2020-09-04 23:00:33.455556,24.96358926651001,44.69636842443074
2020-09-04 23:01:33.488520,24.959687234178237,44.39542602236259
2020-09-04 23:02:33.524255,24.86006569805466,44.24480141721748
2020-09-04 23:03:33.557653,24.883746604456785,44.01587526628791
2020-09-04 23:04:33.582044,25.00109409588353,43.871209047329785
2020-09-04 23:05:33.642257,25.109244309796257,44.27477144330564
2020-09-04 23:06:33.717237,24.518652506164866,45.327295915348984
2020-09-04 23:07:33.818890,24.54860066072915,45.1773394298151
2020-09-04 23:08:33.837811,24.481821967032747,45.54933069406072
2020-09-04 23:09:33.937116,24.47496214112762,45.48348663199435
2020-09-04 23:10:34.001143,24.477368298553355,45.43551094757031
2020-09-04 23:11:34.077854,24.30008429993065,45.771650335948756
2020-09-04 23:12:34.160084,24.13178752027634,45.9576053431166
2020-09-04 23:13:34.202758,24.59101586774168,45.213152720268056
2020-09-04 23:14:34.279163,24.525048403664936,45.45337383481915
2020-09-04 23:15:34.351195,24.380148406702798,45.83756019761956
2020-09-04 23:16:34.430488,24.52987218246325,45.19502781414366
2020-09-04 23:17:34.495053,24.83547444245197,44.75012634602065
2020-09-04 23:18:34.603235,24.752250535804777,44.56360663869222
2020-09-04 23:19:34.673497,25.016470378154647,44.40719468448563
2020-09-04 23:20:34.755574,24.93166929394744,44.43121327623103
2020-09-04 23:21:34.823573,24.960719050204364,44.461209652075134
2020-09-04 23:22:34.898694,24.70234419435604,44.96659908103186
2020-09-04 23:23:34.951647,24.692602962001175,45.00873096135858
2020-09-04 23:24:35.058390,24.530713063652446,45.297235281178416
2020-09-04 23:25:35.135423,24.46465203291647,44.960414338450576
2020-09-04 23:26:35.233424,24.742886180092796,44.659882679947785
2020-09-04 23:27:35.321420,25.154060690304295,43.76263208517146
2020-09-04 23:28:35.394151,24.96214075888727,43.70232225216607
2020-09-04 23:29:35.476383,25.148581401431993,43.6540884492536
2020-09-04 23:30:35.596326,25.07055220003539,43.943395063746365
2020-09-04 23:31:35.707468,25.072958668939567,43.76855674085426
2020-09-04 23:32:35.801560,25.132536611602934,43.93732466917836
2020-09-04 23:33:35.885915,25.210078315627793,43.78061337114611
2020-09-04 23:34:35.957094,24.920368829620095,43.81071811049241
2020-09-04 23:35:36.015449,24.918692600376872,44.31075063093443
2020-09-04 23:36:36.074839,25.16045594629948,43.74442923653201
2020-09-04 23:37:36.155428,25.932637500140945,41.95082391492763
2020-09-04 23:38:36.220282,25.578162728964042,42.47093909212768
2020-09-04 23:39:36.268843,25.32906313476978,42.863614148755694
2020-09-04 23:40:36.345630,25.596428559778694,42.25938533216525
2020-09-04 23:41:36.447115,25.556448066225304,42.49508035760286
2020-09-04 23:42:36.503841,25.236055065869973,43.647946902196296
2020-09-04 23:43:36.585726,24.422631953461003,45.236630783584665
2020-09-04 23:44:36.679797,24.209339944481965,45.711463278954845
2020-09-04 23:45:36.709609,23.68276580341226,46.52654496544792
2020-09-04 23:46:36.785589,23.777016952313122,46.1785992215316
2020-09-04 23:47:36.888950,23.631740705676737,46.51422915247309
2020-09-04 23:48:36.957266,23.617447452947104,46.40620182036639
2020-09-04 23:49:36.999370,24.021937957281516,45.64445686892449
2020-09-04 23:50:37.079512,24.192738853265798,45.079800248002634
2020-09-04 23:51:37.175672,24.661059928868834,44.47254679444169
2020-09-04 23:52:37.247092,24.840200088999772,44.08740163494815
2020-09-04 23:53:37.325424,24.626530533500013,44.129355225988505
2020-09-04 23:54:37.404880,24.243949281143408,44.53249349650252
2020-09-04 23:55:37.496712,24.3696689671484,44.189505164208015
2020-09-04 23:56:37.580415,24.7538511798798,43.40051372198728
2020-09-04 23:57:37.668233,24.761800629324185,43.4668076348657
2020-09-04 23:58:37.750397,24.908748610541608,43.36432656747138
2020-09-04 23:59:37.824952,24.92220083922544,43.35830411470747
