time,temp,humi,pres
2021-06-01 00:00:41.651394,22.27215319662924,68.1176822283243,1010.7373452466791
2021-06-01 00:01:41.716672,22.178907458843323,68.35463036087027,1010.708603371948
2021-06-01 00:02:41.796712,22.213793010540073,68.59597438047261,1010.6805656397853
2021-06-01 00:03:41.874361,22.339144533450003,67.92262714683214,1010.6600282595449
2021-06-01 00:04:41.936693,22.24200242493361,68.37484521563584,1010.6380611991101
2021-06-01 00:05:42.016665,22.11630726783803,68.97001651398952,1010.6137511605855
2021-06-01 00:06:42.091589,22.30693220809804,68.25857602008949,1010.5887330218891
2021-06-01 00:07:42.176678,22.264721135644216,68.3660271460577,1010.5806313029647
2021-06-01 00:08:42.256670,22.16035315773548,68.843077941754,1010.5883790535428
2021-06-01 00:09:42.331383,22.061097940458993,69.15992724048128,1010.6018531027303
2021-06-01 00:10:42.391365,21.907581691607685,69.85592937731843,1010.5866784498694
2021-06-01 00:11:42.456654,22.028164074006057,69.36716392897429,1010.6180221017661
2021-06-01 00:12:42.536661,22.275389866958278,68.52385844673697,1010.6014408675267
2021-06-01 00:13:42.617238,22.181226746666546,68.88127526810547,1010.6006593880853
2021-06-01 00:14:42.695394,22.188194911146788,68.95716936258658,1010.5877295124949
2021-06-01 00:15:42.756657,21.998466992039027,69.37321737664399,1010.5627093827195
2021-06-01 00:16:42.831589,22.1019071264193,69.14102601393674,1010.5585572812131
2021-06-01 00:17:42.912512,22.157570012795915,68.89259877229067,1010.5483164969842
2021-06-01 00:18:42.976704,22.112036387716305,69.09593744438172,1010.5161271684925
2021-06-01 00:19:43.056657,22.159803432904614,68.81985590308744,1010.5096926999047
2021-06-01 00:20:43.133039,22.072144661235633,69.10960133395322,1010.5073055519273
2021-06-01 00:21:43.196710,22.29006151252983,68.35661789632218,1010.5156509845921
2021-06-01 00:22:43.276552,22.191809592967747,68.989523375235,1010.5235643869587
2021-06-01 00:23:43.356667,21.873613924030785,69.69924312182066,1010.5388009345173
2021-06-01 00:24:43.436704,22.049405433548834,69.30308007064028,1010.5159791092113
2021-06-01 00:25:43.516302,21.946989086405814,69.48679231808526,1010.5140065051165
2021-06-01 00:26:43.586711,22.17725831158897,68.64209225948059,1010.4677986548596
2021-06-01 00:27:43.665411,21.978541598450782,69.56798937009755,1010.4561936762715
2021-06-01 00:28:43.723942,22.055349757236613,68.84611568581518,1010.405371194263
2021-06-01 00:29:43.786652,22.135597009670136,68.99822219390812,1010.3760952076867
2021-06-01 00:30:43.862054,22.16983659847636,68.71367340058397,1010.3981995441022
2021-06-01 00:31:43.923828,22.077322692464698,69.08291995484845,1010.3751762419716
2021-06-01 00:32:43.983146,22.106923707320806,69.13606411389608,1010.4061900142467
2021-06-01 00:33:44.043133,21.958111446061878,69.53179896043329,1010.4177525865991
2021-06-01 00:34:44.101540,22.090310694733887,69.05694161808046,1010.4146291491162
2021-06-01 00:35:44.176671,22.04115207668907,69.27508156064306,1010.3872477542496
2021-06-01 00:36:44.256670,21.964605441127112,69.60586406527653,1010.380465902852
2021-06-01 00:37:44.336657,22.079178121281473,69.32042814997973,1010.3610795363036
2021-06-01 00:38:44.413228,22.078714264074815,69.32114592685585,1010.350372985246
2021-06-01 00:39:44.476652,22.005424846049948,69.46459700161925,1010.3283773629763
2021-06-01 00:40:44.556659,21.920085387325692,69.61626037455977,1010.343924331592
2021-06-01 00:41:44.636712,22.082888978993847,69.2545921757877,1010.3297720831536
2021-06-01 00:42:44.716679,22.046546685080266,69.57253096664971,1010.3263364616884
2021-06-01 00:43:44.792294,22.0179489842007,69.43320042331634,1010.3564131233164
2021-06-01 00:44:44.801691,21.911272107793778,69.62026818306873,1010.3676343073072
2021-06-01 00:45:44.861599,21.962750013932773,69.98955199523024,1010.3790484206631
2021-06-01 00:46:44.941401,22.02537069626234,69.45175995373361,1010.3666866778387
2021-06-01 00:47:45.006703,22.026676445228198,69.20624509229654,1010.3659758215778
2021-06-01 00:48:45.086667,21.863948553785015,70.2264968666295,1010.3648278659284
2021-06-01 00:49:45.161481,22.033730360712557,69.44268409356553,1010.3391463242511
2021-06-01 00:50:45.226666,21.95579216218801,69.57143613999017,1010.343888065749
2021-06-01 00:51:45.306713,22.068045548774933,69.22948773059325,1010.3227864568768
2021-06-01 00:52:45.387823,22.131604273935757,68.98247165269697,1010.3253150001663
2021-06-01 00:53:45.456690,22.024442982231644,69.43516928691895,1010.3045955016149
2021-06-01 00:54:45.532558,21.961832508952632,69.72820821239029,1010.3108223884966
2021-06-01 00:55:45.596694,21.980386789500844,69.70550734177692,1010.2634831025581
2021-06-01 00:56:45.676671,21.94272856242961,69.58629187034448,1010.2594053257214
2021-06-01 00:57:45.751655,22.051346691788638,69.21927489374356,1010.2221253213952
2021-06-01 00:58:45.811488,21.852730236590034,69.72160439513738,1010.1971136867955
2021-06-01 00:59:45.871895,21.943096457679996,69.70097459880884,1010.1891858833085
2021-06-01 01:00:45.936653,21.81293450269983,69.9706150625897,1010.1675372451532
2021-06-01 01:01:46.016771,22.017863165103467,69.35790325549732,1010.150709043502
2021-06-01 01:02:46.091524,21.881595473491362,69.61361580415273,1010.147524623083
2021-06-01 01:03:46.158722,21.931585822558322,69.37133152831342,1010.1624892076848
2021-06-01 01:04:46.226673,22.014238128327527,69.21060592870991,1010.1368657536844
2021-06-01 01:05:46.306641,21.937152101008127,69.45877839376261,1010.1540333652582
2021-06-01 01:06:46.386699,22.017485127210804,69.11544298647024,1010.1575675744602
2021-06-01 01:07:46.466663,21.920453266368117,69.17300096073377,1010.1545339684282
2021-06-01 01:08:46.546658,21.76376572782953,69.67425287432754,1010.1581577270157
2021-06-01 01:09:46.626667,22.216479926634033,67.7733599961189,1010.123077608846
2021-06-01 01:10:46.706665,22.150148293246104,67.55771963463036,1010.1091569075536
2021-06-01 01:11:46.786654,22.394137543706854,66.99281874006832,1010.1554071178584
2021-06-01 01:12:46.866659,21.577759491712083,69.14532023201821,1010.1990086419017
2021-06-01 01:13:46.941585,21.76607488033443,68.52540660824701,1010.2245762657444
2021-06-01 01:14:47.006658,21.86626783603316,68.44820818544721,1010.238713506372
2021-06-01 01:15:47.082934,21.84345311194913,68.3963728907359,1010.2304489574814
2021-06-01 01:16:47.146664,22.221118503651667,67.86839110771794,1010.1742109741521
2021-06-01 01:17:47.226715,22.404720334984763,67.85725956465525,1010.1603698800595
2021-06-01 01:18:47.301412,22.532745261453005,67.40062952676624,1010.158973571683
2021-06-01 01:19:47.366702,22.302767833449945,68.65563720179098,1010.1385907587398
2021-06-01 01:20:47.447408,22.480889498651557,67.97477509956897,1010.1071526587697
2021-06-01 01:21:47.511634,22.742495606984644,67.22304753417306,1010.099921437206
2021-06-01 01:22:47.571399,22.90855743317246,66.8213283535562,1010.0559104945258
2021-06-01 01:23:47.632087,22.451223418468174,68.56931127601797,1010.0381917270857
2021-06-01 01:24:47.696657,22.821351755189923,67.37770235055467,1010.0043984669859
2021-06-01 01:25:47.776655,22.95355187483006,67.14285785856576,1009.9585672521135
2021-06-01 01:26:47.856666,22.90577427234024,67.53167144579136,1009.9390262972421
2021-06-01 01:27:47.934048,22.84687461751981,67.34611520546679,1009.9199181523
2021-06-01 01:28:47.996647,22.951243184752695,67.31243672505472,1009.8800502035327
2021-06-01 01:29:48.076668,22.813659567448116,67.9501493987383,1009.8260195740418
2021-06-01 01:30:48.151401,22.675364245313474,68.84206176187703,1009.8450793242741
2021-06-01 01:31:48.211402,22.79269969771976,67.67738957878699,1009.8353413524555
2021-06-01 01:32:48.277262,22.897909851419357,68.02634521349364,1009.8036967930225
2021-06-01 01:33:48.346660,22.734631062942434,67.92638498338356,1009.8068954314476
2021-06-01 01:34:48.426666,22.775893499254575,68.18813385691344,1009.80940950548
2021-06-01 01:35:48.506662,22.54686449439572,69.27848173647746,1009.7861110790674
2021-06-01 01:36:48.587664,22.845029766964856,67.9059051263664,1009.7443440070348
2021-06-01 01:37:48.669272,22.75274277027408,68.65283542100096,1009.7202250266508
2021-06-01 01:38:48.736698,22.675267550976105,68.59347921887549,1009.7670753474472
2021-06-01 01:39:48.813281,22.875655174169925,68.16081339699511,1009.7071368691588
2021-06-01 01:40:48.871405,23.04532071033785,67.89651182574417,1009.7017608569062
2021-06-01 01:41:48.936678,22.8325267742927,69.05318826803564,1009.7071298765047
2021-06-01 01:42:49.015639,22.881771544180584,68.60368653253116,1009.7129903092845
2021-06-01 01:43:49.091527,23.05570873388685,68.42904388042349,1009.7537791356236
2021-06-01 01:44:49.151495,23.071480015619972,68.18612588319696,1009.7448296160917
2021-06-01 01:45:49.216701,23.080767966724434,67.7525822341187,1009.7305523983711
2021-06-01 01:46:49.293020,23.025956799654864,68.32512572159105,1009.7182812704038
2021-06-01 01:47:49.351384,23.111479881089664,68.50736663928977,1009.6862336190621
2021-06-01 01:48:49.411648,22.93622643713749,68.6780064528385,1009.6531966278685
2021-06-01 01:49:49.476728,23.013141188423972,68.70606927940878,1009.6293984756636
2021-06-01 01:50:49.552114,23.05072475705574,69.15829220504588,1009.5953023518075
2021-06-01 01:51:49.611764,23.116129302076107,68.90047098789013,1009.551946468197
2021-06-01 01:52:49.676692,23.178362347600764,68.50906007382322,1009.5269170392274
2021-06-01 01:53:49.756668,23.12632346375202,69.11178495628317,1009.4987753065913
2021-06-01 01:54:49.836709,23.35675499821694,68.24549697145473,1009.4629758025652
2021-06-01 01:55:49.916667,23.293864117691637,68.26397473498608,1009.4406419201725
2021-06-01 01:56:49.991976,23.057941656516103,69.10875512720223,1009.4043699168245
2021-06-01 01:57:50.056652,23.051825108764792,69.41587519614606,1009.4020629683197
2021-06-01 01:58:50.132968,23.0867011286719,69.41825365160261,1009.365079186272
2021-06-01 01:59:50.192271,23.331911775004926,68.29948623778037,1009.3597904658967
2021-06-01 02:00:50.251590,23.278653932746636,68.74552491774918,1009.3716991985027
2021-06-01 02:01:50.316717,23.25453305755066,68.59076825437472,1009.391420559847
2021-06-01 02:02:50.392238,23.21872923763023,68.87161635701317,1009.4177045060661
2021-06-01 02:03:50.452135,23.19831928227876,69.09531202210823,1009.4192766666855
2021-06-01 02:04:50.529857,23.137553297669033,69.08616776540272,1009.4524594912789
2021-06-01 02:05:50.596656,23.027704275325235,69.49535845670809,1009.486275870745
2021-06-01 02:06:50.676695,22.915999838012848,69.89713311781574,1009.5034556374652
2021-06-01 02:07:50.752651,22.941425945907852,69.76133875496332,1009.5208273694788
2021-06-01 02:08:50.816662,23.092083983363377,69.19062794711573,1009.5105501858358
2021-06-01 02:09:50.896548,22.921102319020157,69.80774893369238,1009.5000606992753
2021-06-01 02:10:50.976658,22.71720847135543,70.41472759618756,1009.4853551376048
2021-06-01 02:11:51.051922,23.07158776101683,69.02126640599448,1009.486542131802
2021-06-01 02:12:51.116660,22.950616895756735,70.09884410557753,1009.4500399530759
2021-06-01 02:13:51.196659,22.940487455973546,69.7291545489491,1009.4310470232991
2021-06-01 02:14:51.276666,22.928265271189563,69.28689287999211,1009.4375556560196
2021-06-01 02:15:51.353959,23.002925500188788,69.31001395022875,1009.4289411211496
2021-06-01 02:16:51.416658,23.205902837695596,68.56936523838094,1009.4205331775161
2021-06-01 02:17:51.496893,23.040034414148945,69.01002558962736,1009.4208438651794
2021-06-01 02:18:51.576707,22.737876989206953,70.32653628398367,1009.4085235783069
2021-06-01 02:19:51.651434,22.849020510015553,70.2306271479936,1009.4083009042301
2021-06-01 02:20:51.711940,22.839203898809714,70.10613420647842,1009.4275952674493
2021-06-01 02:21:51.776652,22.868599658303328,69.87780053875001,1009.4295621646006
2021-06-01 02:22:51.856661,23.121199439849402,68.91881872524544,1009.4478659750275
2021-06-01 02:23:51.936656,22.943475732944076,69.77757351945928,1009.4707278300704
2021-06-01 02:24:52.016717,22.960250262127243,69.00148868611024,1009.4679480094771
2021-06-01 02:25:52.096670,22.962116424142053,69.53610118200413,1009.5006538166853
2021-06-01 02:26:52.176666,22.848556648856256,69.94662239512701,1009.5011047963116
2021-06-01 02:27:52.256646,22.950973038300887,69.53481792711332,1009.4979724176535
2021-06-01 02:28:52.336662,23.065827454062383,69.28872090002938,1009.5003305342196
2021-06-01 02:29:52.416668,22.812375483490623,70.17108802531341,1009.4678364260191
2021-06-01 02:30:52.491583,22.839753994303496,70.37867424286239,1009.4540593178796
2021-06-01 02:31:52.576652,22.789743214183844,70.18913666077415,1009.4663047668213
2021-06-01 02:32:52.656661,22.83046606492459,69.96256596792676,1009.4513782760554
2021-06-01 02:33:52.736653,22.941706523992863,69.49907292567386,1009.4486937159033
2021-06-01 02:34:52.816660,22.834176953732587,69.77071440311636,1009.4251136897556
2021-06-01 02:35:52.897213,22.86060634558904,69.2525999197959,1009.4251494239297
2021-06-01 02:36:52.966654,22.84105934345018,70.07317295406098,1009.4399187990406
2021-06-01 02:37:53.046673,22.80310895545428,70.23118533925137,1009.4813544322661
2021-06-01 02:38:53.122358,22.881404564851998,70.09927796729131,1009.487722217254
2021-06-01 02:39:53.186638,23.02826539833054,69.10598503547303,1009.497004674017
2021-06-01 02:40:53.266658,22.940304231712624,69.93233056356371,1009.4890546487494
2021-06-01 02:41:53.346893,22.958858678511415,69.87724880282718,1009.5121638576154
2021-06-01 02:42:53.416684,23.03012084287905,69.42395264640099,1009.5308548923067
2021-06-01 02:43:53.492193,22.864705565688944,70.10517017470603,1009.5261502884164
2021-06-01 02:44:53.551437,22.812364809188054,70.80072588484568,1009.5437275236468
2021-06-01 02:45:53.616650,22.9476291189719,69.84204804764425,1009.5645445095585
2021-06-01 02:46:53.692408,22.83447906985546,70.51915808497372,1009.591465726844
2021-06-01 02:47:53.756653,22.74225695289692,70.43698323510054,1009.5821396887211
2021-06-01 02:48:53.836677,22.692710039601952,70.4545760583923,1009.6034008008785
2021-06-01 02:49:53.911683,22.997639893337485,69.91166123550832,1009.6150887560547
2021-06-01 02:50:53.971654,22.773875023624814,70.5796247163484,1009.6304337688099
2021-06-01 02:51:54.032898,22.637596797293952,71.4224503633983,1009.6080555228298
2021-06-01 02:52:54.096656,23.006442593922802,69.78001049647438,1009.6027184660445
2021-06-01 02:53:54.176697,22.865536418146405,70.1809288973037,1009.609406839902
2021-06-01 02:54:54.256660,22.847532037130104,70.146073368029,1009.5975025480335
2021-06-01 02:55:54.331402,22.95132935429642,69.5298348728855,1009.5904041856426
2021-06-01 02:56:54.396667,22.78715460859213,70.35433605646203,1009.6059472430074
2021-06-01 02:57:54.476645,22.832688492092537,70.57406307553927,1009.6007326290991
2021-06-01 02:58:54.552963,22.722850335209912,71.03346299945669,1009.6258399554152
2021-06-01 02:59:54.616665,22.969808246096463,69.73614923743796,1009.6355680313527
2021-06-01 03:00:54.696656,22.83361621360812,69.99349468057574,1009.6408315684365
2021-06-01 03:01:54.776214,22.640379961870263,71.25609016780791,1009.6333273657893
2021-06-01 03:02:54.841734,22.848470429654117,70.31079295254592,1009.6194157918839
2021-06-01 03:03:54.901889,22.954123170569556,69.70974404307655,1009.5940996271016
2021-06-01 03:04:54.966659,22.764047754700407,71.13474020347476,1009.5576119592723
2021-06-01 03:05:55.046710,22.783076710854274,70.90296117903716,1009.5511926571588
2021-06-01 03:06:55.126673,22.945244955794394,70.2448599878047,1009.552151657074
2021-06-01 03:07:55.201381,23.0380820094904,70.11097553622706,1009.5586344076836
2021-06-01 03:08:55.266657,22.940228704725552,70.40614112043541,1009.5705029016324
2021-06-01 03:09:55.346652,22.89849190111358,70.33638113538058,1009.5652182418636
2021-06-01 03:10:55.426668,22.738340850477915,71.11420693192957,1009.5584067289119
2021-06-01 03:11:55.501530,22.940854325294953,70.2756854684242,1009.5290080287363
2021-06-01 03:12:55.586654,22.744834908443803,71.13382363873839,1009.4589809089001
2021-06-01 03:13:55.666659,22.896798218218343,70.4979233074501,1009.4153771177673
2021-06-01 03:14:55.742002,22.787423907722296,70.78853279561118,1009.4008341639469
2021-06-01 03:15:55.813635,22.959710875243683,70.32187081796232,1009.365573534412
2021-06-01 03:16:55.881603,22.97130740668929,70.6488420636833,1009.3195545874152
2021-06-01 03:17:55.947618,22.830012907027058,70.86361280296708,1009.3257163871208
2021-06-01 03:18:56.021147,22.902364554287672,70.59764007260299,1009.2967447121396
2021-06-01 03:19:56.086663,22.850498328470007,70.95357292225444,1009.3085476852408
2021-06-01 03:20:56.163691,22.966830560469063,70.21748051421372,1009.3028003223438
2021-06-01 03:21:56.221386,23.009419559373143,70.22266680633743,1009.2582300133228
2021-06-01 03:22:56.285260,22.930573852524205,70.62505362107886,1009.2270993896391
2021-06-01 03:23:56.362847,22.90978633608128,70.64032897505273,1009.1831107413014
2021-06-01 03:24:56.426668,22.889376437160415,70.98667846050387,1009.1341085328771
2021-06-01 03:25:56.503259,22.96165256273972,70.58071625624187,1009.1085104331036
2021-06-01 03:26:56.566654,23.06314123178214,70.3347049297524,1009.124671421955
2021-06-01 03:27:56.648559,22.78704629306741,70.98476685045344,1009.1393946082461
2021-06-01 03:28:56.714638,23.037175724771256,70.19656264066873,1009.1562416569958
2021-06-01 03:29:56.776662,22.91117792021438,70.13123623156213,1009.1666740933755
2021-06-01 03:30:56.852089,23.042655808040195,70.27024668711081,1009.1543506148059
2021-06-01 03:31:56.926665,22.837984797891693,70.98676549861176,1009.1468858801261
2021-06-01 03:32:57.006660,22.975568405524044,70.22264271878419,1009.1635987518209
2021-06-01 03:33:57.086656,23.014446512677406,70.10531333495456,1009.1690579674654
2021-06-01 03:34:57.166652,23.01908512707022,70.15832348593011,1009.1336759418889
2021-06-01 03:35:57.242350,22.923238316653695,70.62555700111099,1009.0984944859312
2021-06-01 03:36:57.311448,22.91497506818772,70.77309059572846,1009.0796639176854
2021-06-01 03:37:57.372647,23.105428146782202,69.99560463349768,1009.0558279108659
2021-06-01 03:38:57.433277,22.932817635103977,70.44580147788085,1009.0447706001371
2021-06-01 03:39:57.491368,22.77916064875317,71.35157122831009,1009.0522271863177
2021-06-01 03:40:57.553740,22.931037713816515,70.76875735229652,1009.0409500529792
2021-06-01 03:41:57.611803,22.997747502222975,70.11306958165547,1009.0598441240788
2021-06-01 03:42:57.673389,23.057661151961707,69.96011884071642,1009.05590223347
2021-06-01 03:43:57.731565,22.77684134169224,71.08479101516605,1009.0291857008544
2021-06-01 03:44:57.792718,22.95053062374327,70.39742399397419,1009.0060544061555
2021-06-01 03:45:57.856657,22.94828683588237,70.53870039520768,1008.9763340203724
2021-06-01 03:46:57.931693,22.916280395495537,71.10714587419127,1008.9886375036681
2021-06-01 03:47:57.996663,22.831954598956884,70.83172493790543,1008.9515397203073
2021-06-01 03:48:58.076653,22.921846732392503,71.08048954761351,1008.9645083017688
2021-06-01 03:49:58.151505,23.009419559373143,70.16662563631718,1008.9544354358193
2021-06-01 03:50:58.211386,22.89401505027236,70.22395437794934,1008.9816253280197
2021-06-01 03:51:58.271583,22.925482102386376,70.89307209941015,1008.9891366965269
2021-06-01 03:52:58.351663,23.033540353447247,70.43813978759093,1008.983952867774
2021-06-01 03:53:58.411650,22.985762631036632,70.02678040968235,1008.9780643130185
2021-06-01 03:54:58.476674,22.985137010339148,70.46600544677368,1008.9702741556529
2021-06-01 03:55:58.556663,22.84994823233907,70.88323262714758,1008.9138282262757
2021-06-01 03:56:58.636669,22.73129670387091,71.43445969438821,1008.8761771085848
2021-06-01 03:57:58.712093,22.88882634294093,70.47747351243049,1008.8615880206048
2021-06-01 03:58:58.776683,22.899031288499632,70.96030078913176,1008.8326280792394
2021-06-01 03:59:58.856665,22.961177984546005,70.62217282088287,1008.8597630924742
2021-06-01 04:00:58.936700,22.81423092762531,70.99858922015828,1008.8590574744209
2021-06-01 04:01:59.012677,23.02973250928814,70.31682448702254,1008.8837590341568
2021-06-01 04:02:59.086791,22.746517902935384,71.32357216754919,1008.8815030496755
2021-06-01 04:03:59.166664,22.83317370390965,71.23428543097555,1008.8877628015855
2021-06-01 04:04:59.246650,22.804025985209673,71.56484250999785,1008.8445208564412
2021-06-01 04:05:59.326734,22.695029343600286,71.28918583752031,1008.8051497001347
2021-06-01 04:06:59.406661,22.874360435379113,70.94112563269023,1008.7868590519826
2021-06-01 04:07:59.482065,22.832774687805458,70.94209280532138,1008.7731169009635
2021-06-01 04:08:59.546687,22.861447862130017,70.11698256174859,1008.7430502633347
2021-06-01 04:09:59.611851,22.705698142521385,71.21856199345986,1008.7478821080036
2021-06-01 04:10:59.676699,22.86386406798007,71.51307367181309,1008.7516851771552
2021-06-01 04:11:59.756663,22.809969972241667,70.98397269326037,1008.7367055771231
2021-06-01 04:12:59.836650,22.908297817159987,70.70795394364241,1008.7517968277818
2021-06-01 04:13:59.916659,22.936593342668157,70.16933652936565,1008.7414672808341
2021-06-01 04:14:59.992086,22.7776828210321,71.31780874165271,1008.7179818798103
2021-06-01 04:16:00.051651,22.943551259712745,70.82758352253666,1008.7172472953265
2021-06-01 04:17:00.111455,22.95599998539785,71.06361259687662,1008.6994259715403
2021-06-01 04:18:00.171397,22.809678538431744,71.73229581810827,1008.6827521522897
2021-06-01 04:19:00.236657,22.786873814936403,71.3274011187305,1008.661614658549
2021-06-01 04:20:00.312258,22.933810175953777,70.56024604002369,1008.6449216457019
2021-06-01 04:21:00.376660,22.723497290621648,71.4861399708719,1008.6197559298009
2021-06-01 04:22:00.456820,22.817402426252325,70.60169129758143,1008.6048404252798
2021-06-01 04:23:00.531484,22.948653732446935,70.99611810013212,1008.6026409271863
2021-06-01 04:24:00.596655,22.84939815165906,70.88696199749165,1008.5921160695107
2021-06-01 04:25:00.671381,22.936981676587493,70.74248533065898,1008.5909466836924
2021-06-01 04:26:00.736673,23.006625677529232,70.60091195278613,1008.6022708224946
2021-06-01 04:27:00.816658,23.071943876876155,70.20346998937201,1008.6066010359806
2021-06-01 04:28:00.892727,22.894004342732806,70.82128363660979,1008.6162373393746
2021-06-01 04:29:00.962135,22.961177984546005,70.09619837348305,1008.6239624942143
2021-06-01 04:30:01.036661,22.912483263405008,71.05383522275795,1008.6207330829245
2021-06-01 04:31:01.136723,22.913961088524925,71.13331284543106,1008.6210713022807
2021-06-01 04:32:01.216689,23.061846663774222,70.54111593808047,1008.6096448469054
2021-06-01 04:33:01.297255,23.061469093580367,71.12217439774889,1008.6244554174277
2021-06-01 04:34:01.373830,22.84801726108594,71.27151792630814,1008.6401408914446
2021-06-01 04:35:01.436696,22.690940795298687,71.62315617537992,1008.6346703458586
2021-06-01 04:36:01.516637,22.695029343600286,71.97389920851666,1008.6252824361235
2021-06-01 04:37:01.591356,22.652635095982344,71.50645364018821,1008.6024145759936
2021-06-01 04:38:01.656679,22.787240791851033,70.94690011449323,1008.5883205340995
2021-06-01 04:39:01.732148,22.796604209406603,70.9957433506481,1008.5807917911816
2021-06-01 04:40:01.796662,23.0247269858669,69.56567622237844,1008.5834338692567
2021-06-01 04:41:01.871405,22.74466245900432,71.16961749357286,1008.5736539684387
2021-06-01 04:42:01.931379,22.86341092356125,70.59534081956785,1008.598822803679
2021-06-01 04:43:01.991396,22.68676604684545,70.94371295568173,1008.61100569826
2021-06-01 04:44:02.056653,22.745503978632527,70.49173013601725,1008.5898143237467
2021-06-01 04:45:02.136834,22.910703344497016,69.57464014208026,1008.6084316707011
2021-06-01 04:46:02.216657,22.966291176836947,69.45272057476797,1008.6097973174691
2021-06-01 04:47:02.292470,22.94672276124307,69.5535926200305,1008.5910188293944
2021-06-01 04:48:02.359188,22.90783395613699,69.04042866926943,1008.5572722210231
2021-06-01 04:49:02.421580,22.894295785638562,69.54119355988243,1008.5260529759227
2021-06-01 04:50:02.506697,22.795029608421835,69.92933273839137,1008.545637654787
2021-06-01 04:51:02.586658,22.748114782454945,69.74555558263084,1008.5344448303341
2021-06-01 04:52:02.663406,22.9099596082201,69.01314280392316,1008.5344561344142
2021-06-01 04:53:02.726657,22.773238790538482,70.17535341696879,1008.5056568010426
2021-06-01 04:54:02.804056,22.89262346632153,71.23018321286679,1008.5068712067052
2021-06-01 04:55:02.861918,22.90979707175895,73.53138592180352,1008.4905316955567
2021-06-01 04:56:02.921413,23.055266324969992,73.96007032394272,1008.4829289022294
2021-06-01 04:57:02.982691,23.178535018833404,74.06056407950139,1008.4894800599692
2021-06-01 04:58:03.052041,22.957553333029995,74.69419703701956,1008.5402571499228
2021-06-01 04:59:03.119189,23.166129288433844,73.42619660829966,1008.5309543336582
2021-06-01 05:00:03.186664,23.273820813768875,73.31007643209188,1008.5345067224397
2021-06-01 05:01:03.266684,23.273540537683846,72.9286167254327,1008.5402228376847
2021-06-01 05:02:03.348810,23.161566180939765,72.52899897298475,1008.5392113863995
2021-06-01 05:03:03.416668,23.159343993613405,74.41193077100566,1008.5254435223846
                                                                                   