2020-07-31 11:37:20.788101,25.927061419020802,53.33677473558239
2020-07-31 11:37:21.380413,25.935530598590837,53.33686969279916
2020-07-31 11:37:21.960734,25.94023569858516,53.31895071417925
2020-07-31 11:37:22.551016,25.898429170839066,53.313006738914204
2020-07-31 11:37:23.138719,25.903604781208422,53.319096517708985
2020-07-31 11:37:23.712753,25.861327743753556,53.32519366008817
2020-07-31 11:37:24.274910,25.866032844414136,53.30119125209258
2020-07-31 11:37:24.849496,25.91301498239633,53.27117849848799
2020-07-31 11:37:25.459453,25.91301498239633,53.28321999864854
2020-07-31 11:37:26.044622,25.926659775302234,53.247218453043416
2020-07-31 11:37:26.625538,25.93371742735495,53.25334429480247
2020-07-31 11:37:27.195200,25.941245589957592,53.247435538567295
2020-07-31 11:37:27.775627,25.901791614877858,53.22348149118521
2020-07-31 11:37:28.357596,25.907908247631283,53.22358975424741
2020-07-31 11:37:28.935928,25.95912497784782,53.19359547578845
2020-07-31 11:37:29.515665,25.964300590580727,53.18764973346296
2020-07-31 11:37:30.096386,25.97088773435046,53.19976430033035
2020-07-31 11:37:30.689570,25.977004368143245,53.21190062646629
2020-07-31 11:37:31.283390,25.98170947125232,53.21199430947928
2020-07-31 11:37:31.827050,25.932374781459913,53.206048502180266
2020-07-31 11:37:32.447322,25.938961925952533,53.18795170650475
2020-07-31 11:37:33.012682,25.888323586223102,53.20610611225023
2020-07-31 11:37:33.607050,25.8892646069282,53.133969124203496
2020-07-31 11:37:34.194374,25.840978819320455,53.12194722382841
2020-07-31 11:37:34.774066,25.83533269487001,53.13409781034635
2020-07-31 11:37:35.349030,25.84427239202732,53.115957654810956
2020-07-31 11:37:35.928478,25.907614512009282,53.0860020145929
2020-07-31 11:37:36.528666,25.91279012672097,53.068060772718425
2020-07-31 11:37:37.099810,25.973309184667592,53.04406512021611
2020-07-31 11:37:37.673412,25.97660275788747,53.05617294186396
2020-07-31 11:37:38.228225,25.97942582071233,53.06224109021409
2020-07-31 11:37:38.799277,25.98318990457208,53.062283663401445
2020-07-31 11:37:39.388900,25.98318990457208,53.086414586155904
2020-07-31 11:37:39.964798,25.928787482558597,53.086414586155904
2020-07-31 11:37:40.530617,25.933492587583167,53.09245444840676
2020-07-31 11:37:41.121470,25.93866820330257,53.104562713568185
2020-07-31 11:37:41.696568,25.942432287588726,53.01436104347168
2020-07-31 11:37:42.251132,25.943843819223517,53.04451130435513
2020-07-31 11:37:42.843095,25.999657772711892,53.06258872618354
2020-07-31 11:37:43.429217,26.004833388834385,53.02046455553456
2020-07-31 11:37:44.004359,26.008597473413694,52.98442200701511
2020-07-31 11:37:44.578350,26.060284717791276,52.94836453545247
2020-07-31 11:37:45.150401,26.066401355698204,52.95446070037771
2020-07-31 11:37:45.779215,26.118088600515524,52.96057098196891
2020-07-31 11:37:46.322432,26.121852685667815,52.94860992889032
2020-07-31 11:37:46.895273,26.12420523894213,52.94866601146186
2020-07-31 11:37:47.478677,26.078164121695014,52.96073943679838
2020-07-31 11:37:48.043233,26.08004616435111,52.960746455214945
2020-07-31 11:37:48.631963,26.03447555778218,52.960774528453435
2020-07-31 11:37:49.199822,25.97772058295576,52.948750130186355
2020-07-31 11:37:49.769210,25.977720582955765,52.954755324984866
2020-07-31 11:37:50.320994,25.920495097472816,52.98483012955831
2020-07-31 11:37:50.881172,25.91908356549324,53.01490453898715
2020-07-31 11:37:51.515558,25.920024586811294,53.02695680082481
2020-07-31 11:37:52.119077,25.922377140135577,53.02097303591781
2020-07-31 11:37:52.704873,25.92614122554105,52.966856921773086
2020-07-31 11:37:53.297890,25.986660285936164,52.924792001247155
2020-07-31 11:37:53.831527,25.989012839452,52.93686566742847
2020-07-31 11:37:54.411722,25.990424371581486,52.93086730682113
2020-07-31 11:37:54.979838,26.046708835783022,52.92485492667593
2020-07-31 11:37:55.549381,25.993247435885436,52.93692866744671
2020-07-31 11:37:56.136885,25.896097472536397,52.930986229502096
2020-07-31 11:37:56.727266,25.900332069269652,52.955127005496735
2020-07-31 11:37:57.304538,25.84781169111153,52.91905911081843
2020-07-31 11:37:57.875080,25.747368152798682,52.9612236071938
2020-07-31 11:37:58.460122,25.75207326062153,52.97333276389324
2020-07-31 11:37:59.040913,25.802819485711485,52.96135689371779
2020-07-31 11:37:59.609769,25.80517203976033,52.94935280079616
2020-07-31 11:38:00.169283,25.86427956898703,52.889205073659845
2020-07-31 11:38:00.743000,25.973192302103897,52.87726295270068
2020-07-31 11:38:01.415466,25.978367921542684,52.91947818795877
2020-07-31 11:38:02.059404,25.936090891508265,52.94961899633699
2020-07-31 11:38:02.649103,25.83423582099597,52.943620235947954
2020-07-31 11:38:03.235574,25.835176842767083,52.93760744774231
2020-07-31 11:38:03.819044,25.781244932840917,52.96170056138714
2020-07-31 11:38:04.409201,25.78265646553006,52.97978789191004
2020-07-31 11:38:04.996877,25.88404102513098,52.979808967194465
2020-07-31 11:38:05.523659,25.98636660652633,53.00387382510415
2020-07-31 11:38:06.106092,25.977426899811555,53.021932893883495
2020-07-31 11:38:06.679088,26.02477165801953,52.99772038691172
2020-07-31 11:38:07.273860,26.081526633179077,52.9915741193324
2020-07-31 11:38:07.899338,26.06647028723985,53.01566641708308
2020-07-31 11:38:08.477078,26.01442042007638,53.03349887770229
2020-07-31 11:38:09.049373,25.963782085458813,53.039574802278175
2020-07-31 11:38:09.620154,25.95907697738612,53.02159421082031
2020-07-31 11:38:10.249311,26.01076422418222,53.03356247210749
2020-07-31 11:38:10.835838,25.962007933140185,53.03364019389772
2020-07-31 11:38:11.413990,26.018762908316386,53.033746169816396
2020-07-31 11:38:12.014389,26.02487954944966,53.01570167713378
2020-07-31 11:38:12.589465,26.031937212645545,52.99171481478058
2020-07-31 11:38:13.154707,25.99201273739284,52.96774136555393
2020-07-31 11:38:13.733274,26.053943332923936,52.96783959516701
2020-07-31 11:38:14.306193,26.000952445088682,52.99201021953089
2020-07-31 11:38:14.941617,25.998599890373587,53.0040921102345
2020-07-31 11:38:15.529296,25.900508907495393,52.973957691349916
2020-07-31 11:38:16.129429,25.847988530724756,52.91984126358859
2020-07-31 11:38:16.699139,25.84940006362877,52.88978982741782
2020-07-31 11:38:17.279999,25.91180117086741,52.847669743484595
2020-07-31 11:38:17.868689,25.917447302913203,52.82368573146734
2020-07-31 11:38:18.446185,25.968664041041553,52.763564856495265
2020-07-31 11:38:19.009446,25.97619221774221,52.73955154866402
2020-07-31 11:38:19.589912,25.980897328396658,52.57710138339181
2020-07-31 11:38:20.226109,25.885629413295284,52.55308497837788
2020-07-31 11:38:20.812826,25.894569124472323,52.58329075155201
2020-07-31 11:38:21.414158,25.903979347413543,52.58943983908791
2020-07-31 11:38:21.986589,25.864525387149712,52.67999248110712
2020-07-31 11:38:22.553472,25.876288167387784,52.692204847257685
2020-07-31 11:38:23.127713,25.887580437395727,52.692204847257685
2020-07-31 11:38:23.696299,25.952334105320805,52.680325876437834
2020-07-31 11:38:24.277860,25.959862286365464,52.65636975763377
2020-07-31 11:38:24.842687,25.965508422428783,52.674542559369335
2020-07-31 11:38:25.473436,25.97303660421965,52.668602667143574
2020-07-31 11:38:26.069771,25.96409688839047,52.608367274738725
2020-07-31 11:38:26.656419,25.917693162107366,52.59043729878398
2020-07-31 11:38:27.289312,25.98432887770546,52.56650506018656
2020-07-31 11:38:27.882440,26.099358267919143,52.54862061183714
2020-07-31 11:38:28.447538,26.108768497456317,52.548754693797726
2020-07-31 11:38:29.028733,26.115826170046425,52.548855244038734
2020-07-31 11:38:29.645797,26.07778374974228,52.5489758916226
2020-07-31 11:38:30.241897,26.087664492627667,52.54911662961916
2020-07-31 11:38:30.879947,26.09378114335339,52.56124838121633
2020-07-31 11:38:31.493106,25.99569016647152,52.54324167611234
2020-07-31 11:38:32.138965,26.108367003912242,52.53134401610659
2020-07-31 11:38:32.758177,26.098486259487803,52.513136325132514
2020-07-31 11:38:33.343602,26.007923469157213,52.48319033731767
2020-07-31 11:38:33.965931,26.021097796385646,52.50739401163807
2020-07-31 11:38:34.548230,26.128599006692305,52.519512689074794
2020-07-31 11:38:35.132867,26.07843119406431,52.51958613183394
2020-07-31 11:38:35.776517,26.08454784693372,52.51966624530404
2020-07-31 11:38:36.362351,26.090664500084625,52.51975302794502
2020-07-31 11:38:36.994641,26.09536961808456,52.53188550028619
2020-07-31 11:38:37.561567,26.000101714001424,52.513883641719346
2020-07-31 11:38:38.138022,25.956413157124267,52.52602961893898
2020-07-31 11:38:38.702423,25.96347083496116,52.52004670016159
2020-07-31 11:38:39.331838,25.965823394323404,52.5020775843524
2020-07-31 11:38:39.910785,25.865379860447835,52.48404151147537
2020-07-31 11:38:40.500120,25.868673443671575,52.478044936800636
2020-07-31 11:38:41.069687,25.92271326211072,52.48411462654945
2020-07-31 11:38:41.701016,25.929300429176152,52.454104557651675
2020-07-31 11:38:42.296541,25.93541708460066,52.43612714617607
2020-07-31 11:38:42.920789,25.939651692367143,52.40013142935461
2020-07-31 11:38:43.549770,25.919890190611188,52.41190156575768
2020-07-31 11:38:44.123898,25.88467084906212,52.430130168477724
2020-07-31 11:38:44.741391,25.886552896881714,52.44220346394864
2020-07-31 11:38:45.309750,25.89925672036105,52.43033496078728
2020-07-31 11:38:45.897067,25.906784912625486,52.40634604747793
2020-07-31 11:38:46.510305,25.91760668975266,52.38842620351677
2020-07-31 11:38:47.097624,25.927487443551342,52.36446860578923
2020-07-31 11:38:47.719764,25.932192564666035,52.376582094361844
2020-07-31 11:38:48.297006,25.936427173811673,52.382665157688955
2020-07-31 11:38:48.916237,25.937368198084577,52.3405101035663
2020-07-31 11:38:49.491844,25.939720758795996,52.36463905251032
2020-07-31 11:38:50.105690,25.940661783092224,52.39477228682796
2020-07-31 11:38:50.691239,26.043457876638186,52.418874786805226
2020-07-31 11:38:51.336449,26.037811730940774,52.442891213364234
2020-07-31 11:38:51.981361,26.03404763394242,52.44283832599064
2020-07-31 11:38:52.583723,26.02981302494669,52.46088327710892
2020-07-31 11:38:53.219989,26.073501580264807,52.50301622333029
2020-07-31 11:38:53.798072,25.970234974686495,52.50297629857184
2020-07-31 11:38:54.422862,25.958472172961613,52.52705751380292
2020-07-31 11:38:55.038199,25.9551785886652,52.550984644134445
2020-07-31 11:38:55.670785,26.055151609898793,52.56298465707345
2020-07-31 11:38:56.314631,26.048093929663374,52.56285068395891
2020-07-31 11:38:56.956526,26.048093929663374,52.532733928973265
2020-07-31 11:38:57.605711,26.049505465680475,52.53275396225385
2020-07-31 11:38:58.290722,26.0513875137266,52.53880407485947
2020-07-31 11:38:58.935392,25.946709372277763,52.544794035643484
2020-07-31 11:38:59.581552,25.94294527627879,52.562823887282605
2020-07-31 11:39:00.216121,25.98757485622626,52.574857064748215
2020-07-31 11:39:00.860614,25.980517176615457,52.592899965838065
2020-07-31 11:39:01.579166,25.97298898544368,52.63496103837574
2020-07-31 11:39:02.164213,26.01150191069786,52.670875729113284
2020-07-31 11:39:02.783518,25.960285163808216,52.65876223961426
2020-07-31 11:39:03.409473,25.912832512124695,52.646702967277534
2020-07-31 11:39:04.034447,25.91236200023892,52.64669620565457
2020-07-31 11:39:04.679836,25.91236200023892,52.60453583559754
2020-07-31 11:39:05.311660,25.861145253565812,52.61653452536545
2020-07-31 11:39:05.880372,25.86255678917816,52.694810884973684
2020-07-31 11:39:06.506290,25.865379860447835,52.67676295331176
2020-07-31 11:39:07.199241,25.865379860447835,52.63464368597932
2020-07-31 11:39:07.881835,25.85549911126632,52.622597885166975
2020-07-31 11:39:08.506328,25.863497812928056,52.598479244095564
2020-07-31 11:39:09.189169,25.871026003167074,52.59256387386176
2020-07-31 11:39:09.821790,25.86255678917816,52.62858029655958
2020-07-31 11:39:10.430455,25.866791396105157,52.61659518980439
2020-07-31 11:39:11.040524,25.870555491264643,52.65880962870002
2020-07-31 11:39:11.656801,25.870555491264643,52.65880962870002
2020-07-31 11:39:12.293396,25.975704144099563,52.622678818255224
2020-07-31 11:39:12.979484,25.978527215599094,52.658850246248036
2020-07-31 11:39:13.610791,25.981820799091,52.664913801593755
2020-07-31 11:39:14.230252,25.979938751371343,52.67700712084425
2020-07-31 11:39:14.919720,25.98276182296082,52.640882786368984
2020-07-31 11:39:15.551056,25.884200337111388,52.64093683353319
2020-07-31 11:39:16.170513,25.889846480630133,52.62294855072691
2020-07-31 11:39:16.776197,25.89878620835868,52.598983712167225
2020-07-31 11:39:17.396726,25.906314400596468,52.53885752770475
2020-07-31 11:39:18.025274,25.912901569154318,52.52088054437529
2020-07-31 11:39:18.649480,25.91713617768533,52.51491698928423
2020-07-31 11:39:19.279769,25.927487443551342,52.502949681210595
2020-07-31 11:39:19.898839,25.92889897986826,52.53313452143288
2020-07-31 11:39:20.590526,25.933133588908962,52.521107234369
2020-07-31 11:39:21.279659,25.937368198084577,52.52719093220655
2020-07-31 11:39:21.909803,25.941132295242834,52.49116153051179
2020-07-31 11:39:22.525757,25.946778441180097,52.4731695639677
2020-07-31 11:39:23.223818,25.998465703073602,52.443122563431466
2020-07-31 11:39:23.855248,26.00270031284885,52.43715798684402
2020-07-31 11:39:24.539689,26.009287483878516,52.4553029176443
2020-07-31 11:39:25.169601,26.01164004503966,52.467370928558076
2020-07-31 11:39:25.899586,26.015874655234647,52.43125931720042
2020-07-31 11:39:26.525930,25.972186100865954,52.443406721771574
2020-07-31 11:39:27.150920,25.92755652201781,52.48560238936818
2020-07-31 11:39:27.778154,25.932261644781487,52.48566875729883
2020-07-31 11:39:28.390563,25.93555523081517,52.479690995235664
2020-07-31 11:39:29.000572,25.98583095714629,52.467695515803904
2020-07-31 11:39:29.620465,25.99006556800088,52.5039008267103
2020-07-31 11:39:30.237542,26.04034129455853,52.52202682134446
2020-07-31 11:39:30.946667,26.04504641802178,52.52809105885331
2020-07-31 11:39:31.700393,26.050692566397544,52.5401662671743
2020-07-31 11:39:32.985250,26.110270618936347,52.51620223705452
2020-07-31 11:39:34.209908,26.06416041291409,52.491394053183
2020-07-31 11:39:34.985715,26.091920637072388,52.41955366243045
2020-07-31 11:39:35.780961,26.054348743603175,52.38895856581958
2020-07-31 11:39:36.410609,26.077403850980787,52.35372940260769
2020-07-31 11:39:37.055247,25.989664155910145,52.35995702622172
2020-07-31 11:39:37.738479,25.99954491852342,52.36611940961611
2020-07-31 11:39:38.375384,26.004720556375908,52.36619140663019
2020-07-31 11:39:38.995697,26.06393602350256,52.36025791592526
2020-07-31 11:39:39.615717,26.020247471142632,52.378418414629465
2020-07-31 11:39:40.239853,26.02730516027259,52.36038217003749
2020-07-31 11:39:40.869307,26.033892337132013,52.31830313214773
2020-07-31 11:39:41.500741,25.99349737374396,52.282241658268944
2020-07-31 11:39:42.117457,26.001025576615223,52.258223765972964
2020-07-31 11:39:42.745040,26.050360280708855,52.22823757546961
2020-07-31 11:39:43.365381,26.056006433262056,52.186134301089865
2020-07-31 11:39:43.988029,26.06165258605511,52.19826300245376
2020-07-31 11:39:44.610226,26.113339854233093,52.21641131551454
2020-07-31 11:39:45.235080,26.1152219052907,52.198359308144184
2020-07-31 11:39:45.797169,26.075297456295218,52.216527102364076
2020-07-31 11:39:46.474766,26.079532071482145,52.22261097997832
2020-07-31 11:39:47.098180,26.087060276592034,52.22267533869272
2020-07-31 11:39:47.797078,26.130748827532834,52.24079205990424
2020-07-31 11:39:48.420026,26.134042417332537,52.210623264154194
2020-07-31 11:39:49.039461,26.18525917366638,52.20464217006851
2020-07-31 11:39:49.670569,26.19184635374383,52.22278473868842
2020-07-31 11:39:50.290065,26.18572968651823,52.20471281607894
2020-07-31 11:39:50.989986,26.143923187221347,52.21682936934207
2020-07-31 11:39:51.624541,26.144864212963352,52.210816059464946
2020-07-31 11:39:52.319454,26.15662703530058,52.19289779898001
2020-07-31 11:39:52.944592,26.1716834494113,52.14482725023375
2020-07-31 11:39:53.562282,26.17827063112108,52.10270500598161
2020-07-31 11:39:54.198375,26.184857813157326,52.078687091208764
2020-07-31 11:39:54.841419,26.19285653464023,52.05466852033454
2020-07-31 11:39:55.464636,26.199914230466085,52.04874891911595
2020-07-31 11:39:56.160210,26.200384743534464,52.030768872467284
2020-07-31 11:39:56.789824,26.212618083897034,52.00682395908697
2020-07-31 11:39:57.475197,26.219205267635566,52.04910202585231
2020-07-31 11:39:58.094861,26.22202834648059,52.06119415380858
2020-07-31 11:39:58.670398,26.23567322841019,52.055223780389845
2020-07-31 11:39:59.300219,26.247906572020764,52.02521342141261
2020-07-31 11:39:59.920120,26.21315777557042,51.98921201004345
2020-07-31 11:40:00.609135,26.173703847037114,51.95320262452588
2020-07-31 11:40:01.279216,26.183114113451655,51.93521284660124
2020-07-31 11:40:01.903251,26.19205386716259,51.887231532045305
2020-07-31 11:40:02.509722,26.152599939978455,51.88129618835919
2020-07-31 11:40:03.139528,26.16201020819189,51.88141975086913
2020-07-31 11:40:03.834441,26.215109024244697,51.86944973184691
2020-07-31 11:40:04.477358,26.222637239668252,51.84543501782813
2020-07-31 11:40:05.104403,26.18694742217968,51.82743578045762
2020-07-31 11:40:05.715091,26.238164185326013,51.79734836800542
2020-07-31 11:40:06.412639,26.290792489293167,51.755209068913736
2020-07-31 11:40:07.061425,26.298320706369047,51.76131690303244
2020-07-31 11:40:07.690931,26.24804496987083,51.77945182637206
2020-07-31 11:40:08.382240,26.28702838091513,51.76729686592977
2020-07-31 11:40:09.014393,26.292204029962416,51.77942131688591
2020-07-31 11:40:09.632125,26.248515483438904,51.779457928140936
2020-07-31 11:40:10.265844,26.204356423397286,51.76743092285231
2020-07-31 11:40:10.887159,26.212825668057373,51.75548288088917
2020-07-31 11:40:11.465965,26.18137047643418,51.71338952461728
2020-07-31 11:40:12.157540,26.18325253108958,51.69538698717346
2020-07-31 11:40:12.794043,26.23399878206864,51.68335287320326
2020-07-31 11:40:13.419816,26.286156574281605,51.68340715190451
2020-07-31 11:40:14.055321,26.29368479372936,51.64730390593878
2020-07-31 11:40:14.680563,26.29462582119031,51.605206079712275
2020-07-31 11:40:15.310354,26.30403609616626,51.58723689404891
2020-07-31 11:40:15.946708,26.362310568730102,51.551207645667375
2020-07-31 11:40:16.629424,26.375014442128798,51.53327823338799
2020-07-31 11:40:17.259658,26.330492821569752,51.51533028562675
2020-07-31 11:40:17.889864,26.34178515545849,51.49135144282472
2020-07-31 11:40:18.520399,26.315976142172666,51.50956580562536
2020-07-31 11:40:19.139408,26.279815822785523,51.48558012373959
2020-07-31 11:40:19.839430,26.242714476050697,51.437465510851375
2020-07-31 11:40:20.569597,26.35445033928445,51.36533001946169
2020-07-31 11:40:21.211254,26.41460687704056,51.33534307229314
2020-07-31 11:40:21.854852,26.471940330996347,51.34753802651266
2020-07-31 11:40:22.486964,26.479468558332595,51.33556814052544
2020-07-31 11:40:23.166195,26.549505899413656,51.359843249396306
2020-07-31 11:40:23.803967,26.511463529268724,51.31776235071854
2020-07-31 11:40:24.368035,26.519932787570436,51.3118344255527
2020-07-31 11:40:25.005745,26.529343075205283,51.29384309067456
2020-07-31 11:40:25.638776,26.442837729451544,51.26983088274347
2020-07-31 11:40:26.277336,26.418440273454767,51.245487079548184
2020-07-31 11:40:26.919924,26.481419904110606,51.233623081565945
2020-07-31 11:40:27.626605,26.451376280992903,51.221758392527526
2020-07-31 11:40:28.260104,26.41568648591558,51.17966431483673
2020-07-31 11:40:28.885480,26.472078918480022,51.149621681594894
2020-07-31 11:40:29.509479,26.494193102994156,51.12562152287824
2020-07-31 11:40:30.139726,26.458503311403028,51.07146295529032
2020-07-31 11:40:30.764932,26.470736692647172,51.05952564426226
2020-07-31 11:40:31.408464,26.5684650953933,51.041571649514786
2020-07-31 11:40:32.034885,26.567524065993542,51.1200544158982
2020-07-31 11:40:32.718923,26.498065186957344,51.24656425950013
2020-07-31 11:40:33.285937,26.510769083112073,51.30704303142337
2020-07-31 11:40:33.904502,26.524884524708114,51.204659781720935
2020-07-31 11:40:34.528429,26.489194736373317,51.15652683321251
2020-07-31 11:40:35.155221,26.449270315593854,51.186770493004566
2020-07-31 11:40:35.784233,26.51261250619914,51.174794815025365
2020-07-31 11:40:36.416270,26.517788169464364,51.07832613441936
2020-07-31 11:40:37.075579,26.57041649058099,51.01803727024084
2020-07-31 11:40:37.718277,26.57935627347068,50.993931152366464
2020-07-31 11:40:38.357096,26.533893648289997,50.933699896773405
2020-07-31 11:40:38.979800,26.590286090333628,50.84331282380279
2020-07-31 11:40:39.625582,26.609037337533387,50.758949317682834
2020-07-31 11:40:40.289988,26.62550535928725,50.710548420784754
2020-07-31 11:40:40.910935,26.58746300050534,50.7046097702703
2020-07-31 11:40:41.510196,26.598755360178256,50.650427775773295
2020-07-31 11:40:42.149607,26.506310594283725,50.620365681742214
2020-07-31 11:40:42.788129,26.467797722320167,50.64459322785766
2020-07-31 11:40:43.404556,26.372529867157006,50.60242929925484
2020-07-31 11:40:43.935855,26.37817604841259,50.481794382777565
2020-07-31 11:40:44.564960,26.388527381337447,50.50600133187069
2020-07-31 11:40:45.206110,26.48426575077825,50.34309775099439
2020-07-31 11:40:45.841160,26.43550952439653,50.27060310749057
2020-07-31 11:40:46.469468,26.547245409183724,50.22239395319513
2020-07-31 11:40:47.108673,26.559478804589176,50.264742299199895
2020-07-31 11:40:47.730064,26.624232547739748,50.289109621968514
2020-07-31 11:40:48.355644,26.588542771280995,50.2650813658415
2020-07-31 11:40:48.986330,26.65423754642641,50.24104219824268
2020-07-31 11:40:49.619521,26.664588884188294,50.217007073675695
2020-07-31 11:40:50.264097,26.61771472305214,50.229173471482014
2020-07-31 11:40:50.975725,26.625713485140125,50.24133020577395
2020-07-31 11:40:51.623686,26.644534103716573,50.22936674701701
2020-07-31 11:40:52.258882,26.594366336320817,50.157018115907626
2020-07-31 11:40:52.889136,26.553030379209446,50.060489976932566
2020-07-31 11:40:53.465857,26.601316084334474,50.00017443130107
2020-07-31 11:40:54.094120,26.59708144481748,49.969913340905975
2020-07-31 11:40:54.723598,26.632300701338735,50.06634284186821
2020-07-31 11:40:55.344715,26.678233830651617,50.06624118564071
2020-07-31 11:40:55.975048,26.673058161138563,49.9877130054659
2020-07-31 11:40:56.613879,26.674940222756355,49.957548919188724
2020-07-31 11:40:57.280930,26.680115892342698,49.92138081740298
2020-07-31 11:40:57.914328,26.626076017831302,49.93949112208887
2020-07-31 11:40:58.635377,26.562733818164915,49.957525094299186
2020-07-31 11:40:59.265705,26.55661711845925,49.96348542575136
2020-07-31 11:40:59.898428,26.492804404242055,49.98153291616161
2020-07-31 11:41:00.532746,26.47962997585571,50.210689035384995
2020-07-31 11:41:01.297315,26.461279881350883,50.33120831740578
2020-07-31 11:41:01.877784,26.51097713723397,50.373390759276475
2020-07-31 11:41:02.449108,26.50862456130689,50.44578890681964
2020-07-31 11:41:03.079751,26.56490902997735,50.47597003323043
2020-07-31 11:41:03.717393,26.516152804420123,50.55446275007891
2020-07-31 11:41:04.352425,26.460809366140484,50.61485474410615
2020-07-31 11:41:05.001086,26.39135047227505,50.63899987891728
2020-07-31 11:41:05.634360,26.394644078444706,50.68712587837922
2020-07-31 11:41:06.269847,26.39746716951223,50.68112810237425
2020-07-31 11:41:06.900096,26.445752880287127,50.71728354322742
2020-07-31 11:41:07.554411,26.445752880287127,50.6931447453519
2020-07-31 11:41:08.169470,26.402465492959568,50.668520411034685
2020-07-31 11:41:08.795136,26.36829523137272,50.668763138697436
2020-07-31 11:41:09.438807,26.32753776128588,50.66893193930527
2020-07-31 11:41:10.077747,26.28583926253549,50.65098560590143
2020-07-31 11:41:10.710365,26.35765073320579,50.657141537707105
2020-07-31 11:41:11.360751,26.40734798872077,50.64512941642644
2020-07-31 11:41:12.008506,26.41628777816144,50.663165947964664
2020-07-31 11:41:12.578815,26.411112110517237,50.65119598285045
2020-07-31 11:41:13.209187,26.420522415474785,50.65113813601663
2020-07-31 11:41:13.836829,26.357180217967077,50.64520823012643
2020-07-31 11:41:14.469980,26.367061038329908,50.63919938910474
2020-07-31 11:41:15.046862,26.43275581291566,50.621203955303606
2020-07-31 11:41:15.678622,26.494686465546707,50.65144834478825
2020-07-31 11:41:16.315139,26.496568526878008,50.66957508952891
2020-07-31 11:41:16.929456,26.504567287833357,50.67569994882732
2020-07-31 11:41:17.503991,26.45345848807299,50.6274697074338
2020-07-31 11:41:18.130201,26.45863415736618,50.5913143686219
2020-07-31 11:41:18.760413,26.466632919397536,50.56122484863054
2020-07-31 11:41:19.394192,26.532798212699873,50.5552410490031
2020-07-31 11:41:20.008241,26.594728867366335,50.519088546430496
2020-07-31 11:41:20.646209,26.60319814638534,50.53726319168968
2020-07-31 11:41:21.285391,26.55161883260884,50.50717654227765
2020-07-31 11:41:21.909426,26.501921581164694,50.53136684636942
2020-07-31 11:41:22.536259,26.50850879906559,50.54954202650211
2020-07-31 11:41:23.169661,26.51744859531042,50.5497128907178
2020-07-31 11:41:23.804577,26.580320283101027,50.53771812744032
2020-07-31 11:41:24.444882,26.58408440821546,50.53775946879872
2020-07-31 11:41:25.083768,26.64789712792595,50.52577464087467
2020-07-31 11:41:25.724327,26.596317815573578,50.50771186417266
2020-07-31 11:41:26.295552,26.545209019061218,50.50776331303272
2020-07-31 11:41:26.930587,26.494100222715424,50.54403357040527
2020-07-31 11:41:27.574042,26.507745179370826,50.48977704270259
2020-07-31 11:41:28.150279,26.456636383674635,50.45363386770283
2020-07-31 11:41:28.780530,26.462753089053486,50.48386859654099
2020-07-31 11:41:29.406818,26.471222373888914,50.47789845432601
2020-07-31 11:41:30.026459,26.47969165926401,50.45384312391041
2020-07-31 11:41:30.666682,26.535976128622377,50.42978699478637
2020-07-31 11:41:31.319482,26.58802595519742,50.399566336520564
2020-07-31 11:41:31.978527,26.583791312547348,50.42366867471849
2020-07-31 11:41:32.648704,26.580027185860548,50.39948023986686
2020-07-31 11:41:33.278779,26.685175862261005,50.387436622324
2020-07-31 11:41:33.940064,26.63265551968771,50.387472013983235
2020-07-31 11:41:34.514461,26.588604462990872,50.38753773578551
2020-07-31 11:41:35.150396,26.645359448267538,50.36344970982303
2020-07-31 11:41:35.775743,26.657122346183378,50.3393108934639
2020-07-31 11:41:36.427310,26.564207083870244,50.3213242939028
2020-07-31 11:41:37.060016,26.569382759649457,50.315386946620656
2020-07-31 11:41:37.690160,26.5811456598972,50.31556697750939
2020-07-31 11:41:38.331802,26.537565123770804,50.27343250182836
2020-07-31 11:41:39.015908,26.551210090618284,50.24942473761823
2020-07-31 11:41:39.660763,26.535683059487983,50.22510987273932
2020-07-31 11:41:40.209284,26.55309215512097,50.170949613268775
2020-07-31 11:41:40.865714,26.563914026528614,50.10462637290446
2020-07-31 11:41:41.520308,26.61408178612915,50.19521506599349
2020-07-31 11:41:42.149525,26.61831643152254,50.22534671681643
2020-07-31 11:41:42.786123,26.623962625590263,50.171047512175136
2020-07-31 11:41:43.350342,26.63384346578592,50.13487638548311
2020-07-31 11:41:44.068799,26.643724306716127,50.0987478326188
2020-07-31 11:41:45.146400,26.601084808943998,50.04463626523011
2020-07-31 11:41:46.291150,26.6217875277079,50.008613369728586
2020-07-31 11:41:46.928212,26.583205190788426,49.99020563929571
2020-07-31 11:41:47.571058,26.54932802614225,49.91730047891013
2020-07-31 11:41:48.216726,26.561090929554716,49.899302345004045
2020-07-31 11:41:48.837685,26.480632691005667,49.78377416160875
2020-07-31 11:41:49.435157,26.54227028459446,49.82061243831669
2020-07-31 11:41:50.041359,26.583205190788426,49.85121182000401
2020-07-31 11:41:50.683068,26.495218683853327,49.83826195983556
2020-07-31 11:41:51.324657,26.476868564079012,49.81376486996362
2020-07-31 11:41:52.055270,26.488160945178777,49.78373712486413
2020-07-31 11:41:52.688112,26.54227028459446,49.765733456350716
2020-07-31 11:41:53.330376,26.57473589881738,49.712230123682374
2020-07-31 11:41:53.916840,26.619434945867784,49.70058491941695
2020-07-31 11:41:54.561805,26.65848780980541,49.67680319900193
2020-07-31 11:41:55.239476,26.64350079127819,49.6469056127932
2020-07-31 11:41:55.814206,26.670790757674744,49.61696431609435
2020-07-31 11:41:56.454353,26.691022977758102,49.592994005983655
2020-07-31 11:41:57.093279,26.71031416721745,49.556930937214716
2020-07-31 11:41:57.750769,26.744661901722157,49.526888950746766
2020-07-31 11:41:58.279554,26.759718445673187,49.51496511406287
2020-07-31 11:41:58.864596,26.773363440102074,49.48489804416876
2020-07-31 11:41:59.500195,26.775245508409093,49.46689985342089
2020-07-31 11:42:00.087398,26.790302055824665,49.436708059799564
2020-07-31 11:42:00.710008,26.80300601903324,49.41872117183176
2020-07-31 11:42:01.383668,26.86316264581304,49.40071170967774
2020-07-31 11:42:02.034556,26.797830330172058,49.37666768721407
2020-07-31 11:42:02.608703,26.81665101790606,49.32228595665486
2020-07-31 11:42:03.239603,26.834060156432727,49.304315882420966
2020-07-31 11:42:03.895716,26.904460146658487,49.292362090622156
2020-07-31 11:42:04.539592,26.914341011164225,49.286408270573844
2020-07-31 11:42:05.130921,26.92375135899546,49.28045000984686
2020-07-31 11:42:05.690126,26.93410274237935,49.24428433548032
2020-07-31 11:42:06.265998,26.947277231488428,49.19605549196452
2020-07-31 11:42:06.827874,26.856714587901106,49.141768048710404
2020-07-31 11:42:07.405319,26.865654421331442,49.123715529384526
2020-07-31 11:42:08.103878,26.911695531674464,49.09953661290902
2020-07-31 11:42:08.741126,26.930516235531908,49.081442186875286
2020-07-31 11:42:09.290637,26.94416124749503,49.09365669482217
2020-07-31 11:42:09.929754,26.94792538897275,49.09981943385072
2020-07-31 11:42:10.562345,26.913647221604585,49.10589625548528
2020-07-31 11:42:11.209062,26.92541016549221,49.106002874680435
2020-07-31 11:42:11.790699,26.93858466388226,49.11214961637409
2020-07-31 11:42:12.426240,26.951288645709408,49.08808695010926
2020-07-31 11:42:13.066243,26.996859237883843,49.1123670349297
2020-07-31 11:42:13.702466,27.053722259215213,49.10641267871466
2020-07-31 11:42:14.339059,27.064073653445774,49.076279297622676
2020-07-31 11:42:14.974262,27.07536608443492,49.112645810859696
2020-07-31 11:42:15.610202,27.14200195185483,49.08856053699571
2020-07-31 11:42:16.188651,27.073916153237732,49.094699363749854
2020-07-31 11:42:16.809415,27.073916153237732,49.14318243783576
2020-07-31 11:42:17.398726,27.086149624516615,49.19165023355443
2020-07-31 11:42:17.967282,27.109205015756675,49.14943755300742
2020-07-31 11:42:18.536568,27.063742463717766,49.167672350476565
2020-07-31 11:42:19.169640,27.166646603485525,49.11939964934021
2020-07-31 11:42:19.805001,27.128604305266446,49.107394461162144
2020-07-31 11:42:20.387763,27.09197356267743,49.09537662435921
