time,100-200,500-600,1000-1200,2000-3000
2020-08-07 12:06:12.004026,0,0,0,0
2020-08-07 12:07:12.120213,37.60982956854922,17.100684715086334,15.17842262967329,13.287657295314599
2020-08-07 12:08:12.220118,32.36768990685189,10.053468044575576,6.767354663491628,5.951879083169981
2020-08-07 12:09:12.320209,32.51675183975517,11.355633239121499,11.074911411381905,8.566447426364306
2020-08-07 12:10:12.420025,33.98356290484565,14.02885916940114,13.466767212722875,10.156521741279752
2020-08-07 12:11:12.479947,33.42878673475629,12.624850863331567,20.70046757029904,8.473471706044121
2020-08-07 12:12:12.580565,33.88289622634201,13.558822554309108,9.281233360109924,7.8201113593042875
2020-08-07 12:13:12.665776,36.05410528646066,13.766726486677477,40.491243172142596,9.930405064819167
2020-08-07 12:14:12.769732,32.49613257698938,11.343900907562931,9.343783483740498,11.496216902790705
2020-08-07 12:15:12.799802,34.89819545303317,13.278271071860011,11.018912408804354,10.311573928432434
2020-08-07 12:16:12.908826,36.00128394005933,15.39862504252977,13.246167039670981,11.502857996383453
2020-08-07 12:17:12.992481,33.32635290022596,10.863065582179399,7.346201193483443,6.3580618611928745
2020-08-07 12:18:13.090912,37.32183883178212,17.31152947257202,15.474762632099178,13.560083387287845
2020-08-07 12:19:13.179307,35.2599983984303,13.308942053901069,11.065981263080637,10.390337380788853
2020-08-07 12:20:13.288911,36.39257870356829,15.686936288507185,13.594863939228082,11.838712405226834
2020-08-07 12:21:13.381777,32.420137498400344,10.362567328802829,7.252769237590947,7.959527827449348
2020-08-07 12:22:13.478588,32.30458037991875,9.359514497133057,4.293759266054135,2.0539195938963677
2020-08-07 12:23:13.572845,36.69633415331619,16.36055092056595,14.348763105506514,12.585406900865284
2020-08-07 12:24:13.670959,34.515338955889135,12.500092259073996,10.002670798144123,9.266376092328658
2020-08-07 12:25:13.765142,35.51518587714108,14.37085521882677,11.981125797693407,10.342860047161503
2020-08-07 12:26:13.869570,32.15806732993999,11.190767243828526,8.91234348272843,11.371201248188132
2020-08-07 12:27:13.927331,34.12260265320668,11.972220007473934,9.127872288873437,8.241452998301218
2020-08-07 12:28:14.027998,34.45804608336662,11.375987816454744,8.121737889880444,7.1856950300373255
2020-08-07 12:29:14.127679,33.38799384703544,10.790448644017292,6.69289642889958,6.902390818312069
2020-08-07 12:30:14.211906,34.39158144490449,12.328586042759122,9.750772790292297,8.99335070162061
2020-08-07 12:31:14.317882,66.76927436484728,13.191741315236866,10.851279085094443,12.464533864869617
2020-08-07 12:32:14.419497,34.950439673001604,12.840624799176673,9.995399945396416,8.438653244180342
2020-08-07 12:33:14.527289,37.92292070510089,17.597613310445535,15.793227863985594,13.907043793949287
2020-08-07 12:34:14.566037,35.66188265198932,13.58001896656735,11.381999817976393,10.70132568400721
2020-08-07 12:35:14.664961,32.208445606271695,10.866379140286789,8.369551867010982,10.401724864016339
2020-08-07 12:36:14.701823,33.88866168271517,11.898402133981739,8.527309392576507,7.559837350453068
2020-08-07 12:37:14.804038,34.78311670851606,13.313587869389025,10.624868526751683,9.21787583197979
2020-08-07 12:38:14.899017,34.60725474872213,12.379171108917198,9.48926171748644,8.008718333615969
2020-08-07 12:39:14.974361,32.33431597680265,9.899229483196816,5.843426510502447,5.785117860528868
2020-08-07 12:40:15.068137,32.0741460547525,10.779887723813586,7.891624495819539,10.161740726048048
2020-08-07 12:41:15.152319,32.23154422074299,11.049712023827398,8.845398012980413,11.286938013024503
2020-08-07 12:42:15.243628,31.89604680526799,9.869887956273688,5.59820924259774,5.452839674919335
2020-08-07 12:43:15.353377,31.86850075428329,9.405611206392651,4.980429255777768,3.16660810991301
2020-08-07 12:44:15.451110,32.016845029590286,9.69021276728104,4.551170794690763,2.808805085666469
2020-08-07 12:45:15.547491,34.30268827833813,12.244144322131728,9.63425037098755,8.858587396731204
2020-08-07 12:46:15.647595,32.71561054674109,10.498178756822833,6.4343364256021935,7.0077555875023005
2020-08-07 12:47:15.749538,38.10022250168828,17.949945785364356,16.15971058171637,14.222281323757771
2020-08-07 12:48:15.829541,36.137494839444685,15.32724549355276,13.41608949502281,12.022155969389388
2020-08-07 12:49:15.937749,32.378756948969425,11.182161129428787,9.110314685278945,10.18212016589101
2020-08-07 12:50:16.027687,35.26760959821489,13.420397942447618,11.251236236876316,10.580816998273596
2020-08-07 12:51:16.127632,32.52428997135512,12.3230722168863,10.627879053895919,10.363865304275867
2020-08-07 12:52:16.184369,32.05602058600881,10.765263572238128,8.381963842740866,7.921357260276455
2020-08-07 12:53:16.284454,37.177989567459505,11.127217678791276,8.635561530273637,8.24406645272743
2020-08-07 12:54:16.378192,32.15179612033678,9.111566682670569,4.4719617853843605,2.338183860465202
2020-08-07 12:55:16.477766,33.69965379484076,11.032258096088581,7.185589586267047,6.374423344293047
2020-08-07 12:56:16.568120,34.40203499759584,12.15538921288329,9.44682478918802,8.63101144782111
2020-08-07 12:57:16.677748,32.297673354062745,9.873502502183863,5.827536073786653,5.178133008368566
2020-08-07 12:58:16.767831,34.132097746013926,10.964943811696914,7.53788396803012,6.559964251310492
2020-08-07 12:59:16.847018,32.95431015282246,10.575369246614601,6.161700683608558,5.256103085829207
2020-08-07 13:00:16.946482,33.56585157543201,11.030310605538018,7.473322502672468,6.064069458535339
2020-08-07 13:01:17.037553,32.40860784780077,10.838964928795155,8.208539397891895,10.514897221258304
2020-08-07 13:02:17.109167,32.42610893592441,10.391600288441971,7.1376184898052735,8.009444637300996
2020-08-07 13:03:17.211242,32.37704339496825,10.500631076216418,7.783544500231496,7.620165224176795
2020-08-07 13:04:17.300106,34.40635031519949,13.155264376947281,10.542501715532534,8.970594459118454
2020-08-07 13:05:17.387755,32.40275623115677,10.086558190763878,5.846506785389708,6.045962815503096
2020-08-07 13:06:17.463516,31.953860497592455,9.4761271417033,5.475181028653476,3.6804936964487696
2020-08-07 13:07:17.557606,32.954706798532136,9.394380288568096,4.714961867303037,2.7047840830528758
2020-08-07 13:08:17.690980,32.17464478246397,10.008349148878505,6.505655644420384,6.339370306918919
2020-08-07 13:09:17.762870,32.607881602835946,10.195785450914775,5.637148181508378,4.448663048009069
2020-08-07 13:10:17.859408,32.25658104952411,10.602309825497139,7.260469545974458,9.060140542307169
2020-08-07 13:11:17.929425,35.378395711778,13.801301107026088,11.667985238307633,11.005177234930812
2020-08-07 13:12:18.027482,34.35002136872998,12.65795351828417,9.698372138936485,8.600887234097078
2020-08-07 13:13:18.127729,32.36520248051433,10.01529054632358,5.426462466322771,4.6707983783054905
2020-08-07 13:14:18.245026,32.37079547365755,11.237196201289702,8.99403147088026,11.445900870084538
2020-08-07 13:15:18.337750,32.102735251047754,11.025196584568528,8.560166038255913,10.962134658456089
2020-08-07 13:16:18.433870,33.771537272221764,12.063405683758752,8.936203421461226,7.614603617035206
2020-08-07 13:17:18.537715,32.71177169296783,9.797733621066975,5.161497762354741,3.673891266642935
2020-08-07 13:18:18.627342,33.19867160280428,11.238860489381132,7.46814971534747,7.14815340610578
2020-08-07 13:19:18.741395,34.40449053504269,12.241985484197265,9.512910123505527,8.725589288954751
2020-08-07 13:20:18.843863,34.906632668144404,13.223994109403773,10.967750842907469,10.25975153731734
2020-08-07 13:21:18.940393,31.815362862155027,9.364826385065744,5.164250834670934,3.7417603933714423
2020-08-07 13:22:19.038049,32.31932745902005,10.298991607457946,7.487536380502816,6.29545542079182
2020-08-07 13:23:19.149957,35.15179428912357,13.681038956066443,11.51104596052875,10.853526293552534
2020-08-07 13:24:19.246851,34.58153413378518,12.547389712944193,10.056277095217782,9.315723453765647
2020-08-07 13:25:19.338231,33.79408958207033,11.421036237323442,7.887651887252609,6.598055954409583
2020-08-07 13:26:19.447541,34.287736870581696,12.100064628974708,8.872250337162287,7.9585976474835665
2020-08-07 13:27:19.539947,33.745037284896895,11.761684958665887,8.484965424686525,8.12996695876877
2020-08-07 13:28:19.593670,32.77933387592201,10.303662549590895,6.010281032026907,4.685335593168497
2020-08-07 13:29:19.679292,31.99955235227531,10.202654339216677,6.112305231882515,6.657142765067214
2020-08-07 13:30:19.767677,35.410812963869915,13.726601986225061,11.400704480698446,10.244606204777414
2020-08-07 13:31:19.875568,32.45511842316407,10.233718201273208,5.78430502949082,5.327583820123138
2020-08-07 13:32:19.963752,32.21537018233262,9.647357381324298,4.570409154819177,2.83164593125641
2020-08-07 13:33:20.062282,32.69590963664363,9.766293694677515,5.489012519341802,4.923170941801767
2020-08-07 13:34:20.167571,32.339258808079215,9.76408853471441,5.003429992552476,3.629423273097106
2020-08-07 13:35:20.230245,32.643822567437375,10.560269325109914,7.735192821779826,8.218436940051648
2020-08-07 13:36:20.337783,35.358368034776255,13.489546618487523,10.975837187241046,9.375108753382538
2020-08-07 13:37:20.440021,32.03174300230327,9.35374743142952,4.345625198448648,2.2318119400591883
2020-08-07 13:38:20.483046,32.812131317120155,9.492718880745917,4.598188203836508,3.0255016727563286
2020-08-07 13:39:20.590746,33.535616394610855,11.564232977665696,8.289183281713303,7.979980878197135
2020-08-07 13:40:20.679279,35.086605097966455,13.517129223623778,10.962877939197778,9.358506566318907
2020-08-07 13:41:20.778139,34.756232567978486,13.087395298534318,10.800187011729626,10.109260846118493
2020-08-07 13:42:20.877502,31.564419845651514,9.949194905525585,5.890392679365257,6.116550797751025
2020-08-07 13:43:20.965002,33.736989433116065,11.547878400060437,8.376210314758492,7.112974651791945
2020-08-07 13:44:21.067625,32.78725691999566,12.323662157853153,10.598423849728023,10.639718856802745
2020-08-07 13:45:21.168154,37.301528466075304,17.239566359540426,15.364211957352065,13.465001212672105
2020-08-07 13:46:21.267789,33.81298042759434,11.550459017078204,8.316399981495454,7.143572572669451
2020-08-07 13:47:21.322483,32.03647851826727,10.302177822949496,6.593221348466605,7.790652337149355
2020-08-07 13:48:21.395148,32.093947698113155,9.785967559811741,5.752361952629979,4.938373625492834
2020-08-07 13:49:21.496299,31.872866478001562,10.491715787448697,7.428935012664194,9.547467045248041
2020-08-07 13:50:21.551194,31.814161184078934,9.74071924406657,6.170426197700119,4.702992869885209
2020-08-07 13:51:21.650974,32.37364162543463,9.87302372764887,5.069695290752987,3.8363871323501773
2020-08-07 13:52:21.738458,32.454128840025184,9.574178627452229,4.484990584756617,2.6735177509380077
2020-08-07 13:53:21.832431,32.354410428621605,10.201203545856911,6.204766865282372,6.907668967798395
2020-08-07 13:54:21.938562,32.25641822794222,11.126274562977951,8.763439265838228,11.18852005328699
2020-08-07 13:55:21.983375,34.42833992599219,12.813615121203618,9.943530659881786,8.768170463607214
2020-08-07 13:56:22.088070,35.08147078353989,13.397941509247238,11.281472863693262,10.618389445560977
2020-08-07 13:57:22.208537,32.461151571972046,10.852494932632307,8.298446037248455,10.669055887076848
2020-08-07 13:58:22.307890,32.25096226224378,10.687397606950487,6.77688385699983,7.876241186718403
2020-08-07 13:59:22.395099,32.03357615852834,9.968025641270309,6.906579737456814,5.54765686636501
2020-08-07 14:00:22.498770,33.298705815273614,10.632539693021343,6.150482141165149,4.733363362524487
2020-08-07 14:01:22.582500,38.02974312902449,14.699827421575346,11.743542183283802,10.193274943548886
2020-08-07 14:02:22.648030,32.43081563311417,10.638523771982653,7.034109231226532,8.65459243019973
2020-08-07 14:03:22.739488,34.37462156412814,12.27978297782413,9.059263745219104,8.326009343673526
2020-08-07 14:04:22.838124,34.45028349934727,12.344005718915946,9.63662098302604,8.256443663511941
2020-08-07 14:05:22.957759,32.43469034616499,9.665212017984116,4.86983508839882,3.794617929352513
2020-08-07 14:06:23.050251,31.54129866277885,9.7179900975295,5.387465100705915,4.789898962211406
2020-08-07 14:07:23.092048,32.99665721991201,10.839210225644765,6.852135839287926,7.570961504760671
2020-08-07 14:08:23.188037,32.41364472560278,9.817334859880207,4.81730988399491,3.434950295803289
2020-08-07 14:09:23.291062,36.950154000471336,16.69363130839984,14.753267597342193,12.925481197994698
2020-08-07 14:10:23.387420,34.659565992387684,12.072426575152518,9.371560209098835,8.593410120783219
2020-08-07 14:11:23.482844,32.13536390706226,10.762744581914903,8.131187453557628,10.44034945530759
2020-08-07 14:12:23.575432,37.73650661312725,17.226970169762705,15.279479577242212,13.4027691520924
2020-08-07 14:13:23.677596,32.25885099751796,9.74960931225724,4.872565848056727,3.5832832253416047
2020-08-07 14:14:23.782757,35.73132394354971,14.746143019069565,12.51144396699356,10.841897379422857
2020-08-07 14:15:23.877890,31.785193733407105,10.019855499992794,6.230207403899358,6.657554775293894
2020-08-07 14:16:23.991706,33.57280283458691,11.310262528292004,8.20398270938019,7.3080191746488445
2020-08-07 14:17:24.087632,31.868751390458524,10.452375480635094,7.466892943007459,8.751885751347363
2020-08-07 14:18:24.187511,32.07323440089854,9.480735427974654,4.328348969228724,2.420394454551848
2020-08-07 14:19:24.265158,32.27097011982147,10.32510441384811,6.978845582187998,7.693005042113307
2020-08-07 14:20:24.369558,32.86363243106331,10.849501010066184,8.184500970845683,10.491572920618543
2020-08-07 14:21:24.488718,32.67369354956017,11.17350188143439,9.157496645358457,11.64220983240195
2020-08-07 14:22:24.568285,33.91268751208428,11.456157054660434,8.035910856786261,6.528832608787195
2020-08-07 14:23:24.679325,31.905674662790144,10.120657166281475,6.8656375965339995,6.7688623140741955
2020-08-07 14:24:24.767756,32.34784175036643,11.601437780206252,9.698293552342234,10.05944004453103
2020-08-07 14:25:24.865569,33.22799690849861,10.710198817781647,6.3887040272128335,5.560088631690784
2020-08-07 14:26:24.942447,32.34828631470145,9.97805659795932,5.384969225223804,4.77501708523661
2020-08-07 14:27:25.019262,32.19590978816561,9.667264308217105,5.816936140856005,5.042115867517281
2020-08-07 14:28:25.124120,31.83492674880617,9.402156254795127,5.03025157713071,3.2111638614031253
2020-08-07 14:29:25.219711,32.02622567768546,9.493196256084138,5.092816434052528,3.839154891603852
2020-08-07 14:30:25.312182,32.28995666459382,9.511677365451563,4.5017753715738795,2.6653268151504963
2020-08-07 14:31:25.426902,33.403774423656515,10.924967787156847,7.01405474208555,5.727197568331495
2020-08-07 14:32:25.521681,34.87484235697188,13.040015247014724,10.341335343480027,9.001630437415951
2020-08-07 14:33:25.607497,32.65394908064625,10.443819690763178,7.244749167683806,8.994544941181124
2020-08-07 14:34:25.697726,31.87529027427443,9.52462173704002,4.680828378495735,3.120145041087643
2020-08-07 14:35:25.797553,36.96911321522267,16.236053414721212,14.284138215804491,12.481046399920757
2020-08-07 14:36:25.897495,32.98559708586315,10.86801047740435,6.927017109611272,6.660620826242214
2020-08-07 14:37:25.989536,32.498318350895985,10.762518099904872,8.316785243510433,9.547875870531652
2020-08-07 14:38:26.068468,33.4072919539298,9.752474008639036,4.736274665707805,3.015902768584605
2020-08-07 14:39:26.170381,32.202176110993314,10.460647275383737,7.403723495530314,8.509032136366882
2020-08-07 14:40:26.257611,34.21493868240588,11.54844154304939,8.106728806654973,6.745345951738249
2020-08-07 14:41:26.380089,32.41133019716912,10.237533413312944,5.602737108727899,4.1383682588914725
2020-08-07 14:42:26.433783,33.179742743643686,11.028717747396934,7.431854485719876,5.96185657534097
2020-08-07 14:43:26.538534,34.793881540204715,12.547972324427123,10.122283694645946,9.354914978617664
2020-08-07 14:44:26.584934,32.77747930414758,10.55798211031197,7.834532732974578,7.732786459916896
2020-08-07 14:45:26.681161,33.08835376639777,10.929178961845636,8.300195970042529,10.642821745865238
2020-08-07 14:46:26.780130,34.58280336620283,12.256770822522988,9.642116414752333,8.8707408918482
2020-08-07 14:47:26.880362,33.624534469180595,11.752161828385399,8.340260303993917,7.584401086933186
2020-08-07 14:48:26.964541,32.87182895841202,10.672013075598572,7.675608885368887,9.860367519328596
2020-08-07 14:49:27.057540,33.554585587368486,11.039652943446379,7.257672773539473,5.788436932850644
2020-08-07 14:50:27.152374,32.14145852345899,11.028247441175186,8.712708803937652,11.124647253483387
2020-08-07 14:51:27.257314,34.818804956424714,12.653397690243578,10.236469563809871,9.494821850285895
2020-08-07 14:52:27.355407,32.27669994358264,10.06698103759982,5.515853733151476,4.857273830958978
2020-08-07 14:53:27.455901,31.672228716669252,9.47702651811774,4.9498475534297635,3.542037111718974
2020-08-07 14:54:27.513123,34.68566178423242,13.090247334844452,10.378032834640853,9.052001215761726
2020-08-07 14:55:27.561440,33.74838406409581,11.775470035861215,8.470202916777072,7.0037468189104946
2020-08-07 14:56:27.657506,32.01072508654285,10.597173753208471,7.361566081325223,9.427751289564933
2020-08-07 14:57:27.753841,33.53722846318608,10.528241839214523,6.517098824542989,5.412641255073577
2020-08-07 14:58:27.850909,33.265202443734644,10.869722144009502,7.083842335264631,7.710399040671335
2020-08-07 14:59:27.948124,32.039813519454185,9.752984553666305,5.252576198499927,4.473933905250131
2020-08-07 15:00:28.039034,32.60755364120087,9.828369368944982,5.033984733031705,3.9842842937934235
2020-08-07 15:01:28.118532,35.74032917257985,14.150557926316107,11.758169066488254,10.069590889018887
2020-08-07 15:02:28.222716,32.577034306594236,10.656713337581731,6.962846293139753,7.803049393187081
2020-08-07 15:03:28.348297,34.927849406690896,12.794306150753714,10.477900314698697,9.685794768281651
2020-08-07 15:04:28.450272,32.36044150823575,9.774350713898725,5.024449326883875,4.141783081666084
2020-08-07 15:05:28.550945,34.54328701899145,12.352062579137987,9.738816530566183,8.97163355022527
2020-08-07 15:06:28.639137,34.135880277197195,12.346210155520057,9.37201068086843,7.834736402755492
2020-08-07 15:07:28.742320,35.050063479525136,13.898966010662548,11.400561154071926,9.95961772465279
2020-08-07 15:08:28.831055,36.06779006695895,14.625186505631358,12.308026613952233,10.691788442444313
2020-08-07 15:09:28.944765,32.44320934509991,9.986879426794562,5.869928576177062,6.068426613489906
2020-08-07 15:10:29.037549,33.89766452960744,11.712307245038184,8.471312586608638,7.082641118333033
2020-08-07 15:11:29.087534,32.363287826707925,10.838024872935478,8.251727327168366,10.591564903762237
2020-08-07 15:12:29.219860,33.77898978603483,11.245901362699417,8.127435564962337,7.214703552972595
2020-08-07 15:13:29.302514,32.24788789813044,9.788313607520655,5.556494496990847,4.858231089462152
2020-08-07 15:14:29.399091,32.14599984355607,11.059643323248874,8.841132310615277,11.294129594203644
2020-08-07 15:15:29.458057,36.493137615882844,15.623628031251574,13.524349659826061,11.777057646089649
2020-08-07 15:16:29.555010,32.18465956401079,10.265768698516352,7.44765496935474,6.3000149964782155
2020-08-07 15:17:29.667905,34.226607206771945,11.880414836656678,8.556567243799694,7.054763223355498
2020-08-07 15:18:29.767890,37.21936819967402,16.256947233795607,14.239917561944807,12.433347545643322
2020-08-07 15:19:29.859421,32.989609785939756,10.31528682739998,5.935256161900343,4.559123448589014
2020-08-07 15:20:29.962995,35.77757890282236,13.74907110088996,11.598239522452833,10.926801774625572
2020-08-07 15:21:30.073123,36.38377108598751,15.619309751813196,13.508075815576966,11.78672585389732
2020-08-07 15:22:30.167625,34.709140370293184,12.830512561532181,10.175881616066023,8.925164731697665
2020-08-07 15:23:30.247177,32.26135883501001,10.2706960397016,5.818280922271539,5.256594822568787
2020-08-07 15:24:30.349844,32.5994226398347,10.638886351825642,6.96214888301464,8.506414442691437
2020-08-07 15:25:30.409956,35.95263311356953,14.665283975481346,12.371497727710612,10.778278535814653
2020-08-07 15:26:30.503750,33.559175933073234,12.035989231088076,8.761046497282575,8.109776971972767
2020-08-07 15:27:30.591188,37.40906561498223,17.04786113882976,15.161823888341004,13.348446826879048
2020-08-07 15:28:30.688165,35.036298767801746,13.603448342140407,11.095551641461926,9.636329496038508
2020-08-07 15:29:30.787646,35.13031479876542,11.95330222894958,9.008765635802128,7.7877346233684435
2020-08-07 15:30:30.823566,32.613616988131,10.630374846596215,7.766204317032275,9.940195958718883
2020-08-07 15:31:30.907790,32.51355891272775,9.577612577847148,4.438391271851634,2.6256995573844524
2020-08-07 15:32:31.007249,32.66048874055477,10.512722554214214,6.676133095559337,7.466733715904029
2020-08-07 15:33:31.063754,32.561166733197425,10.604125738960937,6.967129089673035,8.595506071990219
2020-08-07 15:34:31.166740,32.59935094164649,9.559490763515527,4.785294390578643,3.161387875307667
2020-08-07 15:35:31.252368,33.15125035943538,9.608890171961717,4.5497264669470265,2.8221839908118476
2020-08-07 15:36:31.347647,35.12322761148803,13.133279462077667,10.791727742031958,10.095887629972268
2020-08-07 15:37:31.438059,32.75392550960724,10.964640840915727,7.323284141049182,7.520743301950695
2020-08-07 15:38:31.529560,31.97722481073671,9.888760216427166,6.278314984624784,5.612513791431544
2020-08-07 15:39:31.629649,32.25875882829905,11.24747141380644,9.17280743874716,11.668844373533611
2020-08-07 15:40:31.729461,31.66942216136648,9.306359430847868,4.361400821978435,2.3077699528391036
2020-08-07 15:41:31.835588,32.33323706816301,10.256078944193776,6.2789402283003275,7.079877063925292
2020-08-07 15:42:31.927557,34.33615275056771,12.676015340352649,10.196335222211687,9.234429427541405
2020-08-07 15:43:32.030461,33.765155278461854,12.161551301017171,9.03052368669146,8.344385778564476
2020-08-07 15:44:32.127554,33.639065451669396,11.2011729679868,7.871994452645959,6.856234702280602
2020-08-07 15:45:32.257727,32.472355877666594,10.36894193436212,6.142676361972918,6.086652456570988
2020-08-07 15:46:32.356162,32.04226731309388,10.260220349820209,6.3007481898971625,7.1272153564852925
2020-08-07 15:47:32.455086,33.669199392803705,11.235574300100973,7.974700989080842,6.812235547014288
2020-08-07 15:48:32.552809,31.816083611748603,10.497951207343625,7.467580881717741,8.846884956127347
2020-08-07 15:49:32.610677,34.34991250347509,12.217535664630987,9.608137679065,8.835542316762876
2020-08-07 15:50:32.707532,34.64136285287209,13.246825191385165,10.57192728347632,9.01935116140038
2020-08-07 15:51:32.813585,31.84317911937886,10.71095801310464,7.927684741656846,10.196161644545045
2020-08-07 15:52:32.910931,31.894603954861182,11.066553057121503,8.812154226764829,11.305694099148685
2020-08-07 15:53:32.961656,31.74736609673867,9.786746433093372,4.870224411892818,3.658023846065351
2020-08-07 15:54:33.061649,35.944112558868525,14.812974459007275,12.570799663996656,10.88189121723972
2020-08-07 15:55:33.145427,31.978044490243597,10.571919621386442,7.115907919596904,9.003997558108033
2020-08-07 15:56:33.247892,32.26016175962862,12.551245414111753,10.966676835185323,10.89423689428116
2020-08-07 15:57:33.348858,31.847175099967025,11.355285024155926,9.288323744131468,8.30974641279856
2020-08-07 15:58:33.437438,34.611007215996395,12.583903214706206,10.14526485488468,9.403845087290428
2020-08-07 15:59:33.532782,31.808874936506022,10.272309859545059,7.5293560552837775,6.288298701225246
2020-08-07 16:00:33.579955,32.00076106674147,10.77357305136874,8.112605236236424,10.444481658029806
2020-08-07 16:01:33.677443,32.33677101635473,9.948708603085175,5.3630403923188465,3.8525587517470252
2020-08-07 16:02:33.726774,33.643931214254984,11.889233530359315,8.741259566478604,7.291123483547976
2020-08-07 16:03:33.827590,32.27833845235748,10.281257477202338,6.098633675546628,6.420993835810112
2020-08-07 16:04:33.939940,32.90760151027585,10.364157964674318,6.554756663240328,5.464149859158605
2020-08-07 16:05:34.036762,32.23994789443971,10.143453015621635,6.088991769572209,6.649667097636841
2020-08-07 16:06:34.141299,31.951186471625988,10.834620345083966,8.477936574244627,9.236793311400996
2020-08-07 16:07:34.239233,32.19680238982607,11.391955953356485,9.325306926126602,8.386633989855232
2020-08-07 16:08:34.337569,31.772080319558718,10.977813994296564,8.577690433207744,10.987841110291527
2020-08-07 16:09:34.415488,34.20411903531326,12.483937868210175,9.491253393488025,8.77062083164103
2020-08-07 16:10:34.514641,32.07783398418281,10.110205058481956,6.469506535375229,7.153573191512552
2020-08-07 16:11:34.603064,31.774873366172663,10.487655190777371,7.427694598845798,9.212916159255863
2020-08-07 16:12:34.697732,32.15109746839784,11.075709047133966,8.863107701988659,9.378024792082895
2020-08-07 16:13:34.824961,35.19298306986523,13.386248522854494,11.202360120640847,10.535249635945785
2020-08-07 16:14:35.009252,32.13534991525888,9.505973899985342,4.474528822513802,2.5742641618465774
2020-08-07 16:15:35.204314,34.15774561495167,11.663087208184251,8.736926057873834,7.896975902901067
2020-08-07 16:16:35.371099,34.580366635286225,12.854881616559728,10.148939546150666,8.604562341432826
2020-08-07 16:17:35.499870,32.922108319895656,11.40996050038334,8.019973356651697,7.3346497226406635
2020-08-07 16:18:35.609946,32.22871973019122,10.54913766534726,7.120732100392272,8.99386637728149
2020-08-07 16:19:35.711468,34.62185395378171,13.287672401853477,11.117130741557922,10.450276872105707
2020-08-07 16:20:35.797523,32.753314628382235,9.716000716141599,4.805952506118732,3.1750582525352375
2020-08-07 16:21:35.885620,31.908026613220063,10.916765961012882,8.588511236366626,11.006107286507092
2020-08-07 16:22:35.987471,32.11187953801452,9.442127260639012,4.458706452246013,2.668231113743479
2020-08-07 16:23:36.085935,32.25766112341303,9.21762964479168,4.646831670233988,2.6307087512474574
2020-08-07 16:24:36.187795,35.592869465707366,14.900543535285609,12.67792335032426,11.145980689152122
2020-08-07 16:25:36.279354,34.93996060765772,12.992004825872787,10.54979683766871,9.847413482828713
2020-08-07 16:26:36.392362,32.26011816452387,10.513843701667966,6.775800294102323,8.042923754035174
2020-08-07 16:27:36.482951,31.954800157152587,11.080766424684644,8.899748926781694,11.41361966033803
2020-08-07 16:28:36.553736,34.80726036624231,13.532540322730913,11.445915895690057,10.779907656121422
2020-08-07 16:29:36.593175,32.030408866315746,9.76766876339238,5.053416791146171,4.171388993973362
2020-08-07 16:30:36.697843,32.47439466302721,9.870621030425689,5.363211076290675,3.878111289757054
2020-08-07 16:31:36.785017,31.75608741542292,11.044915982223765,8.871891128181227,11.34822760839391
2020-08-07 16:32:36.887892,34.982537398235266,13.35349705804527,10.708036091547383,9.41760026307685
2020-08-07 16:33:36.977560,33.01896441958577,10.566485658242764,6.736650971453876,5.478370692151532
2020-08-07 16:34:37.080699,34.77754400538068,12.804445088881256,10.453980827234199,9.753480584514884
2020-08-07 16:35:37.177559,34.95903953743487,13.564742729329163,11.15703024110116,9.629051607061228
2020-08-07 16:36:37.287850,32.629908971928195,10.823367496802446,6.89804528158226,6.65476042274865
2020-08-07 16:37:37.385564,32.6473185651413,10.441386218949493,6.18368435690622,5.348544714527266
2020-08-07 16:38:37.461517,32.70622008996278,10.67716896411661,6.735581519944244,7.2142496235002165
2020-08-07 16:39:37.559619,31.92008430242746,9.676597117125977,4.830838581697107,3.6486488093743303
2020-08-07 16:40:37.637508,32.37330347411514,10.008012552450532,5.351638116354714,4.1833104859312975
2020-08-07 16:41:37.737523,32.04613032272129,10.496167735146498,7.015868931858813,8.751127160021401
2020-08-07 16:42:37.827529,33.40072551663225,11.584896951174983,8.146819219191663,7.369303429437321
2020-08-07 16:43:37.932605,32.77454844311266,10.405462230934747,6.491629549654854,5.115315132592552
2020-08-07 16:44:38.017806,31.972688631322313,11.291855042629965,9.240905823194723,11.764198262635103
2020-08-07 16:45:38.065629,31.713371190245425,10.929798403410468,8.559902054474705,10.985885041451441
2020-08-07 16:46:38.168004,33.908631617829556,12.243421953719464,9.217506263217675,7.788195335687782
2020-08-07 16:47:38.276498,32.662575074771745,10.794016660303537,6.896369789261096,7.013564553864045
2020-08-07 16:48:38.450816,32.230392128079586,10.341583612374409,7.013852768316033,8.431380419652017
2020-08-07 16:49:38.548519,34.23433277281303,12.350984456157425,9.746683282855749,8.964729461964483
2020-08-07 16:50:38.647777,31.91438947291635,9.918515235991642,5.695516380910706,5.587091319432564
2020-08-07 16:51:38.712637,32.26643177560959,9.798059679339646,5.077788775001483,3.6828675284544308
2020-08-07 16:52:38.808968,33.05892136250948,11.066923885234539,7.380149709940348,7.086139215532264
2020-08-07 16:53:38.897587,34.3540993551318,12.265000777058763,9.712843959318956,8.90539660659771
2020-08-07 16:54:38.999438,34.09811166662146,11.925089978514253,9.165375331629159,8.356919188034613
2020-08-07 16:55:39.094403,36.58817466913031,16.33703683893805,14.35011750948509,12.529810268125974
2020-08-07 16:56:39.189031,34.6254911754354,12.641168666936922,10.192411089741356,9.325630954666394
2020-08-07 16:57:39.277524,37.88051725092236,12.98823614832992,9.437674645838726,9.579989493635392
2020-08-07 16:58:39.385376,32.00344420271509,9.513668641266559,4.620060386485508,3.191815905003154
2020-08-07 16:59:39.484352,35.60336710768934,13.689594151472452,10.803808710612365,9.95943368808256
2020-08-07 17:00:39.575494,32.99233927857838,9.668422521812737,4.265268913317419,2.423506675097226
2020-08-07 17:01:39.681982,32.28371398778459,10.503975409149065,6.548008493579408,7.170264043480522
2020-08-07 17:02:39.797495,32.0751290100048,10.70356569402953,7.875074446777269,10.127482380338984
2020-08-07 17:03:39.897923,31.75990210166503,10.014129248822433,6.125003942912153,6.287751547353155
2020-08-07 17:04:40.027474,31.837649612996685,10.651959938286794,7.894257303014313,10.168756995020585
2020-08-07 17:05:40.122810,32.202407965757416,11.288370917639044,9.21289123265229,11.73836362702203
2020-08-07 17:06:40.222577,33.05192157129003,10.606235947589575,6.862954084812375,5.573404126774718
2020-08-07 17:07:40.308950,31.955807132860535,9.178000514914478,4.463902115200551,2.2900510834212833
2020-08-07 17:08:40.417889,32.31576257069512,10.312024705093254,5.952930785503165,5.5963295786167695
2020-08-07 17:09:40.547612,32.06910168774616,10.926479956353173,8.522642875817935,10.918539501753829
2020-08-07 17:10:40.643658,32.20985874322837,12.284420857625069,10.600475451229679,10.42127313877669
2020-08-07 17:11:40.737672,35.24989527865837,13.75865581387241,11.68912608465223,11.051924217149729
2020-08-07 17:12:40.836176,31.77810688888792,9.980150846377365,6.748671513873084,6.235765525058859
2020-08-07 17:13:40.939944,31.76297168784999,9.325575636040655,4.537151944313357,2.706815102186818
2020-08-07 17:14:41.005983,34.88091137974103,13.265514288777817,11.054829985302273,10.338947503720103
2020-08-07 17:15:41.107910,34.59899041222659,12.664867474219655,10.24065945021858,9.518388607726425
2020-08-07 17:16:41.196008,32.74736309283908,10.374973148548717,6.182833435210259,4.7698994366950975
2020-08-07 17:17:41.250554,34.301214237124995,12.711882918437157,9.976877270319351,8.468567426412669
2020-08-07 17:18:41.377580,32.256439191040094,10.443182031678809,6.470988302662293,7.1914568348745345
2020-08-07 17:19:41.484811,35.18855034172453,13.750974933454906,11.691459494241263,11.045898728564326
2020-08-07 17:20:41.572041,31.88842351306563,9.239853375885051,4.219128314776395,2.0553199847214874
2020-08-07 17:21:41.643373,33.052145898024264,11.196643201346962,7.59388549577415,7.450938242802553
2020-08-07 17:22:41.741769,31.793267174865107,9.974437480536245,6.620132015413785,6.71491116731289
2020-08-07 17:23:41.839307,34.53078007352418,13.215458322765462,10.55887051665554,9.159994372984489
2020-08-07 17:24:41.929912,32.014107707368915,10.630738038304166,7.479583464412056,9.607038531388993
2020-08-07 17:25:42.037609,31.747754729350493,10.291486399151163,7.444528567261067,7.384776607084356
2020-08-07 17:26:42.128099,34.70930841644628,13.10965131974887,10.856509017415064,10.175843494907223
2020-08-07 17:27:42.250495,32.272988603715696,10.344011722634669,6.6128058676511925,7.8613220432535575
2020-08-07 17:28:42.312199,32.488981115661815,12.23098403492986,10.489575349781344,10.014350919472898
2020-08-07 17:29:42.407889,31.54616744925967,9.787138988967481,6.127274250042476,5.701118423644498
2020-08-07 17:30:42.497716,32.725640129494856,10.701318055006443,6.782462121135395,7.1080063386163115
2020-08-07 17:31:42.601399,31.90081996552712,9.522743760107465,5.770934190350183,4.1535540012063565
2020-08-07 17:32:42.707810,32.35360735516119,10.31534931950938,6.138588064897308,6.165825613013645
2020-08-07 17:33:42.811849,32.24436514343699,10.521082528995287,6.997162873196401,8.73130659236258
2020-08-07 17:34:42.844124,32.177541119316764,11.462340646731626,9.47512049056459,9.690933447416104
2020-08-07 17:35:42.937805,31.869236866851235,9.791465264451206,6.247996992115129,5.344707882140758
2020-08-07 17:36:43.020613,34.78978067856592,13.36990634138746,11.177942181885095,10.513462239898159
2020-08-07 17:37:43.127999,32.501970159170796,10.420340931084054,6.241693163263659,5.157617713694123
2020-08-07 17:38:43.192978,35.9156120941073,15.504980995192248,13.399527967345614,11.658539788819121
2020-08-07 17:39:43.288684,31.81680998869554,11.237032707790227,9.215710529754258,11.726928291727505
2020-08-07 17:40:43.382765,31.760937094597498,10.545182680486784,7.922356482294831,8.03642256085417
2020-08-07 17:41:43.472197,32.65412964210165,10.006323110999206,5.577082778009426,4.095796797958699
2020-08-07 17:42:43.568501,32.05340171941663,10.667619046389154,7.768706524576243,10.007415723011782
2020-08-07 17:43:43.693950,31.947221393252647,9.70321313298634,5.88259011885019,4.657085915036569
2020-08-07 17:44:43.788375,33.62180158863985,11.818392766051888,8.491525725359574,7.3290891404110585
2020-08-07 17:45:43.829873,34.12440181108945,12.06319778211717,9.39872910771538,8.61766611948847
2020-08-07 17:46:43.928403,33.08612820999869,10.416956166189129,6.644168765541324,5.575817126364258
2020-08-07 17:47:44.027724,32.57716397852592,10.403988156609929,6.259730015164979,4.936014851744074
2020-08-07 17:48:44.131508,33.251678419070664,10.870354189950065,7.463323197951456,6.410011187450815
2020-08-07 17:49:44.218079,32.87444957027125,10.434680696571773,6.337787602160916,4.9343758549423145
2020-08-07 17:50:44.311872,31.77151236777903,10.762768370097046,8.298123538677451,9.148111777171813
2020-08-07 17:51:44.419141,32.18556554541831,10.23260682080072,6.858437854555834,7.180960649953092
2020-08-07 17:52:44.515795,31.89195157468511,9.814958286022028,5.354350632124854,4.941570359818909
2020-08-07 17:53:44.593828,34.471941091831816,12.935197001157723,10.145260548047592,8.760803833858978
2020-08-07 17:54:44.692320,32.30766920446104,10.19292781804741,5.894620416565357,5.651812687186306
2020-08-07 17:55:44.797484,33.629708121023086,11.768117863789547,8.867737265567843,7.69632464595073
2020-08-07 17:56:44.828749,33.88923297975967,12.393558173089486,9.377372645464003,8.463351377987335
2020-08-07 17:57:44.937763,32.3513962207123,9.807380852184826,5.1992584051848985,3.687617927809475
2020-08-07 17:58:45.029031,31.947943087973975,10.856489462198029,8.488856396666739,8.429554562777884
2020-08-07 17:59:45.096330,34.622407946553615,13.199873998819236,10.693263152731124,9.22455719037063
2020-08-07 18:00:45.171673,33.913265372902394,12.08445022150371,8.852958261015978,7.871985383627688
2020-08-07 18:01:45.222574,34.021457916956926,12.02332381142584,9.253431226016032,8.21922127767551
2020-08-07 18:02:45.319546,31.92325678017884,9.89494872750313,5.309845974648735,4.739196310724274
2020-08-07 18:03:45.417494,32.11149662359935,11.289156470152273,9.30586402031037,11.82836311441436
2020-08-07 18:04:45.513747,31.869887746494804,10.789229934804691,8.191069885303001,10.540690001023647
2020-08-07 18:05:45.567298,31.844172657324048,9.48432362865976,4.506651219659688,2.889466637118514
2020-08-07 18:06:45.670645,33.98192459495274,12.302429309875192,9.744586885808424,8.987250738712516
2020-08-07 18:07:45.747639,33.368692559868954,11.271194720571364,8.142421099839758,7.248804948196693
2020-08-07 18:08:45.839368,33.263507446804326,10.70987450167964,6.839715563594837,5.348298725462818
2020-08-07 18:09:45.932687,34.21305327678214,12.95933045057334,10.134617527678877,8.983129795075502
2020-08-07 18:10:46.035403,33.212736626593866,11.71748572054337,8.400451593884807,8.026822987705254
2020-08-07 18:11:46.127548,31.997579673901214,10.305216967684755,6.689762688277295,7.954667779605217
2020-08-07 18:12:46.227904,33.494759564159565,11.585812659602183,8.163160163109731,7.448409810600644
2020-08-07 18:13:46.307679,32.643836257518444,10.140211751361113,5.919039084591443,4.584181792121871
2020-08-07 18:14:46.402757,32.08913200432079,10.900658373597892,8.421035941053656,10.810052863047739
2020-08-07 18:15:46.529322,34.27064238877721,12.555327840936796,9.672739274618406,8.135170726025967
2020-08-07 18:16:46.587518,34.64180982504986,13.281633769365687,11.083988556579339,10.38818086943115
2020-08-07 18:17:46.686480,33.7725971509075,11.756092777915804,8.964012744341765,8.154539587113751
2020-08-07 18:18:46.779509,32.18639007008804,10.022907347120892,5.606652380738224,5.3791011894725775
2020-08-07 18:19:46.856235,34.83777721849057,13.70753775396118,11.639059690014545,10.986550635115483
2020-08-07 18:20:46.951519,31.92591957984231,9.514543687306166,4.557226512433765,2.9236888999598967
2020-08-07 18:21:47.058484,32.02603053475192,9.839598701665478,5.461510760518816,5.205528046170904
2020-08-07 18:22:47.178211,34.499620523745435,13.183297600399003,10.485642769056888,9.273153042074533
2020-08-07 18:23:47.244880,32.65851470097663,10.651399276394638,6.6029530396501865,6.057624770742117
2020-08-07 18:24:47.308588,32.987693176495306,10.347001599921747,6.187480619079744,4.7115649431555395
2020-08-07 18:25:47.397728,32.45388337238158,10.59732285587619,6.443150004110282,6.052511713597569
2020-08-07 18:26:47.487529,33.16942589751363,11.610522813636873,8.180034420658426,7.448374739237891
2020-08-07 18:27:47.607864,31.702795771090884,10.541180104822029,7.933442708172408,7.685922690664832
2020-08-07 18:28:47.688749,32.108027328322315,10.60993688590662,6.825829795699447,7.89974316526638
2020-08-07 18:29:47.794629,31.96458209855856,10.7650672890866,8.134780402052318,10.474073976763895
2020-08-07 18:30:47.888809,34.01191925330177,12.473096432438917,9.532112813743682,8.114877287809065
2020-08-07 18:31:47.985899,34.614513192589165,12.388897744671944,9.899170186613134,9.156174758588532
2020-08-07 18:32:48.068101,31.70198654656657,9.488699534925638,5.4386166172610695,4.031310016820409
2020-08-07 18:33:48.167753,32.29744320928419,9.763992894436365,4.932116305463808,3.469448979698496
2020-08-07 18:34:48.269976,33.95841356057267,12.482293881769435,9.537020024810344,8.762236123531789
2020-08-07 18:35:48.369292,31.888819020170963,11.162623977168705,9.0104923371605,8.144331818895717
2020-08-07 18:36:48.455762,31.9568947735649,9.81090569118065,6.348911043398335,5.42684468315919
2020-08-07 18:37:48.561176,33.616646410821375,11.318675402998144,8.071573854885337,6.714540167623513
2020-08-07 18:38:48.657754,32.344246509325885,10.345797357118725,7.719219391204722,7.648965718912687
2020-08-07 18:39:48.769456,31.900632278979888,9.768231714601775,5.828110891528314,4.75861846271765
2020-08-07 18:40:48.860611,31.93585057555344,10.564273712734371,7.397108293803476,9.502608967980887
2020-08-07 18:41:48.967716,33.84136711025294,12.256758242679526,9.128498678257003,8.118957896211205
2020-08-07 18:42:49.064275,36.293150971526394,15.899831534091,13.874773364166018,12.098399630217818
2020-08-07 18:43:49.111750,33.15129877514571,10.628616093404757,7.062048467994243,6.0528280728808985
2020-08-07 18:44:49.214724,32.17670095862802,9.689472288160786,5.453035384329237,4.277841683161223
2020-08-07 18:45:49.323212,32.58302001899135,10.369818002898665,5.897024351183453,5.29299776347961
2020-08-07 18:46:49.442840,36.39267726900566,15.380407841672117,13.385374926590853,11.987466765679583
2020-08-07 18:47:49.534427,35.72048085630894,14.129693523791879,11.294995268652663,9.639850052725029
2020-08-07 18:48:49.597395,35.31871959982905,13.735583760132567,11.63023411858876,10.977290296113376
2020-08-07 18:49:49.694960,31.869409850026905,9.924012618254366,5.485082981271506,5.114966751298603
2020-08-07 18:50:49.807848,32.20189839655461,10.548959066152632,6.581923709457098,7.244936871921602
2020-08-07 18:51:49.907770,32.93970057760864,10.37002709665697,6.5276704868278355,5.401489149154802
2020-08-07 18:52:49.957668,33.41793440207356,10.832053555179487,7.303417933560837,6.025736944417177
2020-08-07 18:53:50.060145,32.750440236347984,10.45934761963191,6.425073885227332,4.940337835734821
2020-08-07 18:54:50.158184,32.61101848698914,10.14588826554868,6.707508045643184,7.3308469611016935
2020-08-07 18:55:50.277825,34.421800060184474,12.832871618409513,10.124771083626117,8.574590042766197
2020-08-07 18:56:50.368243,31.88138796041135,9.957970796368945,6.802130878911949,5.575797586460347
2020-08-07 18:57:50.468490,31.969045820849004,10.287747786853302,7.3480875065154985,7.196223462665617
2020-08-07 18:58:50.554045,33.50998549897608,11.731160012097922,8.337042190432419,7.600429575120143
2020-08-07 18:59:50.647636,32.17601415652116,10.553547759890513,6.99145383513405,8.68603912364333
2020-08-07 19:00:50.784617,32.65859441722427,10.866589728615965,7.048906100559432,7.848662834467959
2020-08-07 19:01:50.886479,36.44843794519118,16.179445585915275,14.160312361833666,12.362613363148364
2020-08-07 19:02:50.988086,31.838328246633182,9.489994232174507,4.509380526923341,2.8956763186121544
2020-08-07 19:03:51.107920,32.27956771913821,10.21006177315802,5.77836489243327,4.819508650593073
2020-08-07 19:04:51.207637,32.6845322851936,10.68752938341273,6.628264591255456,5.83615902007032
2020-08-07 19:05:51.314909,33.4054619203875,11.272992879407761,7.992142414947507,6.73667264564817
2020-08-07 19:06:51.410971,31.845825239829605,9.855430093879509,6.278117423720967,5.695921042736028
2020-08-07 19:07:51.503520,31.80682351727072,11.070340000351937,8.894175322580274,11.37645191102531
2020-08-07 19:08:51.549688,32.15988023217355,11.263350868970116,9.20193887036382,11.70388459086106
2020-08-07 19:09:51.652166,31.860994673755663,9.727287495459473,5.393869590511088,4.858146193979042
2020-08-07 19:10:51.747034,32.12190919595828,10.876309848336675,8.289719730442894,10.656518190396133
2020-08-07 19:11:51.827545,35.180505399536315,11.7806455043251,8.955478815646142,7.8353188437661805
2020-08-07 19:12:51.929324,32.20856322006032,11.256743933496468,9.188264026891831,11.69084712529423
2020-08-07 19:13:52.033250,35.44522457950852,14.51780974060441,12.20153545500305,10.796458879868513
2020-08-07 19:14:52.129225,32.7951522568869,10.062849641085577,5.6094393038336285,4.26670317559057
2020-08-07 19:15:52.238636,33.72709712960309,10.576729189808498,6.471339486611095,4.971702318403228
2020-08-07 19:16:52.337633,31.995524590728348,10.102728585861373,6.258251497907993,6.511283221519556
2020-08-07 19:17:52.426166,37.45675690451039,17.71373567121045,15.911197289308054,13.962778839987116
2020-08-07 19:18:52.520368,35.547454130512754,13.518356030379731,10.879945071074845,9.286984091409934
2020-08-07 19:19:52.618101,32.494392651552396,10.656669689884838,7.559379400160858,9.510459013031014
2020-08-07 19:20:52.718171,34.79980865959391,12.559165573981844,9.971901762810226,9.195164761333901
2020-08-07 19:21:52.821284,34.35131792670555,12.314674829208887,9.726194004757394,8.943050960678663
2020-08-07 19:22:52.927874,32.480099334145564,10.272091273202568,6.454983603683479,6.988429509502974
2020-08-07 19:23:53.007716,33.61658990582872,11.127927342138827,7.8450971375549985,6.888997354739051
2020-08-07 19:24:53.083334,32.36806988697944,11.285738856278478,9.09948095231053,11.589242129949946
2020-08-07 19:25:53.187826,32.05764609843586,9.994806155702037,5.632823166883992,5.461932047711576
2020-08-07 19:26:53.299809,36.38771059397534,15.404749620404743,13.231193638133627,11.530048008101817
2020-08-07 19:27:53.387959,36.14226988405349,14.060463781170506,11.864606430446067,10.766353839844069
2020-08-07 19:28:53.480790,37.32604481555971,17.788710891847174,15.9328217788854,13.997602894530736
2020-08-07 19:29:53.567948,32.40890170555926,11.094676543900901,8.604942363193882,10.984312985741635
2020-08-07 19:30:53.657832,35.96171524555365,13.725848790559532,11.523308210332035,10.850160213843813
2020-08-07 19:31:53.768545,35.30568374985269,13.144667376684414,10.236442036015378,8.818025353488053
2020-08-07 19:32:53.856972,32.62756498871081,12.188906596741926,10.448900120711334,10.619449071426079
2020-08-07 19:33:53.955072,32.384285121636665,11.33227659630046,9.21074829261756,9.21883552307514
2020-08-07 19:34:54.047556,33.11530853047849,10.328447480700875,5.648499155399902,4.441323277815731
2020-08-07 19:35:54.142901,34.731396821004935,12.622913595851344,9.534602279640648,8.807288487488334
2020-08-07 19:36:54.237088,36.384325389702504,15.347005327311063,13.144212793274392,11.46486414359885
2020-08-07 19:37:54.318556,32.69030896654534,11.476076560364437,9.329231692873986,9.021344821613312
2020-08-07 19:38:54.417772,32.75270413550511,9.720008162418123,5.969527084150603,4.704349383618304
2020-08-07 19:39:54.510887,33.39228515371135,10.818971721938047,7.036648115106689,8.755293300660336
2020-08-07 19:40:54.608497,34.15289998032797,11.597340885970304,7.754607199636783,6.863229321874832
2020-08-07 19:41:54.705928,33.20639055144302,11.473264447361343,9.196801335408761,11.615018516652693
2020-08-07 19:42:54.818142,33.6812334304793,10.997614226196054,7.101106037566195,8.701349906238331
2020-08-07 19:43:54.907555,33.606554181005215,11.694696883347522,9.432401139369038,11.847418159935765
2020-08-07 19:44:54.959377,35.163105799770584,11.951685350191076,7.776020120704953,6.717125757401255
2020-08-07 19:45:55.057686,35.86773649191729,11.982521527903739,7.734281209998617,6.66043532033642
2020-08-07 19:46:55.158435,33.924795844532554,11.327019826404364,8.235084978507102,10.4396414602289
2020-08-07 19:47:55.249155,37.2928691190739,14.584842120769274,11.9638547287719,10.279848480307756
2020-08-07 19:48:55.349404,36.9201659449653,13.075790178682842,10.347937981352311,9.520951005409314
2020-08-07 19:49:55.441142,37.395243797858,13.566430776442383,11.103200448593643,10.325853700676463
2020-08-07 19:50:55.524392,34.13057787154755,11.596461136553593,9.270140392425132,9.800091420243126
2020-08-07 19:51:55.627789,35.53708013127883,11.535478252960106,7.638574813993188,6.375148145891968
2020-08-07 19:52:55.706818,34.290969480528275,11.2190900245227,7.412179597007492,9.3497830066049
2020-08-07 19:53:55.808522,33.790816571783616,10.729042361128066,7.138153042563938,6.045658033128939
2020-08-07 19:54:55.938719,36.43927648694419,12.829422215722618,10.087052426860023,9.25589159695949
2020-08-07 19:55:56.030709,33.60797640102233,11.53817312310638,8.869316033820173,11.184962858635775
2020-08-07 19:56:56.123963,34.58452994558083,13.319189983952576,11.754493071812767,10.856759289186428
2020-08-07 19:57:56.217185,33.72166050052569,11.262906065858367,8.0326367840173,10.189187641397414
2020-08-07 19:58:56.306288,36.13920759642601,13.11228427498322,9.79686897328701,8.884172923443108
2020-08-07 19:59:56.400635,37.01980948194035,13.394020672058666,10.634203936611298,9.309737583289559
2020-08-07 20:00:56.487577,34.10558255778531,11.142424378728084,7.201802611581939,8.661485502579161
2020-08-07 20:01:56.591278,37.79452218951181,14.124239563115234,11.826898106646565,11.103781715612985
2020-08-07 20:02:56.638630,37.485361945864085,14.855791582920915,12.217888616608311,10.627772382454657
2020-08-07 20:03:56.736898,33.79835052186799,11.368190189227299,8.185413137247782,10.365787708718521
2020-08-07 20:04:56.818713,37.15836723343763,13.877814842444522,10.99622763081618,9.470569633709692
2020-08-07 20:05:56.906970,35.65869069820522,11.470626536753809,7.529052592699368,6.217581347201553
2020-08-07 20:06:56.997533,33.43926136523221,10.343343756289594,5.9647003735772,4.862492153563966
2020-08-07 20:07:57.081284,33.41899361368205,11.1580082272359,7.702518893919217,9.761279702427764
2020-08-07 20:08:57.179345,33.86448305232393,10.687591402788774,6.090952985882994,6.457327614955539
2020-08-07 20:09:57.269080,36.61060437166897,12.692833706416438,9.760113501515589,8.89392600764451
2020-08-07 20:10:57.368911,33.63331568196511,12.14525673456889,9.88827706645252,9.755150408741509
2020-08-07 20:11:57.468806,36.47390158333094,13.103233007408871,10.16568726175013,8.735626325925763
2020-08-07 20:12:57.570987,33.604391480894,11.739658087011685,9.60130120906772,9.736442374334322
2020-08-07 20:13:57.683792,35.98158833242887,12.798962303714422,9.381560944266946,8.101520544040003
2020-08-07 20:14:57.777506,33.83837884618791,11.614221713898134,9.136600205641196,11.491765362315052
2020-08-07 20:15:57.869894,34.968963455562125,10.87943008423536,5.990067736985338,4.51309701200289
2020-08-07 20:16:57.967566,39.507774613523104,18.305698217496886,16.446873489564688,14.445405721193422
2020-08-07 20:17:58.062080,35.5422653650033,11.383510266775682,7.672598531044062,6.633831444088813
2020-08-07 20:18:58.157629,33.67481295354002,11.163598289644519,8.516920671151789,8.119163232105258
2020-08-07 20:19:58.267945,33.22075204658351,9.880876474454844,5.244946697780069,3.2594447745477404
2020-08-07 20:20:58.377532,33.285020701454386,9.912686532582818,4.531780280678958,2.586121343046104
2020-08-07 20:21:58.440899,35.68661607428965,13.574463426530224,11.093942226176424,9.427768430482448
2020-08-07 20:22:58.536928,33.75908304290244,11.064749897997663,7.1868644952828955,5.801164784998149
2020-08-07 20:23:58.637856,34.28493532964544,12.18923621325775,8.921230536428464,7.396314693047081
2020-08-07 20:24:58.728383,35.35003863810885,14.50250823330177,12.17831361997109,10.62584907917044
2020-08-07 20:25:58.817307,31.798429765936252,9.572841757910522,5.456397849305724,4.563521918229335
2020-08-07 20:26:58.919559,32.220883863694105,10.667709511506978,5.854535631350266,5.56790591468711
2020-08-07 20:27:59.047487,36.89809171083739,16.436975633113168,14.452240807979692,12.635146200228563
2020-08-07 20:28:59.119546,32.27161397692922,10.450716198598474,7.009997322895078,8.539622149982442
2020-08-07 20:29:59.218913,32.1732505740118,10.395174926960774,7.282638923288557,8.178787372714853
2020-08-07 20:30:59.307793,32.29024371755518,10.934306155699076,8.457864212321537,10.56974235943644
2020-08-07 20:31:59.403465,32.33961380853784,9.989899625841646,5.345266475395505,3.9190515256406586
2020-08-07 20:32:59.501058,35.23375476807739,13.543126820057733,11.448070131023746,10.776660492929867
2020-08-07 20:33:59.593593,34.50663454872899,12.707291952743942,10.31476707039671,9.575486506172881
2020-08-07 20:34:59.690586,34.25559994635509,12.422158413140462,9.877941186063763,9.108582557641085
2020-08-07 20:35:59.781583,32.015523860044674,10.034209473547136,6.45984455248553,6.520524982489868
2020-08-07 20:36:59.888098,31.880174605543854,9.759982547226473,5.69887981239772,5.0840903591922615
2020-08-07 20:37:59.978032,34.50460544513746,12.90656676634357,10.10831356565548,8.757647920078915
2020-08-07 20:39:00.071352,31.639782680326974,9.927279983975785,6.568351902545935,5.3638901309651885
2020-08-07 20:40:00.164185,32.348343833946636,9.822632495587094,4.895060697065414,3.2615732659087353
2020-08-07 20:41:00.257572,32.24970551813802,11.591665147885683,9.615174209210688,11.008044683565823
2020-08-07 20:42:00.347734,32.20395953229305,10.752978625902827,7.996126825970705,10.283897887960775
2020-08-07 20:43:00.459746,33.62347763000976,11.747909515935628,8.326213241322767,7.355866228017932
2020-08-07 20:44:00.559682,36.17234309885913,15.643302908059077,13.530748193047987,11.782811273016765
2020-08-07 20:45:00.668623,32.6872605069766,10.350660154652447,5.9681255924715355,4.777896791166101
2020-08-07 20:46:00.748025,32.04069680861266,10.583062036922986,7.995822227074106,7.79064496266314
2020-08-07 20:47:00.858460,34.85706091179183,13.100233976646436,10.822229663374936,10.132233900217447
2020-08-07 20:48:00.939355,34.81783817996448,13.898034793396295,10.52198544685092,9.04588817300149
2020-08-07 20:49:01.059187,32.26025740747589,10.589386353757124,6.959283497665578,8.52574189791233
2020-08-07 20:50:01.176729,33.68922753289578,11.663815007815426,8.323076388145209,6.8839691417954985
2020-08-07 20:51:01.281898,35.16841503185993,13.824985722105696,11.739660156324426,11.105064234617275
2020-08-07 20:52:01.382872,31.97205269513776,9.770050256813454,5.396030762921008,4.784591329534491
2020-08-07 20:53:01.473032,32.94605247636223,10.442878769893571,6.420482586759008,5.158417685339142
2020-08-07 20:54:01.571638,33.77157042058188,11.579661261487844,8.660042732525003,7.81825915004316
2020-08-07 20:55:01.668844,31.63837708407179,9.419665256064878,5.347975826110616,3.77483754699365
2020-08-07 20:56:01.757688,32.13173495868113,10.326295656365275,6.389990895571723,7.2333748595951555
2020-08-07 20:57:01.859081,36.57282207684911,16.359631612420763,14.435361109623072,12.722649584079223
2020-08-07 20:58:01.958640,32.60239871424429,10.200517058694027,5.867225576715107,4.420938707932124
2020-08-07 20:59:02.062153,32.564244284788906,10.957898889697908,8.495560417561855,10.891620168148894
2020-08-07 21:00:02.158881,31.833662139296393,10.692061143386056,8.051137039650158,8.521531317228142
2020-08-07 21:01:02.252260,32.49373164746986,10.034287542613894,5.4191868823217195,4.78667191740242
2020-08-07 21:02:02.350625,33.514426344921205,11.251346068097982,7.866131401380817,6.5308013842165
2020-08-07 21:03:02.441268,35.17748732297878,13.406683546232486,11.213849065858545,10.542371207410813
2020-08-07 21:04:02.547562,33.97361220148275,12.238600366627777,9.650075464627337,8.881928219933172
2020-08-07 21:05:02.647526,32.06803058336112,10.862002430286617,8.451978686712037,9.31243080465118
2020-08-07 21:06:02.743227,32.963384382901815,10.346498875719405,6.346915251091716,5.013248871355474
2020-08-07 21:07:02.842550,32.215893432392306,11.228199530443474,9.011395322043112,11.499039596376427
2020-08-07 21:08:02.949231,32.99348215990393,11.289169877470949,7.650025177144248,7.945281306965824
2020-08-07 21:09:03.047493,31.90707196349365,10.74834199786005,8.108277413931305,10.426684351127362
2020-08-07 21:10:03.148081,33.470172049736234,10.804178342068024,7.350511584985383,6.358976847535592
2020-08-07 21:11:03.236436,32.80529953295948,12.879992759557695,11.32482340309448,10.914435620041557
2020-08-07 21:12:03.334510,35.61475863512686,13.78347831296195,11.66328192807402,11.013969164378635
2020-08-07 21:13:03.425653,32.509560913931516,10.457803946906067,6.544478146859303,7.634985820813176
2020-08-07 21:14:03.518340,32.23530381157374,9.58402409775779,4.668310897255083,3.22001564316021
2020-08-07 21:15:03.619587,32.213903723828636,10.54168997132882,7.568825678314498,9.714483767709018
2020-08-07 21:16:03.673791,32.07446780903051,9.777727278587896,5.072896240539055,4.227332749538408
2020-08-07 21:17:03.762681,32.15356459595526,10.28299253055337,6.749148642075161,7.889799178345582
2020-08-07 21:18:03.818652,31.917474746294275,9.454827530127437,4.545903825343987,2.9761930446150884
2020-08-07 21:19:03.929298,32.83537724730692,11.11059163496008,7.448136888023437,7.470917153945041
2020-08-07 21:20:04.033385,34.722334962462476,13.016687541366828,10.249155469068798,8.840469992405898
2020-08-07 21:21:04.139336,34.86621367270885,13.556843901557224,11.025078401504556,9.480248039584945
2020-08-07 21:22:04.227790,31.965811292498273,10.69240648318935,7.967925077225759,9.901487444537347
2020-08-07 21:23:04.300890,32.14445850066801,10.557223511459846,7.277297737897413,9.289525678784923
2020-08-07 21:24:04.392754,31.939418780524093,10.617504812772525,7.405705803825789,9.484964407934843
2020-08-07 21:25:04.491482,32.24126649307165,10.713123925061645,7.767446414152658,9.981907126217568
2020-08-07 21:26:04.550322,32.26973258663283,10.744827429856251,7.770667728276023,9.992306148857564
2020-08-07 21:27:04.647945,32.45272204211441,10.453577267822755,6.550508283301297,7.508319949337419
2020-08-07 21:28:04.743102,32.09639246504232,10.328909929547859,6.868724759426431,8.165031305039905
2020-08-07 21:29:04.854868,31.566687933422557,9.643790521623817,5.941089406813659,5.0137976325221825
2020-08-07 21:30:04.977664,31.879424715895556,10.842018150843199,8.359749635420036,10.73404394686894
2020-08-07 21:31:05.069287,33.97678107077726,12.232412129203235,9.146169602667879,7.98390563159261
2020-08-07 21:32:05.160146,33.44115370989455,10.72190434525756,7.175134395587644,6.1782467191620105
2020-08-07 21:33:05.257603,32.13536965008885,10.90632976714104,8.518911891450216,9.786643079363042
2020-08-07 21:34:05.312979,31.94505044826094,10.603194837421189,7.537485241199624,9.694396136695426
2020-08-07 21:35:05.353717,36.09592132030239,15.795001283378646,13.731772172414644,12.001798231584509
2020-08-07 21:36:05.468867,34.7121385865446,13.141308862574611,10.664876642209519,9.284716364338285
2020-08-07 21:37:05.548571,31.91329309297867,10.602970512723182,7.960225825491136,9.6584649317816
2020-08-07 21:38:05.600323,34.89446593384339,13.499159507857899,11.339778938179233,10.680402348135107
2020-08-07 21:39:05.698572,32.317362804752655,9.713073638235668,5.580698421457447,4.613176905136874
2020-08-07 21:40:05.790317,32.51516905376855,9.847955875338661,4.9380157871675205,3.5398106673378544
2020-08-07 21:41:05.890368,31.991326125597034,9.35701467329661,4.414672494995761,2.306650325659714
2020-08-07 21:42:05.986227,32.308561093554246,9.587258702683975,4.595123068836874,3.0941089835338103
2020-08-07 21:43:06.088124,36.36379871112442,16.049988883626114,14.136002635393616,12.498258079663527
2020-08-07 21:44:06.208465,32.18620190330218,11.195188541777222,8.982604910889116,11.47197767080013
2020-08-07 21:45:06.307536,32.29832376825041,9.621969973453798,4.7241680555486685,3.0550710489797277
2020-08-07 21:46:06.398317,34.61387096384621,12.864483202552547,10.256389020915783,8.977743693938196
2020-08-07 21:47:06.503934,32.16563526273627,9.379950643429458,4.19485052000227,2.2367077047116943
2020-08-07 21:48:06.606773,32.26263457013831,10.229645417893902,6.33547650087045,7.231676986625394
2020-08-07 21:49:06.647097,32.144430147945435,11.111094837331091,8.640199300359107,11.07986040125234
2020-08-07 21:50:06.747899,32.1093764840429,10.600372596489008,7.820857600007998,9.040580033348219
2020-08-07 21:51:06.823889,31.845594753425065,9.527914131948416,4.971124283235714,3.8870803582496514
2020-08-07 21:52:06.948755,31.822532317495465,10.900851064106842,8.411022313862624,10.800578839330699
2020-08-07 21:53:07.057693,31.99420771444061,10.700462724122701,8.229409931461896,8.73658933262356
2020-08-07 21:54:07.158122,32.98971444170538,10.682769756990709,6.62201933228913,5.179783255783892
2020-08-07 21:55:07.226587,36.108421822608555,15.476998322336735,13.332039142709913,11.732356795240076
2020-08-07 21:56:07.330177,32.070036194000174,11.176075224338748,8.962305418936635,11.43357392616113
2020-08-07 21:57:07.385981,34.004583969263855,11.835643230551495,8.458727639318251,7.808053229980909
2020-08-07 21:58:07.434500,34.92544427497525,12.869212650789335,10.502097887982409,9.788163454292235
2020-08-07 21:59:07.530671,34.85586211395032,13.493648996557654,11.063683726306682,9.501177942594062
2020-08-07 22:00:07.632941,32.37707869667067,9.620321944975855,4.614032241533515,2.89571633761845
2020-08-07 22:01:07.720266,31.85788458686548,11.300516309691888,9.245392130249936,11.768894916039041
2020-08-07 22:02:07.821351,32.11930261406522,10.290118870648778,6.509736909037411,7.588017018766157
2020-08-07 22:03:07.924056,31.88646706140147,10.45708294869349,7.891484918247784,6.961012697906178
2020-08-07 22:04:08.027609,32.076631928067556,11.252281681766883,9.109902218177501,8.266724251692594
2020-08-07 22:05:08.123254,33.86468854457276,12.083035404459688,8.990623754130809,8.211688747957972
2020-08-07 22:06:08.203059,34.078283479766526,11.69624934101083,8.814019664404327,7.978536560055578
2020-08-07 22:07:08.297496,33.37684971667566,10.957212311873256,7.65113084692606,6.688670372088067
2020-08-07 22:08:08.377567,32.09033200369027,10.852551798114188,8.262061496472729,10.611587535286507
2020-08-07 22:09:08.479517,34.58953318205702,12.676499916420022,10.247852068788042,9.51008987658588
2020-08-07 22:10:08.575684,31.917623498715024,9.606099780513343,4.951515729783728,3.8509159070111076
2020-08-07 22:11:08.619473,32.14429451895522,9.52963187546613,4.5499296241154115,2.9460367029335437
2020-08-07 22:12:08.732604,32.02439636121623,9.677608865589171,5.5298180780625295,4.466936727731927
2020-08-07 22:13:08.832103,33.77620190788859,12.02407314091862,8.831584865360718,7.9285713187659566
2020-08-07 22:14:08.938095,33.261413311554655,10.964555134732871,7.165869209647715,5.800453655095002
2020-08-07 22:15:09.017557,34.203837424762455,12.180797695489002,9.101189087378158,7.682371426847125
2020-08-07 22:16:09.137745,33.130401008055266,11.127851585280315,7.359326686832417,7.2296564075257175
2020-08-07 22:17:09.231977,31.960652942484117,10.820100422088409,8.133592797076124,10.452538684024072
2020-08-07 22:18:09.305265,33.02197359068663,10.580822878752631,6.685802505183501,5.203673848441904
2020-08-07 22:19:09.407871,34.31256566999109,12.399221614871449,9.705370520738452,8.446394989958184
2020-08-07 22:20:09.504671,34.85745088303672,13.808052798231222,11.280826932020888,9.936869508111137
2020-08-07 22:21:09.562002,32.22735642804256,11.235465234837179,9.160572292865233,11.6578032824402
2020-08-07 22:22:09.667844,32.426311892735555,10.924667646156172,8.479757459297407,10.872640886136551
2020-08-07 22:23:09.749998,34.672616444913196,12.780220954421706,10.351264715497827,9.626045207197105
2020-08-07 22:24:09.848973,47.23141637136411,36.89832576779576,6.35931388285701,6.227354285693964
2020-08-07 22:25:09.903092,34.85183387311547,11.98260922674473,8.21557458590095,10.536078075172732
2020-08-07 22:26:09.997508,32.36833755324898,10.617463403954286,6.993257355025827,8.61513028231177
2020-08-07 22:27:10.091574,35.574902418093124,11.648898136264767,8.656360507669744,7.803649884215476
2020-08-07 22:28:10.174426,35.14558388424235,13.478960221425115,11.30004072372211,10.605498154783177
2020-08-07 22:29:10.279414,32.174245221577465,9.217228632653345,4.075516205898737,1.8761554933474094
2020-08-07 22:30:10.367891,31.854583912848383,10.174210743565673,6.048206632858112,6.457473563153585
2020-08-07 22:31:10.467646,32.35263860663043,10.166503904982825,5.587295417221312,5.167135027660911
2020-08-07 22:32:10.567709,34.3902119296748,12.37430705395921,9.790981938687946,9.032615802082484
2020-08-07 22:33:10.657670,33.71455143993865,11.464625990364375,8.44405812170239,7.596106308391685
2020-08-07 22:34:10.738468,32.35191869566868,10.233366720083968,5.675955792216691,4.31189519325228
2020-08-07 22:35:10.858744,31.761813491916637,10.058979019478672,6.913801770201069,6.569039965585967
2020-08-07 22:36:10.951300,34.762077473742096,13.303294324176738,11.081186008095534,10.402712110747583
2020-08-07 22:37:11.038129,36.94198646947476,16.726195049966492,14.802498033364431,12.978182354913905
2020-08-07 22:38:11.127421,35.71162192847277,14.679440387527992,12.519034228315231,10.91094716796888
2020-08-07 22:39:11.217553,31.84453825808068,11.247032736998701,9.185808431907128,11.695901196401426
2020-08-07 22:40:11.311196,32.194053239671554,11.085335025222905,8.838779398801805,11.303218152887844
2020-08-07 22:41:11.410114,31.869549957964097,10.554506138780642,7.4184380139339785,9.511218639551444
2020-08-07 22:42:11.510039,33.29470229253875,11.62055939513869,8.186913536992485,6.912651416993392
2020-08-07 22:43:11.603753,32.59950813698061,10.225196856662697,5.7544769600264525,4.4943766067190944
2020-08-07 22:44:11.684952,33.93288882028752,12.06414588745883,8.409964959995198,6.932376438446426
2020-08-07 22:45:11.777532,32.00478270793833,10.988304477546903,8.651555669728172,10.8360474370923
2020-08-07 22:46:11.898108,35.216789833593786,13.826862231555609,11.758323035254529,11.104249194547004
2020-08-07 22:47:11.999214,34.591151077161534,13.58722639100402,11.012280155999461,9.793503880864657
2020-08-07 22:48:12.094078,31.783672744338034,10.510834299964303,7.538801035956901,9.338215993340873
2020-08-07 22:49:12.196158,33.13984140967473,10.95945577791695,7.228212587440985,5.742363391221731
2020-08-07 22:50:12.296182,32.03054919685914,10.800156272292186,8.187460656913805,10.515995619005581
2020-08-07 22:51:12.344479,32.425924254251896,10.515002131277454,6.543880939605219,7.31904244254323
2020-08-07 22:52:12.406391,31.814294906197038,9.388608522454936,4.279554398809563,2.2828202686536407
2020-08-07 22:53:12.507480,36.310088962855666,15.751154425991713,13.730609679654671,12.045527302042002
2020-08-07 22:54:12.607560,32.16906325832479,10.08021468139509,5.711878280364346,5.510877893991312
2020-08-07 22:55:12.748418,32.19349308751585,10.483299071224096,6.472104507085719,7.060107661075235
2020-08-07 22:56:12.843240,34.403108186848996,12.448676114350064,9.638687547941045,8.18612796601952
2020-08-07 22:57:12.933788,32.02504120973631,11.304286991178726,9.275513378440216,8.704127339308647
2020-08-07 22:58:13.035027,32.04722042683692,11.259680765184516,9.297573567888945,11.82730288045709
2020-08-07 22:59:13.121063,31.92702815816575,10.040268100230042,6.657345662888251,6.727508231163334
2020-08-07 23:00:13.231100,33.660808502237124,12.111880235261205,8.97585959486234,7.836260740976168
2020-08-07 23:01:13.318922,32.10216229486754,10.358210021696003,6.309967049646218,6.830928592437571
2020-08-07 23:02:13.376706,34.339797988772666,13.341562512293644,10.653196993956499,9.42159825759742
2020-08-07 23:03:13.427722,32.4698614832218,10.237974322313594,5.8185620882090685,4.985530550067868
2020-08-07 23:04:13.531227,32.30951312385497,9.975187331735448,5.255247534380824,3.8557209412346234
2020-08-07 23:05:13.619548,36.64595645814261,16.392806140592448,14.406556528149803,12.603299277058705
2020-08-07 23:06:13.719144,33.85378659153689,11.53416431874083,8.551591551699579,7.679570041324747
2020-08-07 23:07:13.804111,32.788046684791276,10.904246027584213,7.031038551172194,7.429231171794972
2020-08-07 23:08:13.920396,31.967277419178593,9.904256853459854,6.142481284066962,5.934666684153699
2020-08-07 23:09:13.996952,33.153341279149416,10.662232613858814,6.781035402072516,5.3089510953991015
2020-08-07 23:10:14.107041,33.88789475028473,11.798284449170152,8.932567193078519,8.113522565232891
2020-08-07 23:11:14.227523,32.27603117083926,10.956678476428692,8.59632917948576,9.999564617940344
2020-08-07 23:12:14.317583,35.47794648502302,14.603892448384018,12.266887649848849,10.743965733577287
2020-08-07 23:13:14.415973,35.075667910779885,13.220647287497327,10.96474492117252,10.255393058314905
2020-08-07 23:14:14.516495,33.24542764673813,11.24420236054318,7.710133668243795,6.267250272195501
2020-08-07 23:15:14.604636,32.41110632149705,10.37270557527106,6.114891778872285,5.808637051918404
2020-08-07 23:16:14.697600,31.87043862737995,10.106899622855355,7.061025155406814,5.86884145415503
2020-08-07 23:17:14.797537,32.04412357169229,11.114909641118437,8.893890414181055,11.366110115971999
2020-08-07 23:18:14.929133,31.764368363906723,11.074257777908066,8.940860739923917,11.41042180025392
2020-08-07 23:19:15.027866,31.842051477379446,10.7035090916652,8.146584101912357,8.012003497125468
2020-08-07 23:20:15.118769,31.591841139674692,11.100539478209143,8.859042329184085,11.331423848669324
2020-08-07 23:21:15.163298,32.348454972637526,10.262683791352346,5.872069739235647,5.9416135650767306
2020-08-07 23:22:15.274358,32.861042696729285,10.27976991780333,6.275254555250169,4.867117413153886
2020-08-07 23:23:15.378120,34.78264248355516,12.775382964846782,10.203944899568956,8.864075271996349
2020-08-07 23:24:15.463857,32.5375163935317,9.669212143936143,4.628543941904167,2.952070170678189
2020-08-07 23:25:15.562120,32.382131950273575,9.914531347864564,5.285686311518407,3.7397749252866257
2020-08-07 23:26:15.665768,32.07692772223711,11.263045952158791,9.138573076079929,10.801040360472504
2020-08-07 23:27:15.766479,34.62634996413339,13.14888271729104,10.510713960147418,8.922357314792574
2020-08-07 23:28:15.861614,31.98055863168913,9.428147948857623,5.139661006927624,3.556566495073683
2020-08-07 23:29:15.998768,34.108886469476595,12.411043483019705,9.399537767614161,8.204176205010587
2020-08-07 23:30:16.072402,34.126032773635735,11.943172365720791,9.185176395685044,8.366813412304147
2020-08-07 23:31:16.175131,32.19609045749989,10.686223962081748,7.761822609838342,9.991293186270816
2020-08-07 23:32:16.276097,32.91334411248008,11.14029783208163,7.4240514237705835,6.751372863246455
2020-08-07 23:33:16.370683,31.918956543190546,10.116380185168978,6.96273180068826,7.136138737591871
2020-08-07 23:34:16.466019,34.9128233883081,13.373814473542465,11.153621765270477,10.481114104834484
2020-08-07 23:35:16.548540,33.34254716929092,11.163080662329044,7.489139795465596,6.364883505257331
2020-08-07 23:36:16.656513,32.588019748571625,11.434189859732067,9.35252131031385,8.442381165705196
2020-08-07 23:37:16.758919,32.202245659388396,9.54604705240697,5.7449982801630135,4.362785835630277
2020-08-07 23:38:16.847478,32.13163420669739,9.519085761017564,4.626345695561355,2.95395612616779
2020-08-07 23:39:16.947675,37.98379416813077,18.492698055688074,16.77996864222406,14.783614551493516
2020-08-07 23:40:17.047807,34.8225884146522,13.68944300427466,11.154366238133672,9.546467996614515
2020-08-07 23:41:17.146250,34.275575476302926,12.209453267111464,9.5995317902211,8.82921320229487
2020-08-07 23:42:17.249640,34.33064949037513,12.312958803674647,9.647603436494107,8.77752332353481
2020-08-07 23:43:17.338717,35.32347711474099,13.711815703039575,11.568237964495525,10.912634333161897
2020-08-07 23:44:17.423569,34.31025507642578,12.52878680283138,10.05688704819617,9.319588720217642
2020-08-07 23:45:17.504903,35.69319587335052,14.624092922100198,12.400259895985032,10.751883698801837
2020-08-07 23:46:17.607414,31.97671935564681,10.951969585121606,8.413094192600347,10.798229011018087
2020-08-07 23:47:17.733657,33.819725262322095,11.335995101522428,8.029296927444978,6.673558324070151
2020-08-07 23:48:17.799247,34.213869816826666,12.37559229305818,9.397966208158106,7.898708170824615
2020-08-07 23:49:17.875099,31.880054169527003,10.871105060040048,8.333419922099338,10.699278412533863
2020-08-07 23:50:17.977350,33.982127975777004,11.98485452685935,9.186265186493735,8.366621252544128
2020-08-07 23:51:18.064421,31.95106465033689,10.940928854870387,8.594804179516114,9.456448420054805
2020-08-07 23:52:18.164068,32.18988135815508,11.65026396573857,9.83097267688362,10.853421739767851
2020-08-07 23:53:18.262389,33.3851871859895,11.285711368286064,7.604930163745127,6.483790025265396
2020-08-07 23:54:18.364973,31.790170922872644,10.230972981854432,7.023767790700495,6.532022056349808
2020-08-07 23:55:18.415399,31.95388125440046,10.971786395319866,8.603993445115607,11.027306988452228
2020-08-07 23:56:18.507548,31.788045755019688,10.10644228610916,6.9780353324362885,6.883328926694775
2020-08-07 23:57:18.628772,31.88280277208778,9.642291933955105,5.216640399632661,4.424730714235456
2020-08-07 23:58:18.699266,33.42603891510677,11.097718521816335,7.428501233427891,6.009864425397555
2020-08-07 23:59:18.797492,32.423204293118914,11.213834758029147,9.086793092509442,11.322205431000654
