time,temp,humi,pres
2021-06-22 00:00:35.587662,20.60625101440555,71.79829586578715,916.5499095138347
2021-06-22 00:01:35.716741,20.548932781602918,71.80118052431182,916.5258974478942
2021-06-22 00:02:35.781869,20.549791534384934,71.72673558169508,916.5385068909021
2021-06-22 00:03:35.856616,20.669682364359122,71.37375009936736,916.5336784770315
2021-06-22 00:04:35.921856,20.59240344693828,71.59132945616354,916.542588621863
2021-06-22 00:05:35.998287,20.581833338676145,71.75004426282197,916.5234573299905
2021-06-22 00:06:36.061851,20.532372208769836,71.9368205077401,916.5374992294617
2021-06-22 00:07:36.136573,20.488575609571804,71.92589144961337,916.5632621941182
2021-06-22 00:08:36.197411,20.595211475306897,71.62487990661634,916.5279681308155
2021-06-22 00:09:36.261829,20.38439763174929,72.1747995544311,916.560466510699
2021-06-22 00:10:36.337686,20.396295479601903,72.18339077452585,916.5675918660748
2021-06-22 00:11:36.421836,20.48700638700131,71.9131762491388,916.5426785660823
2021-06-22 00:12:36.501821,20.710200014392942,71.06971080612784,916.5097605238959
2021-06-22 00:13:36.581837,20.545975831608686,71.5330349352963,916.5281725088047
2021-06-22 00:14:36.661840,20.457809473318015,71.80158952845827,916.5334125383691
2021-06-22 00:15:36.741095,20.413350064801655,71.99887389884454,916.5276723821122
2021-06-22 00:16:36.812052,20.401922439693628,72.07967067127643,916.5118691840624
2021-06-22 00:17:36.891888,20.33749205784637,72.28900057784553,916.5228262542682
2021-06-22 00:18:36.971839,20.371922667065277,72.15346499142805,916.5178659955219
2021-06-22 00:19:37.051837,20.635134423469868,71.40931398961278,916.5056489525227
2021-06-22 00:20:37.128432,20.82727078591407,70.8715298585974,916.5153626876437
2021-06-22 00:21:37.191830,20.407856328118722,72.11590210283286,916.5449227472166
2021-06-22 00:22:37.271830,20.46747085941995,71.96592415839888,916.5136231637629
2021-06-22 00:23:37.350518,20.4243675027942,72.03403126254133,916.5286850766926
2021-06-22 00:24:37.421834,20.29112686169715,72.46785284661092,916.5351968008326
2021-06-22 00:25:37.499929,20.359937920213927,72.17694246466122,916.4898938858914
2021-06-22 00:26:37.561854,20.439688761267753,71.92861017399788,916.4702663720168
2021-06-22 00:27:37.638964,20.382912740368795,71.97460627781986,916.4756447484888
2021-06-22 00:28:37.701846,20.34986123225148,72.03333510517967,916.4981939753014
2021-06-22 00:29:37.777224,20.422281613627163,71.88667464933411,916.4922030277164
2021-06-22 00:30:37.861842,20.373579790834533,71.88904851587462,916.507529185606
2021-06-22 00:31:37.936682,20.380949135462963,71.96312492181217,916.5194216304106
2021-06-22 00:32:38.001817,20.352831461820546,71.99837263361691,916.5349082998308
2021-06-22 00:33:38.081863,20.32851986959925,72.07849525576626,916.5304759539081
2021-06-22 00:34:38.161874,20.301568303491436,72.17259850981137,916.5444366959915
2021-06-22 00:35:38.244887,20.328942395515295,72.00943509309045,916.563685010679
2021-06-22 00:36:38.311861,20.262881587943376,72.13694379035134,916.5697896062883
2021-06-22 00:37:38.387789,20.24087647932421,72.23493942134097,916.5863045020483
2021-06-22 00:38:38.450490,20.381383282225624,71.85459260342658,916.6057280714
2021-06-22 00:39:38.531885,20.373913223853755,71.8215932161855,916.6091942819922
2021-06-22 00:40:38.611809,20.31955698124908,71.98154200069318,916.6180437612807
2021-06-22 00:41:38.686630,20.45233482652281,71.63035390244562,916.6064056081166
2021-06-22 00:42:38.751842,20.37765273586826,71.84057827985625,916.6290576446046
2021-06-22 00:43:38.834777,20.38998852237435,71.68058744376486,916.6431462471933
2021-06-22 00:44:38.896568,20.320708612181512,71.86826071719322,916.6455841914925
2021-06-22 00:45:38.961837,20.28462431867409,71.9699504244441,916.6654001350687
2021-06-22 00:46:39.041832,20.222113815344247,71.9520495630599,916.6729952214589
2021-06-22 00:47:39.122401,20.210153378903303,71.95348289455107,916.6876307409412
2021-06-22 00:48:39.186961,20.243091795456802,71.9261448852673,916.6928439868569
2021-06-22 00:49:39.251835,20.191106199000696,72.04784897148558,916.6945079980866
2021-06-22 00:50:39.331830,20.188440077079395,71.97275634880421,916.7183898566311
2021-06-22 00:51:39.409188,20.225325119072604,71.8610218219218,916.7138222807947
2021-06-22 00:52:39.471845,20.283304803683947,71.76354288138094,916.7309414596946
2021-06-22 00:53:39.546575,20.162132811164067,72.03461364315783,916.7161585575858
2021-06-22 00:54:39.611989,20.107944540109866,72.22841897456253,916.6984578123546
2021-06-22 00:55:39.691901,20.258982205086724,71.84880012810797,916.7114170953272
2021-06-22 00:56:39.767942,20.289252604946782,71.74732078555955,916.7335184542942
2021-06-22 00:57:39.839580,20.237920636509134,71.87310871876821,916.7257790036898
2021-06-22 00:58:39.901829,20.24341396468743,71.8386029085549,916.7280001539651
2021-06-22 00:59:39.977073,20.190246367636725,71.9866315098659,916.7240528884707
2021-06-22 01:00:40.036872,20.22383113952069,71.84235604886568,916.7344439333157
2021-06-22 01:01:40.101822,20.33705628168837,71.52290063153187,916.749466728214
2021-06-22 01:02:40.177725,20.35009986938273,71.50658233137911,916.7521856655359
2021-06-22 01:03:40.241894,20.296152864493017,71.66563848742068,916.7595684895164
2021-06-22 01:04:40.317644,20.35048411439076,71.3947821723219,916.7715478494242
2021-06-22 01:05:40.383046,20.29400389810863,71.6957586964014,916.7636448443144
2021-06-22 01:06:40.451853,20.333428393373083,71.65132326855137,916.7781606632892
2021-06-22 01:07:40.528107,20.210988652804385,72.07646458609194,916.7883968554283
2021-06-22 01:08:40.592018,20.26808385467736,71.79646530637393,916.8043521794945
2021-06-22 01:09:40.671947,20.384480482898905,71.42608749248059,916.808998255618
2021-06-22 01:10:40.751831,20.285678648710878,71.67580924598725,916.7960924087162
2021-06-22 01:11:40.831866,20.198228380478856,71.90580597326863,916.7969702026738
2021-06-22 01:12:40.906954,20.306554740604746,71.6305044423619,916.8042198083028
2021-06-22 01:13:40.973243,20.32375998514518,71.54100804820402,916.8143570769151
2021-06-22 01:14:41.039698,20.208084552030165,71.84765121842399,916.8117278176327
2021-06-22 01:15:41.101751,20.29768098230214,71.63868111209031,916.8201507591641
2021-06-22 01:16:41.181837,20.331373393333575,71.45980861423324,916.8212096469165
2021-06-22 01:17:41.259220,20.252455884594667,71.67449288554188,916.7967149683296
2021-06-22 01:18:41.317361,20.213438936645428,71.85950792677896,916.8016999938035
2021-06-22 01:19:41.378939,20.23834981579597,71.6276944685431,916.7971792611812
2021-06-22 01:20:41.441859,20.17267921255843,71.81776717223325,916.7939358004593
2021-06-22 01:21:41.521835,20.146006467286576,71.88303402226163,916.7905744044292
2021-06-22 01:22:41.601941,20.184519782373133,71.79617275636103,916.7944478384967
2021-06-22 01:23:41.677297,20.128418840285807,71.9918289106977,916.7856163770992
2021-06-22 01:24:41.737584,20.15286808085551,71.82038351117822,916.7751964346467
2021-06-22 01:25:41.798967,20.057163902279246,72.17600282390624,916.770786469444
2021-06-22 01:26:41.861861,20.111837681627254,71.93842250139214,916.7648612961444
2021-06-22 01:27:41.940174,20.051485457269475,72.12020771905449,916.7611513388604
2021-06-22 01:28:41.996938,20.197197933069628,71.63403954200083,916.7617639653458
2021-06-22 01:29:42.061832,20.243061385501456,71.44677696914935,916.780305393485
2021-06-22 01:30:42.136631,20.220380056953918,71.56737785357258,916.7794192483973
2021-06-22 01:31:42.197323,20.279849861941877,71.49972123216554,916.785895700121
2021-06-22 01:32:42.281876,20.148945386696038,71.83373955534661,916.7739899567031
2021-06-22 01:33:42.361860,20.101386688030104,71.88267444518078,916.7590644551855
2021-06-22 01:34:42.436835,20.252362452250516,71.2630063265927,916.7565610991182
2021-06-22 01:35:42.501848,20.15188735827583,71.5404571708032,916.7529219511896
2021-06-22 01:36:42.581822,20.19489317180837,71.4169716030427,916.7457586697182
2021-06-22 01:37:42.656592,20.187210334617344,71.3568030590137,916.7531480180841
2021-06-22 01:38:42.716644,20.0583033895099,71.76037660536822,916.7477426233476
2021-06-22 01:39:42.781853,20.098714565938813,71.69165347843015,916.7423730179266
2021-06-22 01:40:42.857565,20.108364249452077,71.73908409110672,916.7236594369282
2021-06-22 01:41:42.916580,20.106397486695073,71.78798142022917,916.7118910481573
2021-06-22 01:42:42.981837,20.139456306595033,71.47113151499383,916.6851884439363
2021-06-22 01:43:43.061816,20.008923384009027,71.97291692315882,916.6784089417953
2021-06-22 01:44:43.141830,19.99878817794779,72.02606594031103,916.671735385817
2021-06-22 01:45:43.221847,19.9623532268555,72.24067696444702,916.6683460981504
2021-06-22 01:46:43.296668,20.121623571563042,71.65427121019161,916.6835009293468
2021-06-22 01:47:43.361834,19.988894272068325,72.16495018889806,916.6828130070553
2021-06-22 01:48:43.441838,20.101445993293858,71.78172815129156,916.7041533755485
2021-06-22 01:49:43.521874,19.95682353911496,72.23589999733862,916.7157024659198
2021-06-22 01:50:43.601525,20.16846055975061,71.61396484670055,916.7301517367728
2021-06-22 01:51:43.676609,20.12086947612976,71.6878370189755,916.743458629033
2021-06-22 01:52:43.741842,20.157928743559758,71.30474804377629,916.752815207524
2021-06-22 01:53:43.821825,20.07515001075196,71.55197030698986,916.795137260122
2021-06-22 01:54:43.901837,20.154381494421557,71.20822267327164,916.8182207613991
2021-06-22 01:55:43.976927,19.93158820963826,72.1412786776505,916.8361102084489
2021-06-22 01:56:44.041830,19.99256252219713,71.90248461896218,916.8465179570323
2021-06-22 01:57:44.086475,20.07791620855575,71.60534700127371,916.8591169875708
2021-06-22 01:58:44.147205,19.918252354333735,72.24694646882782,916.8574174768747
2021-06-22 01:59:44.231824,19.774556879254177,72.7489723934175,916.8633617363068
2021-06-22 02:00:44.310691,19.929580649287914,72.37020796603262,916.8616710521777
2021-06-22 02:01:44.381828,20.066491632486493,71.88576081563211,916.855473945849
2021-06-22 02:02:44.457294,19.99259368806771,72.16564411691576,916.8603798465248
2021-06-22 02:03:44.521830,19.91645507956398,72.21916216503861,916.8797857795853
2021-06-22 02:04:44.598733,19.982828403633857,72.06069271579312,916.8537207133784
2021-06-22 02:05:44.657431,19.97784868031483,72.17452599669937,916.8162569024731
2021-06-22 02:06:44.717252,19.964692652964143,72.32508138947166,916.8082127468598
2021-06-22 02:07:44.781828,19.960232907716414,72.2040516316659,916.809043682203
2021-06-22 02:08:44.857855,19.913971368650603,72.3663100525832,916.8303479143051
2021-06-22 02:09:44.931886,19.93857156627877,72.31744090703707,916.8245381212313
2021-06-22 02:10:45.007775,20.024192797392615,71.89050268980309,916.7988230933971
2021-06-22 02:11:45.070645,20.087133865389333,71.63397719634264,916.7775507219341
2021-06-22 02:12:45.131834,20.09142889653554,71.65668920861475,916.7711111311436
2021-06-22 02:13:45.209018,19.902958210751176,72.2629531889161,916.7693255045273
2021-06-22 02:14:45.271837,19.885491955559555,72.24810697224144,916.7800486455928
2021-06-22 02:15:45.351872,19.886795219691383,72.23997431720481,916.8021766923794
2021-06-22 02:16:45.431830,19.957185752051753,71.81279250498193,916.797769399393
2021-06-22 02:17:45.511829,20.017505499197252,71.7609693457268,916.7652132220963
2021-06-22 02:18:45.587706,19.86934334974295,72.28089631831871,916.7625225973457
2021-06-22 02:19:45.651857,19.91394589369583,72.01490710627938,916.7713579019847
2021-06-22 02:20:45.729502,19.925308296558466,71.82880858196424,916.774555038333
2021-06-22 02:21:45.787248,19.835897863671164,72.19348772828388,916.7937864634775
2021-06-22 02:22:45.871823,20.060835437529292,71.35188028352994,916.7888686869645
2021-06-22 02:23:45.947087,20.073463825348483,71.35414855031246,916.7841397645975
2021-06-22 02:24:46.011838,20.101450071660107,71.10062601764176,916.8133037371535
2021-06-22 02:25:46.099029,19.81189123913332,72.14380893419934,916.8136775784315
2021-06-22 02:26:46.172008,19.807408801040005,72.1415479385522,916.812255227001
2021-06-22 02:27:46.252020,19.8486048323439,72.19398665505018,916.8183530705762
2021-06-22 02:28:46.331278,19.917969492092897,71.92663348666662,916.8146109512758
2021-06-22 02:29:46.402201,19.890405545528075,71.99725081512074,916.792524188438
2021-06-22 02:30:46.481855,19.799132560521134,72.36928356237647,916.8043861992315
2021-06-22 02:31:46.561840,19.91704711697224,71.92921426037907,916.8045047480975
2021-06-22 02:32:46.637076,19.95586570000968,71.88520198157238,916.8034070825312
2021-06-22 02:33:46.701851,19.84190214445595,72.03221893889145,916.8145607492992
2021-06-22 02:34:46.776916,19.83081478804659,72.1014234587564,916.8255995126333
2021-06-22 02:35:46.841824,19.89982256260895,71.78138093111589,916.8361258651513
2021-06-22 02:36:46.921835,19.73749210399361,72.30144371652447,916.8335716844948
2021-06-22 02:37:46.996571,19.89576209696696,71.71482714768311,916.8203126911902
2021-06-22 02:38:47.061827,19.737631167730434,72.26970101433422,916.810574517881
2021-06-22 02:39:47.136641,19.693183807691963,72.51588760310639,916.8237519152461
2021-06-22 02:40:47.201831,19.92097547328358,71.54362090228773,916.8315663517566
2021-06-22 02:41:47.277574,19.87050026634856,71.76629915282197,916.8428687909751
2021-06-22 02:42:47.344545,19.851641124148426,71.94292779732808,916.849042526852
2021-06-22 02:43:47.411836,19.71145692150814,72.55081803382183,916.8543756651372
2021-06-22 02:44:47.488665,20.05532477323238,71.13681450213481,916.8704468633429
2021-06-22 02:45:47.551841,19.813624353753653,71.92596890050972,916.8811712974317
2021-06-22 02:46:47.627911,19.76977922863961,72.14074101833891,916.8750112332071
2021-06-22 02:47:47.692007,19.862228915134555,71.77967308820566,916.8557175481666
2021-06-22 02:48:47.768496,19.86360193754093,71.68711686838242,916.85316809904
2021-06-22 02:49:47.831835,19.77828108562953,72.13475205984514,916.8474754431192
2021-06-22 02:50:47.913306,19.786385413210272,72.06219223178108,916.8367605314659
2021-06-22 02:51:47.981840,19.86225152103042,71.67343641774684,916.8280823868675
2021-06-22 02:52:48.061834,19.887975710859223,71.28339125743369,916.8335901618007
2021-06-22 02:53:48.142915,19.798928744143605,71.67576637765904,916.8378480163584
2021-06-22 02:54:48.211904,19.691406187931054,72.14488640825205,916.8414657942106
2021-06-22 02:55:48.291836,19.77057965965963,71.7459881427449,916.8380696985947
2021-06-22 02:56:48.371836,19.875858479868562,71.35044239164424,916.8375766385428
2021-06-22 02:57:48.450402,19.778617562211764,71.7485130063576,916.8222629822558
2021-06-22 02:58:48.531836,19.65256555342743,72.20188514668628,916.828359543644
2021-06-22 02:59:48.606588,19.65719604709205,72.18695634170727,916.8218137790049
2021-06-22 03:00:48.671833,19.656484228816712,72.17685137642297,916.8203292431396
2021-06-22 03:01:48.751852,19.72113509719029,72.21295793019814,916.8172349875149
2021-06-22 03:02:48.826563,19.77649252649759,72.01793757796334,916.8307634566123
2021-06-22 03:03:48.891838,19.68856331669876,72.42383381886229,916.8271560691416
2021-06-22 03:04:48.967561,19.598057871866104,72.6433764716016,916.8355182166943
2021-06-22 03:05:49.031832,19.722869735374186,72.21529731248884,916.8360275069755
2021-06-22 03:06:49.106918,19.75579028723259,71.95000329545184,916.8269508512757
2021-06-22 03:07:49.171830,19.808096581225975,71.85810500522794,916.805121062894
2021-06-22 03:08:49.251836,19.794989966006977,71.88974859673378,916.7940462480118
2021-06-22 03:09:49.331845,19.715178048621805,72.17289324522133,916.7675642611946
2021-06-22 03:10:49.411834,19.77425647854354,71.95542488758329,916.7607890449399
2021-06-22 03:11:49.491841,19.774753499808412,71.9706403416006,916.7520720923486
2021-06-22 03:12:49.566643,19.725644800162907,71.94679227468939,916.7523119945814
2021-06-22 03:13:49.637184,19.69972386396682,72.07182993265427,916.751074180802
2021-06-22 03:14:49.697909,19.716469478810247,72.05345079595993,916.757976258917
2021-06-22 03:15:49.761842,19.68112053169252,72.04279474779688,916.7609678973276
2021-06-22 03:16:49.841835,19.664894220985424,72.09098686015105,916.773695951099
2021-06-22 03:17:49.921933,19.60775702688382,72.46625293120775,916.7869433716761
2021-06-22 03:18:50.004303,19.66488666184505,72.13569855051605,916.7771154624531
2021-06-22 03:19:50.071896,19.669978329310002,72.0628008656685,916.7992099906221
2021-06-22 03:20:50.153577,19.6874001724508,72.02332760921765,916.783472400609
2021-06-22 03:21:50.217060,19.562546985699523,72.37001152077553,916.7876635180364
2021-06-22 03:22:50.281841,19.582404418539827,72.29564119803732,916.777264123206
2021-06-22 03:23:50.356582,19.62864185004852,72.21866637490054,916.77616141502
2021-06-22 03:24:50.421834,19.7344318619234,71.82468981483625,916.7798730925156
2021-06-22 03:25:50.501816,19.58992629297362,72.40440325814315,916.7755908111529
2021-06-22 03:26:50.581838,19.66032156917488,72.20278129807207,916.7704647022827
2021-06-22 03:27:50.661847,19.566264395781698,72.3769851243478,916.7753688012793
2021-06-22 03:28:50.741839,19.567373893996614,72.32082187167121,916.7844144082337
2021-06-22 03:29:50.821839,19.71920776593445,71.91285819818715,916.758835302715
2021-06-22 03:30:50.897897,19.68368446519299,72.01990793209079,916.7726724274631
2021-06-22 03:31:50.961845,19.569300469751017,72.3197667695264,916.7845874328964
2021-06-22 03:32:51.045281,19.596238970284904,72.21693582268813,916.7749159430623
2021-06-22 03:33:51.106584,19.58182410606198,72.17508758938276,916.772401311745
2021-06-22 03:34:51.171831,19.605556831857243,72.13046948154482,916.7731110448972
2021-06-22 03:35:51.250419,19.551706533016525,72.32471916876639,916.7754458365564
2021-06-22 03:36:51.321849,19.594813150372197,72.00704453379275,916.761888335828
2021-06-22 03:37:51.401854,19.627443147067364,71.87625735245356,916.7636409956018
2021-06-22 03:38:51.481899,19.5834895056303,71.95232839608717,916.7614340431462
2021-06-22 03:39:51.558297,19.467759428441887,72.28381230655164,916.7585547083773
2021-06-22 03:40:51.621852,19.48892229424855,72.32211007594876,916.7711705138584
2021-06-22 03:41:51.701846,19.594834929519923,71.99215298333817,916.7705263612359
2021-06-22 03:42:51.781840,19.520626609070135,72.26711653536785,916.7596502595703
2021-06-22 03:43:51.862917,19.491532035576125,72.34739659490103,916.7632006505537
2021-06-22 03:44:51.931881,19.607452192732513,71.98520406880523,916.7511348593431
2021-06-22 03:45:52.014518,19.5696502246773,72.06973313474468,916.7535235533603
2021-06-22 03:46:52.077276,19.471474720741803,72.42639094915987,916.755956372152
2021-06-22 03:47:52.161896,19.550757651481412,72.08845012928681,916.7544792665973
2021-06-22 03:48:52.236612,19.613168230728444,71.96874442000846,916.7638033742841
2021-06-22 03:49:52.301832,19.592053589405467,71.9142847413348,916.7491325310265
2021-06-22 03:50:52.377433,19.51504587419343,72.06821385902563,916.7451754509591
2021-06-22 03:51:52.461841,19.384742165676958,72.46845911798012,916.7485119535421
2021-06-22 03:52:52.541844,19.374352411119073,72.46472019224896,916.7461283533859
2021-06-22 03:53:52.617348,19.30391858642745,72.7567907904416,916.744613385289
2021-06-22 03:54:52.681824,19.38952568668155,72.60919849919728,916.7501228874523
2021-06-22 03:55:52.767186,19.367494296123464,72.62641505715747,916.7270215327819
2021-06-22 03:56:52.831845,19.475385361149225,72.26553538821635,916.721046689139
2021-06-22 03:57:52.907579,19.383343448142593,72.54178725612435,916.7184992983524
2021-06-22 03:58:52.971849,19.38576734118054,72.50999107902256,916.7053003119686
2021-06-22 03:59:53.049071,19.420459719585388,72.2743019460718,916.700301785402
2021-06-22 04:00:53.111848,19.46861842938885,72.25511240794648,916.7178282853662
2021-06-22 04:01:53.191885,19.31682560086882,72.66511812239035,916.7152878057557
2021-06-22 04:02:53.271868,19.449797144652965,72.19834712140758,916.7064081590944
2021-06-22 04:03:53.348827,19.47088614754488,72.01208668293356,916.6855105690553
2021-06-22 04:04:53.411840,19.500198656264033,72.01988973258352,916.6785433450834
2021-06-22 04:05:53.491890,19.474822205799846,72.06341796594685,916.6776408256009
2021-06-22 04:06:53.571834,19.369072639008195,72.3790938664643,916.6823438856969
2021-06-22 04:07:53.651827,19.362917680764518,72.47776227184802,916.6898167356993
2021-06-22 04:08:53.726606,19.37538114905103,72.32969411999298,916.69866402076
2021-06-22 04:09:53.791895,19.43658888010396,71.98973543840013,916.697082434881
2021-06-22 04:10:53.871849,19.362508601791905,71.97984966785576,916.7084332150481
2021-06-22 04:11:53.946568,19.408490517822727,71.82433618434307,916.7142585064539
2021-06-22 04:12:54.011834,19.454177738286166,71.59851608854164,916.7305480923811
2021-06-22 04:13:54.091836,19.430357518285202,71.58347219077694,916.7337298008104
2021-06-22 04:14:54.167288,19.29972226940272,71.93021150744879,916.7237260506471
2021-06-22 04:15:54.251850,19.311857974606262,72.06236860899384,916.7155946533486
2021-06-22 04:16:54.332073,19.302952158380915,72.08633562305411,916.7349108032189
2021-06-22 04:17:54.419576,19.421119696097193,71.56881764975103,916.756414919815
2021-06-22 04:18:54.486741,19.30225761992581,71.9123995348319,916.7607294027525
2021-06-22 04:19:54.551872,19.359489465277544,71.74861447720998,916.7583197799003
2021-06-22 04:20:54.631840,19.262617827181167,72.02436522609086,916.7393886502124
2021-06-22 04:21:54.711833,19.25951746975419,72.0661492415049,916.7483879236584
2021-06-22 04:22:54.791868,19.266071574204084,72.04487205873366,916.7607546421509
2021-06-22 04:23:54.866701,19.120058664451633,72.5526972439207,916.7637424693677
2021-06-22 04:24:54.931827,19.24783726225743,72.25914305350625,916.7698545451354
2021-06-22 04:25:55.001831,19.27933976810235,72.26325253337804,916.7751453122396
2021-06-22 04:26:55.078411,19.268270127620905,72.36038305173129,916.7696077900031
2021-06-22 04:27:55.151230,19.219064278757273,72.51415510589732,916.7829367970967
2021-06-22 04:28:55.231832,19.349203993762824,72.07827461424252,916.7681442212951
2021-06-22 04:29:55.311846,19.39699657930857,71.8475305094483,916.7768856460353
2021-06-22 04:30:55.386856,19.40362031276297,71.73564339371043,916.7845791481836
2021-06-22 04:31:55.451850,19.33785259000274,71.94613415841782,916.7820896193426
2021-06-22 04:32:55.526948,19.353509489834146,71.73703487162882,916.7853922541705
2021-06-22 04:33:55.591835,19.151008190611226,72.44158347574832,916.7831539349344
2021-06-22 04:34:55.671850,19.239088992161467,72.20108194337466,916.767310348081
2021-06-22 04:35:55.747612,19.21955035169124,72.35522369219753,916.755840855358
2021-06-22 04:36:55.811902,19.264528408576567,72.22888851714495,916.764684393079
2021-06-22 04:37:55.891839,19.19705763178748,72.38817637124163,916.7622998381919
2021-06-22 04:38:55.967702,19.251530346712798,72.1840475747728,916.7604433808868
2021-06-22 04:39:56.031855,19.14717010985797,72.5716110938715,916.7697304380622
2021-06-22 04:40:56.106738,19.175604141614883,72.39144875162582,916.7675487695439
2021-06-22 04:41:56.171834,19.04517252396426,72.87089855584722,916.8041624149099
2021-06-22 04:42:56.247397,19.144566002450556,72.52183030193969,916.7871406254482
2021-06-22 04:43:56.311854,19.195165913614424,72.3392407624394,916.7814555201217
2021-06-22 04:44:56.386707,19.404820668104772,71.85677912940103,916.7875251090895
2021-06-22 04:45:56.451847,19.634017544405957,71.19876332003747,916.7993583110189
2021-06-22 04:46:56.531839,19.618321259338945,71.19715887284484,916.8162995111489
2021-06-22 04:47:56.612418,19.355335978943952,71.90030834123358,916.8192325089415
2021-06-22 04:48:56.681876,19.209840651853902,72.25477004304507,916.8459338572775
2021-06-22 04:49:56.706583,19.063837258618555,72.70811704044897,916.8543231861725
2021-06-22 04:50:56.771827,19.203842689691328,72.3342325554801,916.8510912650186
2021-06-22 04:51:56.851852,19.179264656999543,72.42291020547366,916.8709054773342
2021-06-22 04:52:56.926707,19.235550285950236,72.09068529612544,916.8676955245974
2021-06-22 04:53:56.991887,19.32180909632558,71.69314424263231,916.8769201891561
2021-06-22 04:54:57.071840,19.141419171894825,72.28947373589186,916.8922221640586
2021-06-22 04:55:57.151834,19.1098202615539,72.50443259318612,916.900792151119
2021-06-22 04:56:57.231895,19.160388813474942,72.41824121493583,916.9079342863707
2021-06-22 04:57:57.306718,19.240087866081073,72.18297433419143,916.9201284583348
2021-06-22 04:58:57.372015,19.30227998602545,71.95268911818623,916.9236631867911
2021-06-22 04:59:57.447943,19.260108435927513,72.10176756388772,916.9207119691313
2021-06-22 05:00:57.511849,19.220988236061665,72.10161557683159,916.9300268369562
2021-06-22 05:01:57.586991,19.15120627918815,72.23680040157957,916.9235858600512
2021-06-22 05:02:57.651834,19.10315948468482,72.30615687415431,916.9129307854331
2021-06-22 05:03:57.731832,19.05240204240077,72.49799922891633,916.9320493796703
2021-06-22 05:04:57.811838,19.010046521871168,72.53862447195124,916.930472671764
2021-06-22 05:05:57.891831,19.152510684894505,71.95165142447401,916.9471237994848
2021-06-22 05:06:57.969538,19.22073218810554,71.96217130508664,916.9409610796073
2021-06-22 05:07:58.031825,19.30864462442099,71.60670879221492,916.9624258545354
2021-06-22 05:08:58.111021,19.248727856205893,71.58252279268062,916.9863943919291
2021-06-22 05:09:58.181842,19.223114622217725,71.84311744663961,916.9850598206759
2021-06-22 05:10:58.261839,19.10923052491213,71.86898840319036,916.9995832510026
2021-06-22 05:11:58.343147,19.123573192828456,71.86249035767379,916.9896037470448
2021-06-22 05:12:58.414560,19.02625037713082,72.07161689615658,916.9917374450466
2021-06-22 05:13:58.481833,18.95850798863166,72.3117531924018,916.9849512802681
2021-06-22 05:14:58.560202,19.188449824064996,71.88432156207134,916.9846890876705
2021-06-22 05:15:58.617156,19.442909070657972,71.11647997278759,916.9906331147945
2021-06-22 05:16:58.681830,18.97469455669552,72.50290363631535,916.983508183604
2021-06-22 05:17:58.758719,18.970002993375605,72.54817801394863,916.9870990470881
2021-06-22 05:18:58.821880,18.94700574815465,72.43569698860219,916.993823616016
2021-06-22 05:19:58.901831,18.89871773140462,72.73055036710092,917.0094997679777
2021-06-22 05:20:58.981878,18.999130582206465,72.23126375141256,917.0125874527855
2021-06-22 05:21:59.056747,18.996956155720188,72.22005517803781,917.0339873138943
2021-06-22 05:22:59.121855,18.785157765867538,72.99883604811859,917.052612958722
2021-06-22 05:23:59.201870,18.944697322861902,72.34623525877113,917.0478853608563
2021-06-22 05:24:59.281830,18.949587194764323,72.2555311686033,917.0576267191158
2021-06-22 05:25:59.357839,18.973603054764673,72.0361571508222,917.0668378151888
2021-06-22 05:26:59.421928,18.88619031146815,72.3377402183075,917.0690003133001
2021-06-22 05:27:59.501840,18.94454352845812,72.06649149181322,917.082446052042
2021-06-22 05:28:59.579601,18.759878886523236,72.82714192452916,917.0778462687166
2021-06-22 05:29:59.657064,18.66788674238284,73.27576090358838,917.0816713971975
2021-06-22 05:30:59.721834,18.87841310620715,72.27481163892159,917.0658516770429
2021-06-22 05:31:59.801892,18.860537222679497,72.33757948784888,917.055894756564
2021-06-22 05:32:59.884080,18.894029399837258,72.14736412161163,917.0531213890823
2021-06-22 05:33:59.951880,18.81910942881622,72.26659441769146,917.0483732065364
2021-06-22 05:35:00.032191,18.6909547461932,72.86019995893558,917.0519427106261
2021-06-22 05:36:00.111888,18.77094712864543,72.48121396225133,917.056315623559
2021-06-22 05:37:00.186587,18.854789280974146,72.28702162819445,917.0885936327769
2021-06-22 05:38:00.251827,18.802477254803318,72.51640413225572,917.0963183722797
2021-06-22 05:39:00.326612,18.768481401331833,72.58087876059984,917.0850857817676
2021-06-22 05:40:00.392023,18.80978271967637,72.56639647903117,917.1016519414537
2021-06-22 05:41:00.471841,18.843479282630447,72.29071200953828,917.1054645418158
2021-06-22 05:42:00.552954,18.824467824007208,72.37626629626821,917.1189850602084
2021-06-22 05:43:00.621835,18.738031394468713,72.7700228482107,917.1083222285168
2021-06-22 05:44:00.696612,18.941667576908497,72.07584903948784,917.1160510984472
2021-06-22 05:45:00.757202,18.884783745304695,72.21594187234386,917.1334185652481
2021-06-22 05:46:00.821827,18.831565151711178,72.3210275000679,917.1413651012822
2021-06-22 05:47:00.901830,18.847248458444504,72.26486971347182,917.166141285566
2021-06-22 05:48:00.977140,18.90371439233135,72.11761601165263,917.176668393581
2021-06-22 05:49:01.047340,18.984583216805376,71.97469495658272,917.1909254940049
2021-06-22 05:50:01.121833,18.94079248606656,72.17572342783237,917.1956499060449
2021-06-22 05:51:01.187999,19.360187019396033,70.8533226471427,917.2158400947299
2021-06-22 05:52:01.245169,19.250033178937993,71.32830629018473,917.2298578692195
2021-06-22 05:53:01.316544,19.004081164251648,71.86171972136572,917.228449156541
2021-06-22 05:54:01.381890,19.066284808456956,71.54729147712824,917.2277500006422
2021-06-22 05:55:01.447611,18.937865755757183,71.93360213479535,917.2323523494603
2021-06-22 05:56:01.523242,18.862523604779067,72.0636123876006,917.2215960878186
2021-06-22 05:57:01.601835,18.83981952728196,72.41569837094946,917.2200971121636
2021-06-22 05:58:01.681884,18.852110056822855,72.53825023471093,917.2450977335913
2021-06-22 05:59:01.761848,18.820779385254628,72.46053235344667,917.2567536976891
2021-06-22 06:00:01.841895,18.75730553364289,72.5977070414196,917.2500628859266
2021-06-22 06:01:01.911882,18.793449034962716,72.42399504977585,917.2542816670483
2021-06-22 06:02:01.991833,18.704982316101344,72.69637906094276,917.2782631213561
2021-06-22 06:03:02.091839,18.669718146850695,72.60469723860642,917.2844943065126
2021-06-22 06:04:02.171868,18.76265409576532,72.36609109756118,917.2870779392007
2021-06-22 06:05:02.248150,18.804360138649965,72.32102193772403,917.2783075869822
2021-06-22 06:06:02.311844,18.77681826838177,72.31448087849591,917.3219109197637
2021-06-22 06:07:02.386859,18.747005601095257,72.54976734952405,917.3285044960459
2021-06-22 06:08:02.451853,18.687460825378704,72.65682582158576,917.3400128088172
2021-06-22 06:09:02.533373,18.787565469590266,72.20835318670842,917.3649102198221
2021-06-22 06:10:02.596588,18.609647548594577,72.87915480669719,917.3728914159236
2021-06-22 06:11:02.661835,18.68896420447229,72.64961386158801,917.3673678036344
2021-06-22 06:12:02.739396,18.6623167110876,72.71267892625544,917.3482363434385
2021-06-22 06:13:02.801842,18.945990292603877,71.75755281916412,917.340374545565
2021-06-22 06:14:02.881837,18.905879552298398,71.77023701300863,917.3599421888088
2021-06-22 06:15:02.962399,18.71459535086341,72.33537376422463,917.3448225572262
2021-06-22 06:16:03.031838,18.725916381988707,72.16888342597264,917.3547920871966
2021-06-22 06:17:03.114030,18.684138720917183,72.28458953133456,917.3743084685145
2021-06-22 06:18:03.179410,18.845204878525774,71.8623363344086,917.3881638067917
2021-06-22 06:19:03.251837,18.682818753511917,72.27245641423062,917.3937848289862
2021-06-22 06:20:03.331829,18.59626824855811,72.65625559548812,917.396196278572
2021-06-22 06:21:03.407928,18.507587655701094,72.9381810643937,917.394218630926
2021-06-22 06:22:03.471830,18.52110757745287,72.942541673107,917.4046038943341
2021-06-22 06:23:03.551830,18.646156120504486,72.5334235329639,917.413934545792
2021-06-22 06:24:03.632007,18.55778889161183,72.79120876395466,917.4145145809024
2021-06-22 06:25:03.716704,18.63063355146086,72.53697816189838,917.4161333922385
2021-06-22 06:26:03.781826,18.695813349957188,72.42276306387221,917.4314839828037
2021-06-22 06:27:03.856593,18.676283044106416,72.4182956543677,917.4290721067098
2021-06-22 06:28:03.923059,18.670885402976634,72.29546186021108,917.4414233080813
2021-06-22 06:29:03.991841,18.60535765156135,72.45781212565389,917.4556108056073
2021-06-22 06:30:04.071858,18.616413111593577,72.55599463847928,917.44518198917
2021-06-22 06:31:04.151834,18.590564054967373,72.54312352291353,917.4525083345812
2021-06-22 06:32:04.226885,18.669207136122086,72.34126619101895,917.4454318565927
2021-06-22 06:33:04.291833,18.708532610175176,72.14245981486617,917.4460645136517
2021-06-22 06:34:04.371834,18.57170641775458,72.74838227424313,917.4481162559309
2021-06-22 06:35:04.446806,18.53039367394579,72.9452871732682,917.4410802369043
2021-06-22 06:36:04.507967,18.747235926843263,72.0206913924072,917.4650234709101
2021-06-22 06:37:04.571900,18.65685852703161,72.29370708751804,917.464971792378
2021-06-22 06:38:04.647335,18.618875858721797,72.38070685102636,917.4701042954665
2021-06-22 06:39:04.729847,18.524295811509116,72.71014432483577,917.4833973102832
2021-06-22 06:40:04.792038,18.46884968772941,73.02177803353848,917.4884398488848
2021-06-22 06:41:04.861907,18.531932621516997,72.78916146982286,917.5011965965884
2021-06-22 06:42:04.936570,18.570456877224558,72.61129501258664,917.5123399029729
2021-06-22 06:43:04.998615,18.59193049118685,72.42721105296839,917.5206599683247
2021-06-22 06:44:05.030800,18.57947926112297,72.40619095802118,917.5318410784901
2021-06-22 06:45:05.111840,18.586725656637675,72.44247466446704,917.5411546753854
2021-06-22 06:46:05.191848,18.5405832538042,72.63758086656324,917.5296472184746
2021-06-22 06:47:05.271835,18.564060587202924,72.69369300763826,917.5496099717928
2021-06-22 06:48:05.350058,18.484617140814283,72.83109753694586,917.5474925361457
2021-06-22 06:49:05.416463,18.595812185545732,72.55968081451826,917.5463073605788
2021-06-22 06:50:05.481868,18.627648293511996,72.59309287672288,917.5782365177148
2021-06-22 06:51:05.563230,18.607160059438755,72.81356582006885,917.5884816080354
2021-06-22 06:52:05.631784,18.76211470097318,72.25102115624688,917.5882543608766
2021-06-22 06:53:05.711826,19.046049551118173,71.43976438954799,917.5934699107115
2021-06-22 06:54:05.788177,19.179611842023238,71.09971085037539,917.617592903238
2021-06-22 06:55:05.847053,19.221081255110313,70.99097039970569,917.6107989614902
2021-06-22 06:56:05.912166,19.332684143113834,70.70797843361271,917.6157071146023
2021-06-22 06:57:05.997123,19.355898138503747,70.57471163907809,917.6091734098463
2021-06-22 06:58:06.101825,19.347102691300485,70.8317534201351,917.6089546285442
2021-06-22 06:59:06.176564,19.253101664588108,71.3136585003205,917.6290106611614
2021-06-22 07:00:06.241876,19.27024216234052,71.26411011865076,917.6436656089679
2021-06-22 07:01:06.321864,19.18137669919712,71.57173426179672,917.6638305967338
2021-06-22 07:02:06.397766,19.27104135252565,71.25906003239912,917.6691803018582
2021-06-22 07:03:06.457407,19.33581819707355,70.73698566304515,917.6836913347294
2021-06-22 07:04:06.521821,18.935490264918535,72.01071819653788,917.693854116807
2021-06-22 07:05:06.598026,18.93243888424085,71.9209063935496,917.7058828102229
2021-06-22 07:06:06.656541,18.812910804950057,72.18289661455856,917.7186173804024
2021-06-22 07:07:06.723924,18.728531612562424,72.2942742548162,917.7217739781794
2021-06-22 07:08:06.786994,18.68139698051699,72.45532760078362,917.7110804231775
2021-06-22 07:09:06.850965,18.66011820512536,72.51643841133922,917.7463090387283
2021-06-22 07:10:06.931860,18.719794041780876,72.35970248975916,917.7661762446938
2021-06-22 07:11:07.011832,18.80718237032845,72.32621532649767,917.7723593027866
2021-06-22 07:12:07.091840,18.60699544340827,73.05398321516196,917.7850593240865
2021-06-22 07:13:07.171831,18.61674764694784,72.95052845970392,917.7836688065615
2021-06-22 07:14:07.251824,19.03414534298936,72.00768317166937,917.7882370588092
2021-06-22 07:15:07.327700,19.244899184219083,71.66447208392506,917.7928336932458
2021-06-22 07:16:07.388192,19.76566025841587,70.08590985577504,917.7933148931636
2021-06-22 07:17:07.451847,19.888630332581663,69.7208686034799,917.7974522698985
2021-06-22 07:18:07.531829,19.22194496830537,71.5975224220606,917.8169554255672
2021-06-22 07:19:07.611840,18.90449223182096,72.54259081097715,917.8473137531327
2021-06-22 07:20:07.691891,18.953575323325474,72.22203397190586,917.8619504731948
2021-06-22 07:21:07.771830,18.83596475600825,72.30114646845914,917.8652543758528
2021-06-22 07:22:07.846650,19.132977586873615,71.23797590076701,917.8764673726623
2021-06-22 07:23:07.911848,18.990185314887967,71.7979402268683,917.8715783174029
2021-06-22 07:24:07.987329,18.8073680430327,72.41510195978036,917.8852297891655
2021-06-22 07:25:08.051834,18.561719134309886,73.17995340481515,917.8889317340337
2021-06-22 07:26:08.131833,18.769618945584103,72.37905495659281,917.8838195709027
2021-06-22 07:27:08.211841,18.65386620644758,72.89662326228346,917.9110819999739
2021-06-22 07:28:08.291828,18.769823041984925,72.42429799517348,917.9099013005405
2021-06-22 07:29:08.371891,18.83593280661459,72.11339659586821,917.9065255517132
2021-06-22 07:30:08.451846,18.80122793564818,72.13496373968555,917.9112231002108
2021-06-22 07:31:08.531878,18.82169288689663,72.26284481826725,917.9218748341476
2021-06-22 07:32:08.606891,18.89037037343414,71.85044789847674,917.9503996715595
2021-06-22 07:33:08.668249,18.99307629840201,71.74055660216959,917.959396505001
2021-06-22 07:34:08.727879,19.273594861410245,70.84290379931886,917.9466409025026
2021-06-22 07:35:08.795244,19.415204449362182,70.62228221929128,917.9394618157271
2021-06-22 07:36:08.861857,19.298869178807024,70.8389971326441,917.9458884320146
2021-06-22 07:37:08.941842,19.361457385658195,70.61915235217762,917.9497169286358
2021-06-22 07:38:09.025255,19.26052763711489,70.94102546953143,917.9607919565982
2021-06-22 07:39:09.092145,19.34289741663753,70.63973355597166,917.9645848269604
2021-06-22 07:40:09.171842,19.171831233636336,71.20834741674929,917.9469058918943
2021-06-22 07:41:09.251831,19.316060035231523,70.8259255709645,917.9579230582768
2021-06-22 07:42:09.331831,19.292647710626046,70.92600377482499,917.9586120594938
2021-06-22 07:43:09.411837,19.120279211614452,71.59779932889235,917.9590512289662
2021-06-22 07:44:09.491835,19.20144096042933,71.40573328898759,917.9750330902548
2021-06-22 07:45:09.571472,19.1963565702705,71.46327282688127,917.9794237484085
2021-06-22 07:46:09.651852,18.896829546121634,72.37377770817983,917.9794207799589
2021-06-22 07:47:09.731830,18.693133040179234,72.93316370924236,917.9814076692084
2021-06-22 07:48:09.811831,18.777177161968318,72.55283328208426,917.9764470009484
2021-06-22 07:49:09.891829,18.680849556225567,72.85902450461676,917.9559184345821
2021-06-22 07:50:09.971833,18.77368219916365,72.51158478780727,917.9663982053919
2021-06-22 07:51:10.051831,18.76347753536761,72.57305790808681,917.9698866809782
2021-06-22 07:52:10.131837,18.715781985545288,72.82407825888407,917.9946819387291
2021-06-22 07:53:10.211826,18.651001096157405,73.01661547102927,918.0119233506407
2021-06-22 07:54:10.291837,18.706783752867914,72.36018935007841,918.0274508872527
2021-06-22 07:55:10.371850,18.635034139810376,72.88284886099184,918.0462254167091
2021-06-22 07:56:10.451890,18.801086363751494,72.2820688814265,918.0492602445453
2021-06-22 07:57:10.531836,18.741951820730637,72.39634535791795,918.0454953315112
2021-06-22 07:58:10.611840,18.71062601581493,72.38387067850302,918.038631419677
2021-06-22 07:59:10.691838,19.091660852129134,71.28040887876779,918.0673038206127
2021-06-22 08:00:10.771822,19.05346200132983,71.19987666551522,918.0743316099341
2021-06-22 08:01:10.851827,18.785334817945166,72.04320736891745,918.0699237795709
2021-06-22 08:02:10.931832,18.48484278625907,73.00181658662184,918.0729235501559
2021-06-22 08:03:11.012433,18.57127093583783,73.05197501321177,918.0611105797832
2021-06-22 08:04:11.078346,18.917992683772635,72.07927858581546,918.0894432133443
2021-06-22 08:05:11.141891,18.56014566655799,73.02781238740387,918.0717170209997
2021-06-22 08:06:11.221847,18.5490488190253,72.92475644455111,918.0755475698494
2021-06-22 08:07:11.301836,18.26673190743391,74.15114711341977,918.0756154846284
2021-06-22 08:08:11.382625,18.221103010289106,74.31708023754433,918.0703960964996
2021-06-22 08:09:11.446572,18.18301957179734,74.44046864514104,918.0911625737027
2021-06-22 08:10:11.511825,18.264767067065968,74.16443856956771,918.0843600496245
2021-06-22 08:11:11.591863,18.30683663275396,74.3133063149186,918.0867158081785
2021-06-22 08:12:11.671843,18.44428435074093,73.74768109862991,918.0847161998005
2021-06-22 08:13:11.751919,18.60616884921891,73.27555128131935,918.0934234367246
2021-06-22 08:14:11.831871,18.72261920084885,72.74092025780288,918.0821634929287
2021-06-22 08:15:11.911832,18.662387543595173,73.08366837536686,918.0786335475569
2021-06-22 08:16:11.991826,18.791072887950516,72.46709318976352,918.0943992429268
2021-06-22 08:17:12.073645,18.657703625417344,72.78273876268541,918.0848500831578
2021-06-22 08:18:12.138492,18.746698929308085,72.57793535441071,918.099711275508
2021-06-22 08:19:12.197274,18.57344860873907,73.1161284875282,918.0930127937135
2021-06-22 08:20:12.256717,18.48496486504759,73.56721504635216,918.1072916174655
2021-06-22 08:21:12.317048,18.72409099992343,72.72519971085325,918.1315438733504
2021-06-22 08:22:12.377313,18.664205011790045,73.06918686415291,918.1326008558516
2021-06-22 08:23:12.441837,18.659946876177123,73.21846345565206,918.1391266191986
2021-06-22 08:24:12.521828,18.66849913288993,73.1996244344762,918.1553044432851
2021-06-22 08:25:12.601840,18.645403485693684,73.24849101555483,918.1622214753021
2021-06-22 08:26:12.677599,18.786250628988412,72.84189040383535,918.1839929713994
2021-06-22 08:27:12.738015,18.920326967677553,72.50167072612457,918.1916720054778
2021-06-22 08:28:12.799870,18.981540134626307,72.49116568354002,918.2061111039509
2021-06-22 08:29:12.871842,18.801141281823234,72.98102378920392,918.2146032763288
2021-06-22 08:30:12.947065,18.926945863396767,72.71037110065734,918.2339163158251
2021-06-22 08:31:13.011851,19.43499947083923,71.2097828475841,918.2327791302091
2021-06-22 08:32:13.091829,18.783161971857673,73.08396056666146,918.2563656999723
2021-06-22 08:33:13.171982,18.69732337587995,73.27812629349202,918.2669884789316
2021-06-22 08:34:13.246666,19.162370937329182,71.84093971848644,918.282472336739
2021-06-22 08:35:13.311908,19.120261815534047,72.22060893517533,918.2913642440329
2021-06-22 08:36:13.391070,19.16582663553857,72.21157665309867,918.2831937271122
2021-06-22 08:37:13.471833,19.225934271678412,71.93799527546302,918.2917190383279
2021-06-22 08:38:13.551832,19.30475210635798,71.66820434752124,918.3074201674956
2021-06-22 08:39:13.631996,19.118950814206563,72.33336072217654,918.3253402835128
2021-06-22 08:40:13.711896,19.071829212664408,72.54703546091396,918.3278853976753
2021-06-22 08:41:13.789119,19.202375301782016,72.18876372563247,918.3354019840351
2021-06-22 08:42:13.846691,19.27380892504233,71.86095241125089,918.3503641490968
2021-06-22 08:43:13.911832,19.4011967085242,71.6718895591521,918.3512444749725
2021-06-22 08:44:13.991856,19.396387453046025,71.6602030733217,918.3646603602646
2021-06-22 08:45:14.071871,19.19289342541756,72.33951832121214,918.3735558383439
2021-06-22 08:46:14.146990,19.267884449528342,72.08284553954613,918.3862760729025
2021-06-22 08:47:14.211840,19.199853892252534,72.33943040526248,918.3793895443545
2021-06-22 08:48:14.294569,19.256798596320596,72.08631824841224,918.3845959196486
2021-06-22 08:49:14.361889,19.264883652062473,72.1797897518711,918.3859994706542
2021-06-22 08:50:14.442429,19.45398191722149,71.60679723470311,918.3813451199646
2021-06-22 08:51:14.511832,19.31404688503495,72.03078852048326,918.3757321976366
2021-06-22 08:52:14.591838,19.437013841414398,71.75407825549972,918.3597269419607
2021-06-22 08:53:14.671852,19.379254241842542,71.9125753371799,918.3641956036298
2021-06-22 08:54:14.749518,19.515075734148887,71.37209373041637,918.3699662446548
2021-06-22 08:55:14.812022,19.557319217847294,71.34638257098277,918.3572585027439
2021-06-22 08:56:14.887421,19.50393464927286,71.4861096061451,918.3461783457194
2021-06-22 08:57:14.948753,19.46737594652161,71.4959738278338,918.3767389000591
2021-06-22 08:58:15.011832,19.44800840152137,71.55969718930939,918.3825403283694
2021-06-22 08:59:15.087966,19.308418399540894,72.06026773986609,918.3757680142312
2021-06-22 09:00:15.151838,19.48583475053705,71.54402656018812,918.3725242792727
2021-06-22 09:01:15.227146,19.378005080846144,71.89204317405506,918.3776248708384
2021-06-22 09:02:15.291856,19.42976857900129,71.72045806916547,918.3868982847475
2021-06-22 09:03:15.371836,19.355711247962578,72.1477258722371,918.3886725857093
2021-06-22 09:04:15.446999,19.43223911717192,71.80065758446266,918.3878594478701
2021-06-22 09:05:15.511848,19.41388459667865,72.00363780928154,918.3952600784772
2021-06-22 09:06:15.586587,19.25929297300356,72.49593323308605,918.4020172470974
2021-06-22 09:07:15.651836,19.504202189060585,71.77323978833559,918.3962842110591
2021-06-22 09:08:15.726817,19.391918402806542,72.0976253733609,918.4158125698561
2021-06-22 09:09:15.791822,19.52459783627425,71.73323216085707,918.4113735709592
2021-06-22 09:10:15.871810,19.45194046930704,72.00288120770537,918.4277081557403
2021-06-22 09:11:15.951853,19.46640601460546,72.17772339509469,918.3999126277338
2021-06-22 09:12:16.029184,19.494061825768085,72.17426629950947,918.4104939326014
2021-06-22 09:13:16.101838,20.081000687106027,70.58396914852005,918.4407126520114
2021-06-22 09:14:16.178012,20.819193983863205,68.41743619440413,918.4324701182794
2021-06-22 09:15:16.241826,20.292105853367183,69.98873012855015,918.4588603807822
2021-06-22 09:16:16.275272,20.525400524986715,69.20678474444941,918.4499429316662
2021-06-22 09:17:16.341823,20.809844775584725,68.45684966856213,918.4363835318985
2021-06-22 09:18:16.421843,20.46108166872263,69.52096530973654,918.4528032948939
2021-06-22 09:19:16.501878,20.13421810431673,70.49602062008806,918.4610773851613
2021-06-22 09:20:16.581849,20.113309371665718,70.93036386649977,918.4644959781425
2021-06-22 09:21:16.661850,20.31190194098432,70.35758074486301,918.4550562036626
2021-06-22 09:22:16.736634,20.451537938416894,69.8782728524579,918.4778260146246
2021-06-22 09:23:16.801829,20.451825525695334,70.21319223664979,918.4955291927376
2021-06-22 09:24:16.876827,20.81882262903042,69.32574016543204,918.4880721475936
2021-06-22 09:25:16.941836,20.156396923983422,70.72198900735262,918.5253592183732
2021-06-22 09:26:17.022015,18.736586697289376,74.27951925164123,918.5137081987092
2021-06-22 09:27:17.096759,19.052091947326947,73.44653761020838,918.5103383219882
2021-06-22 09:28:17.161833,19.347410366665166,72.5531181249684,918.4983876153037
2021-06-22 09:29:17.236655,19.29454988924081,73.03652080078662,918.5245874895161
2021-06-22 09:30:17.301829,18.245172418374896,76.24378029872996,918.546603558816
2021-06-22 09:31:17.377001,18.498438785873002,75.29791629342874,918.559622039406
2021-06-22 09:32:17.441832,17.766487331304123,77.1794881817072,918.5431415649797
2021-06-22 09:33:17.520970,17.29345418720258,78.08873328995827,918.5499089799129
2021-06-22 09:34:17.601825,17.524246810007856,77.84597896520646,918.531767828324
2021-06-22 09:35:17.676565,18.172999831731357,76.0658929818022,918.536147733103
2021-06-22 09:36:17.741841,17.952145595012986,76.46260896578336,918.5390076026325
2021-06-22 09:37:17.816689,18.23596787252557,75.37533867466703,918.53313045948
2021-06-22 09:38:17.881825,17.432997328097837,77.60115703759456,918.5748280451412
2021-06-22 09:39:17.956579,17.161657676760633,78.12285621415967,918.5493558420483
2021-06-22 09:40:18.021858,17.737240333722884,76.45323479992723,918.546066009699
2021-06-22 09:41:18.096593,17.682272615717412,76.94819244875518,918.5790164178944
2021-06-22 09:42:18.161843,18.0024157183913,75.73405288681151,918.5524474558216
2021-06-22 09:43:18.241823,17.90849289188081,75.7536593682697,918.5410679401276
2021-06-22 09:44:18.317265,17.6960222410966,76.84706684672717,918.5548646647744
2021-06-22 09:45:18.381830,18.06025575641433,75.58200853631335,918.5549800900891
2021-06-22 09:46:18.461882,17.783160346338654,76.09829739487412,918.559158834458
2021-06-22 09:47:18.541857,18.836615691835714,73.35471310656818,918.5636714707842
2021-06-22 09:48:18.621825,19.86383533924498,70.84649079053959,918.5515302944544
2021-06-22 09:49:18.696855,18.685540010869566,73.39064174181459,918.5521431100849
2021-06-22 09:50:18.761854,18.571730633897385,74.22394739087513,918.5651810064544
2021-06-22 09:51:18.837111,18.810472875342896,73.33656757581481,918.5939264293994
2021-06-22 09:52:18.901828,17.97304240853913,75.69538768328151,918.5553738944785
2021-06-22 09:53:18.981840,18.772029499101585,73.45604224503012,918.5557461534604
2021-06-22 09:54:19.056853,19.535555025895665,71.26228866018374,918.5682553136506
2021-06-22 09:55:19.121836,18.795069275036024,73.36367082192096,918.5679862822197
2021-06-22 09:56:19.196588,18.794764091902927,73.2590499462432,918.584118792251
2021-06-22 09:57:19.261835,20.18035476914117,69.71261382769246,918.5917359151404
2021-06-22 09:58:19.341814,20.50570940690001,69.19671837326543,918.601129247353
2021-06-22 09:59:19.422608,20.88596406733573,67.9620341128049,918.6105365206855
2021-06-22 10:00:19.491852,20.648390866827825,68.77416343578206,918.6015403303882
2021-06-22 10:01:19.571871,20.995621270894635,67.84931531032228,918.5885277112724
2021-06-22 10:02:19.647871,20.637489567734516,68.60622021969489,918.6053774285689
2021-06-22 10:03:19.715457,20.76299962174758,68.3235379531529,918.5985628011373
2021-06-22 10:04:19.778380,20.468650633194144,68.59288530053739,918.6139187423042
2021-06-22 10:05:19.841828,20.278655308715408,69.0891486621897,918.6147098800305
2021-06-22 10:06:19.921831,19.915398265853753,70.06840134973534,918.6165430945878
2021-06-22 10:07:19.997260,20.43264933079455,69.0825265428716,918.6160384168809
2021-06-22 10:08:20.071844,20.60207883166824,68.81424826369523,918.6273785517777
2021-06-22 10:09:20.152418,20.48345013089295,68.75195688911082,918.6171020751459
2021-06-22 10:10:20.221869,19.103590790733346,72.40211765488472,918.6269740746447
2021-06-22 10:11:20.301850,19.50130604096592,71.23819074639773,918.6138964648201
2021-06-22 10:12:20.377616,19.154001860966083,71.83404368503169,918.6357342916078
2021-06-22 10:13:20.441847,18.976161428316143,72.24865156041353,918.6351453835009
2021-06-22 10:14:20.516691,18.951578504170865,72.40978051527651,918.6584406819812
2021-06-22 10:15:20.577407,19.43908429105885,71.40703061686796,918.6428090048269
2021-06-22 10:16:20.641868,19.706485840558425,70.71670017078903,918.6664024972953
2021-06-22 10:17:20.721832,19.73620522476551,70.40749196723827,918.6887561603863
2021-06-22 10:18:20.747908,19.117198172138846,71.88528429399888,918.6919137197951
2021-06-22 10:19:20.811829,18.287641568824775,74.49250844008013,918.6820374506038
2021-06-22 10:20:20.887022,17.623897574361706,75.93691057688424,918.6860863508064
2021-06-22 10:21:20.951839,18.60634185401509,73.20118578903603,918.6840237066892
2021-06-22 10:22:21.032476,19.245569694740777,71.37040020438671,918.6782408537094
2021-06-22 10:23:21.096805,19.318810049502364,71.32295213693428,918.6681327165004
2021-06-22 10:24:21.161885,19.574104873994706,70.22994873801035,918.6582861749956
2021-06-22 10:25:21.237806,18.728659986057327,72.68139036480952,918.6596506530155
2021-06-22 10:26:21.301888,19.307566346847683,71.08716205600447,918.6429787492664
2021-06-22 10:27:21.381838,19.52893813386626,69.96107244950466,918.6234358533756
2021-06-22 10:28:21.461832,19.656068049220767,69.75393815347657,918.6309819138783
2021-06-22 10:29:21.541860,18.113442000866378,74.18730241185403,918.6488710952656
2021-06-22 10:30:21.621868,18.136114319042147,73.97207761525017,918.6480818182453
2021-06-22 10:31:21.699010,18.52013476929176,73.42615767353969,918.6875173163979
2021-06-22 10:32:21.761827,17.90687451991631,75.1155615365744,918.6851874533714
2021-06-22 10:33:21.841879,18.548874065405393,73.34971310549402,918.6922307267683
2021-06-22 10:34:21.921841,18.12469339816327,74.34081804890194,918.6815711428634
2021-06-22 10:35:21.996661,17.336729365029832,76.84156921718639,918.7022200905382
2021-06-22 10:36:22.061843,17.47164115494193,76.54380413756138,918.7050278615337
2021-06-22 10:37:22.141883,17.884404172011028,74.96289856514028,918.6733549602878
2021-06-22 10:38:22.217157,18.169607625482833,74.58190602583981,918.6732907645257
2021-06-22 10:39:22.281837,17.89513000077329,75.3382494291215,918.6723894360858
2021-06-22 10:40:22.356809,17.936549659078928,75.28734405251353,918.6783486660654
2021-06-22 10:41:22.421876,17.53097337211643,76.29171766151595,918.675834648289
2021-06-22 10:42:22.501829,17.46517215699101,76.93711225765263,918.6798265737585
2021-06-22 10:43:22.577261,18.179869999044193,74.57352135750759,918.6775376058747
2021-06-22 10:44:22.641836,17.740316118221497,75.41386477809237,918.6671399863118
2021-06-22 10:45:22.721887,17.84414462840025,75.39390186468746,918.6700422628547
2021-06-22 10:46:22.801823,17.851243441384725,75.85773097655554,918.6851919048943
2021-06-22 10:47:22.881881,19.22539756680536,72.1598272254712,918.6903548496339
2021-06-22 10:48:22.963721,18.879813117517884,73.05524420474153,918.708347554692
2021-06-22 10:49:23.033058,17.728414892439112,76.38699266182545,918.7157879510073
2021-06-22 10:50:23.111837,17.22381474735368,77.38171838548742,918.7156753399644
2021-06-22 10:51:23.187303,17.474175657183142,76.64551472619343,918.6795288685491
2021-06-22 10:52:23.251819,17.17951465401055,77.70164479923598,918.6956922833281
2021-06-22 10:53:23.331824,17.342045108893352,77.20937576354711,918.7114552112076
2021-06-22 10:54:23.411839,18.880184450644688,72.86961249136509,918.7130412988151
2021-06-22 10:55:23.491844,20.140958503946095,69.73504417104427,918.7203842156074
2021-06-22 10:56:23.568379,19.6630347123045,70.95404790044702,918.7258970116166
2021-06-22 10:57:23.631828,19.95845596112734,70.30492450607326,918.7543272314293
2021-06-22 10:58:23.708355,19.93851084965077,70.29597751719754,918.772498335166
2021-06-22 10:59:23.772157,20.084084572005523,70.39617819632365,918.7992792604931
2021-06-22 11:00:23.851834,20.75738631261754,68.5017570820839,918.7940233737319
2021-06-22 11:01:23.927145,20.394254397193716,69.32627464188316,918.8069284773699
2021-06-22 11:02:23.991869,19.997882182588352,70.1098199046195,918.8082583338767
2021-06-22 11:03:24.071837,20.079241107857325,70.26139668084816,918.8001065537306
2021-06-22 11:04:24.151832,18.962089427332863,72.8139182221683,918.7938386643476
2021-06-22 11:05:24.227538,20.42798638035656,68.47827623985468,918.7982243517112
2021-06-22 11:06:24.291837,19.38660135295138,71.9721776010849,918.8153346628463
2021-06-22 11:07:24.371855,19.388847833900375,72.02743132968735,918.8359460857675
2021-06-22 11:08:24.451843,20.35900893153346,69.35278484302506,918.807213746715
2021-06-22 11:09:24.531838,20.55748836851951,68.75999099142241,918.8066012109313
2021-06-22 11:10:24.610119,19.1040417641034,71.41614147677392,918.8039218820128
2021-06-22 11:11:24.671841,18.49714476347442,72.6105007593303,918.7960530699528
2021-06-22 11:12:24.751835,18.762515977950933,71.98141878821366,918.7805322468589
2021-06-22 11:13:24.832401,19.83396678268069,69.94004139916073,918.7872208895682
2021-06-22 11:14:24.901847,21.28401757630503,66.46101009878699,918.7845125808386
2021-06-22 11:15:24.979507,21.209040527142495,66.93630257262221,918.791691041688
2021-06-22 11:16:25.041828,21.555488604259573,65.90251984797814,918.7531471876773
2021-06-22 11:17:25.116801,21.866852646730084,65.43672523209801,918.7496749028172
2021-06-22 11:18:25.181835,21.270083662410745,66.36825988309162,918.7615157729327
2021-06-22 11:19:25.258825,21.350832060645747,66.2471573699357,918.7626640484523
2021-06-22 11:20:25.321829,22.005748892696165,64.70604213509637,918.7475556637778
2021-06-22 11:21:25.401874,21.52072549788643,66.3123934777709,918.8051162065118
2021-06-22 11:22:25.478825,22.153907261010733,64.79890203353105,918.7907970387696
2021-06-22 11:23:25.541829,22.435942762986492,64.36482217945073,918.7730926948509
2021-06-22 11:24:25.622036,22.47314126445318,64.66539202268449,918.7535490806415
2021-06-22 11:25:25.691829,22.441146501664434,64.74687729086436,918.7337907742063
2021-06-22 11:26:25.772063,22.343089051316074,64.9648826085715,918.7708104233812
2021-06-22 11:27:25.846569,22.383115759961175,64.83020336338764,918.8066083538278
2021-06-22 11:28:25.911826,22.3705070941815,65.18210385581288,918.7927878576902
2021-06-22 11:29:25.991810,22.963045073119506,63.82058525860741,918.7784485205946
2021-06-22 11:30:26.071882,22.40359494478288,65.39109856582635,918.7784671147602
2021-06-22 11:31:26.151844,22.383128337043786,65.35484340659603,918.8004730968179
2021-06-22 11:32:26.231887,23.192294205789157,63.33103692810933,918.7884442811136
2021-06-22 11:33:26.308786,22.7898782487003,64.03826273105476,918.813634048079
2021-06-22 11:34:26.371830,22.959774439833055,63.73698902382442,918.8478052940571
2021-06-22 11:35:26.451842,22.65565202563844,64.49715443350209,918.8225237600323
2021-06-22 11:36:26.527916,22.77809583769641,64.1984411416623,918.84209604507
2021-06-22 11:37:26.591836,22.62963812647399,64.50058105579068,918.8436191567017
2021-06-22 11:38:26.671837,21.814691152481622,66.2005694973691,918.9166558027941
2021-06-22 11:39:26.751850,20.712681968088557,68.87936337998035,918.9435470625419
2021-06-22 11:40:26.831854,20.413625029823233,68.5870782332883,918.9260931951968
2021-06-22 11:41:26.911837,20.793227580896183,67.75199392554022,918.9337731159355
2021-06-22 11:42:26.981832,21.08011831298268,66.90779952920873,918.9408765174654
2021-06-22 11:43:27.061840,21.533332389692603,66.0705954405631,918.9280385395032
2021-06-22 11:44:27.141828,21.623396202367626,65.97692788312561,918.916897278598
2021-06-22 11:45:27.218345,21.129428064734277,67.20922692169806,918.9536364887648
2021-06-22 11:46:27.281852,21.632884060617002,66.17793323768963,918.9180576536621
2021-06-22 11:47:27.361839,21.478688107730598,66.93707599998321,918.9440259472761
2021-06-22 11:48:27.441872,21.60540464971343,67.16865517835237,918.9476286396268
2021-06-22 11:49:27.516724,21.769755467808654,66.41610522559158,918.9563870842054
2021-06-22 11:50:27.581838,21.61640313250825,66.14143351831015,918.9506206492408
2021-06-22 11:51:27.662371,21.852567680300115,65.62269627234122,918.9586276962499
2021-06-22 11:52:27.726757,22.086654971684027,64.99442350445051,918.9930454694246
2021-06-22 11:53:27.791834,22.074616884566804,65.4560816064766,918.9663086795476
2021-06-22 11:54:27.867554,22.431311122238466,64.84718217911214,918.9557169002918
2021-06-22 11:55:27.931992,21.703167184131292,66.28504893774917,918.9762406680244
2021-06-22 11:56:28.010851,21.78810794169431,66.32530779524873,918.9853851477341
2021-06-22 11:57:28.091840,22.046061926563123,65.71255938436437,918.9814248139305
2021-06-22 11:58:28.171857,22.61464539318987,64.15094694855192,918.9596238576289
2021-06-22 11:59:28.247148,22.414219353406352,64.73693095979354,918.9618857494648
2021-06-22 12:00:28.311822,22.572743988957782,64.38423774989035,918.9931154297278
2021-06-22 12:01:28.386699,22.721932931522932,63.96812792850475,918.9986723252235
2021-06-22 12:02:28.451900,22.422970633815844,64.96330690822342,919.0469632896248
2021-06-22 12:03:28.526559,22.621402717560223,64.71115034540489,919.0656134276052
2021-06-22 12:04:28.591839,22.79114754570213,64.3757608685272,919.0668060298514
2021-06-22 12:05:28.666628,22.650446295365132,64.42615354936555,919.0442059080048
2021-06-22 12:06:28.726635,22.539646983764055,64.48557223340364,919.0500098650083
2021-06-22 12:07:28.791876,22.382548666666107,64.98919342535602,919.0599722965485
2021-06-22 12:08:28.868451,23.140659058729963,63.32482398915038,919.0930280947098
2021-06-22 12:09:28.941842,23.060521492790958,63.63012797188434,919.0840290295167
2021-06-22 12:10:29.029147,22.910755876527553,64.19539660392566,919.1034556598756
2021-06-22 12:11:29.101828,23.01940006711994,63.90380865667718,919.0877744360041
2021-06-22 12:12:29.181855,22.763180942404897,64.56504912001498,919.0784616855096
2021-06-22 12:13:29.256572,22.45799485957199,64.95920363980338,919.0763535086272
2021-06-22 12:14:29.321867,22.46949110155422,65.15284559703929,919.093383057169
2021-06-22 12:15:29.401839,21.902261349875456,66.36076823278049,919.134254335422
2021-06-22 12:16:29.481834,22.218235186978255,65.62420992210961,919.1290600288405
2021-06-22 12:17:29.567765,22.034537652816493,65.70599680287063,919.1459141386842
2021-06-22 12:18:29.633191,22.26057023915521,65.09728176198513,919.1373683585124
2021-06-22 12:19:29.697405,22.452015745700407,64.51253466403675,919.1218365423642
2021-06-22 12:20:29.761879,22.5487872277829,64.83430711629859,919.1464170672547
2021-06-22 12:21:29.841834,22.698805586770966,64.38846117604382,919.1540459647033
2021-06-22 12:22:29.921846,22.739168218377152,64.4541075479518,919.1421369213996
2021-06-22 12:23:29.996990,22.7023932094712,64.55345748728045,919.1432668804101
2021-06-22 12:24:30.061826,22.551893303282338,65.17258719391435,919.1525516027395
2021-06-22 12:25:30.149135,22.634736519986166,64.90207504004725,919.1513793768183
2021-06-22 12:26:30.208621,22.713865200135768,64.95872924901117,919.1518167311802
2021-06-22 12:27:30.259450,22.74564288457709,64.77965346165249,919.1488440813479
2021-06-22 12:28:30.321844,22.672779689624118,65.07818422383465,919.1607837566867
2021-06-22 12:29:30.401834,22.72497056483468,64.81881919861574,919.1326083092875
2021-06-22 12:30:30.481830,22.63907698697448,65.18634514005733,919.1379066773115
2021-06-22 12:31:30.556736,22.78435475688088,65.01740561003922,919.147179233515
2021-06-22 12:32:30.621861,22.808725072139406,64.96558914897095,919.1536502580433
2021-06-22 12:33:30.701663,22.741776598292788,65.13794964579628,919.1541328082735
2021-06-22 12:34:30.767625,22.74920608673545,65.32695867695983,919.1568451177013
2021-06-22 12:35:30.841838,22.712344112641684,65.51097076095918,919.1481062333255
2021-06-22 12:36:30.916795,22.980569061985374,64.91202849258957,919.1675020075548
2021-06-22 12:37:30.981865,22.976141164384995,64.9619122544128,919.1408735193013
2021-06-22 12:38:31.063123,22.93146765625209,65.2409404760116,919.1300307186242
2021-06-22 12:39:31.131862,23.640753360730052,61.71860225773633,919.121542098829
2021-06-22 12:40:31.208644,23.51962116848439,62.153752923028975,919.10401880691
2021-06-22 12:41:31.271831,23.827248031909985,60.11546048976684,919.0931831787188
2021-06-22 12:42:31.346999,23.74280447165599,60.090238436232234,919.1076374654779
2021-06-22 12:43:31.411821,23.583495131289464,58.86977794300713,919.0762383840597
2021-06-22 12:44:31.487398,22.330369482379403,61.105884541159746,919.0821777060103
2021-06-22 12:45:31.551895,23.07887541351798,58.82995292932541,919.0861605081444
2021-06-22 12:46:31.631812,23.14131879996951,59.799836695209294,919.0570472561266
2021-06-22 12:47:31.711830,23.045220283415286,60.445448503238055,919.0559950567277
2021-06-22 12:48:31.801861,23.20334913957833,59.69894244018621,919.0814715138872
2021-06-22 12:49:31.881826,23.1532433592344,58.68534729828998,919.0552632184016
2021-06-22 12:50:31.961930,22.539039796434242,61.78290333564202,918.9924166212681
2021-06-22 12:51:32.036784,22.814446277273113,61.7171122115493,918.9907654139214
2021-06-22 12:52:32.101849,22.944863802567358,60.59512667129272,919.0046654843579
2021-06-22 12:53:32.181882,23.281831141474996,58.96019508223449,919.0400969716887
2021-06-22 12:54:32.261826,23.091163114762292,59.77778404425406,919.0091936199746
2021-06-22 12:55:32.331857,23.142369678172944,60.00139511007535,918.9880355675704
2021-06-22 12:56:32.409129,23.00366739871546,60.09036857535102,919.0031664800184
2021-06-22 12:57:32.471826,22.284089064047148,61.87476933944761,919.0143317361421
2021-06-22 12:58:32.546811,22.920602212316233,61.16004099657875,919.0251371148651
2021-06-22 12:59:32.611830,22.997178076202662,59.776367032704506,918.9866904834385
2021-06-22 13:00:32.694907,22.73695861461866,61.22675115144408,918.9639529734118
2021-06-22 13:01:32.756620,22.770343870523206,61.120261755475624,919.0224960574267
2021-06-22 13:02:32.821879,22.944885041135656,59.81596704672035,919.0341130676486
2021-06-22 13:03:32.901835,23.30970909716715,59.37498271731834,918.9812510842946
2021-06-22 13:04:32.977594,23.030469470700247,59.656133750799015,918.9688501362489
2021-06-22 13:05:33.041884,23.696878842153556,57.41094000164479,918.995801447558
2021-06-22 13:06:33.121844,23.762576571932627,57.811709945676824,919.0193218159777
2021-06-22 13:07:33.197830,23.4568392690943,59.254477762213895,918.9804990485205
2021-06-22 13:08:33.256817,23.452286317444614,59.574249818864516,918.9459006036631
2021-06-22 13:09:33.321832,23.237155651286084,60.28789599678707,918.9593639174892
2021-06-22 13:10:33.401909,23.470609942314603,59.308188925991644,918.9981238579097
2021-06-22 13:11:33.478846,24.08589000699301,57.03410157563135,919.0073259981436
2021-06-22 13:12:33.541850,24.12544043982911,57.64466641836945,919.0173001856781
2021-06-22 13:13:33.617833,23.880953684855722,58.456532718635415,919.0442274695034
2021-06-22 13:14:33.681920,23.92259472377706,57.97342685429145,919.0179988910663
2021-06-22 13:15:33.761840,24.21890424397747,57.09383994534054,919.0087846435752
2021-06-22 13:16:33.836814,24.382376185637217,57.098116048241046,919.0130969236943
2021-06-22 13:17:33.901848,24.006867140426454,57.86203010147298,919.0167097718511
2021-06-22 13:18:33.981857,23.76207176612853,58.87710601838445,919.0296744505068
2021-06-22 13:19:34.058135,23.11904122814844,60.068459196888355,919.0484754848164
2021-06-22 13:20:34.121836,23.223194671572454,60.079125244551605,918.99181709
2021-06-22 13:21:34.196578,23.264444494501365,60.075533836057886,918.9684464161775
2021-06-22 13:22:34.261849,23.873465948512763,58.045445133373946,918.9436477563862
2021-06-22 13:23:34.341829,23.491705351555744,59.1107444578334,918.9726495914173
2021-06-22 13:24:34.416936,23.25485434200989,60.118476005871315,918.9791741756399
2021-06-22 13:25:34.481858,23.43341528284613,59.5316102213618,918.9875037940074
2021-06-22 13:26:34.561841,23.593253931580552,58.09777379330915,918.9914779046545
2021-06-22 13:27:34.641919,24.172250354108023,56.80082549591818,919.0078136890079
2021-06-22 13:28:34.716689,24.248572148309332,56.642540634691926,919.0292046833599
2021-06-22 13:29:34.781834,23.44496690546617,59.20958027555979,918.9311514357081
2021-06-22 13:30:34.856591,23.19267419498294,60.133175501875634,918.889811714081
2021-06-22 13:31:34.921827,23.94725241884055,58.07086336089982,918.8970859737693
2021-06-22 13:32:34.996738,24.188282443457812,56.82980034576935,918.9194633704305
2021-06-22 13:33:35.058789,24.46281883050444,56.00848855837464,918.9031456679801
2021-06-22 13:34:35.131835,23.997393101756366,56.82884403906606,918.9246485523862
2021-06-22 13:35:35.207718,23.5804113560794,58.12605425527405,918.9279602825184
2021-06-22 13:36:35.271908,24.080115736021387,56.4026789534835,918.9268602124013
2021-06-22 13:37:35.348381,24.324731506123143,55.77351265309285,918.9499591206738
2021-06-22 13:38:35.411893,24.576885866154083,54.94535777068668,918.8846285648427
2021-06-22 13:39:35.486662,23.703687254646262,57.701908943286384,918.8491736842337
2021-06-22 13:40:35.551830,23.903244578178974,57.556464451284086,918.842088456752
2021-06-22 13:41:35.628303,24.314396964464784,56.58212580360901,918.873010845798
2021-06-22 13:42:35.691833,24.204914103851063,57.1348493400119,918.8764472712064
2021-06-22 13:43:35.766773,23.93857906340804,57.92361720117059,918.8898199205838
2021-06-22 13:44:35.831832,23.377089573098626,57.4778466231197,918.9190585100599
2021-06-22 13:45:35.906571,23.406119697287956,56.556780731173916,918.899427168759
2021-06-22 13:46:35.971835,23.975723275743565,55.476079558534124,918.9481063410451
2021-06-22 13:47:36.046720,23.903335310208703,56.799745319843254,918.8445984080622
2021-06-22 13:48:36.111831,23.05674770043999,58.28622614761048,918.8595860470899
2021-06-22 13:49:36.189249,23.76169092825471,56.194478054849114,918.8601825513081
2021-06-22 13:50:36.251859,24.47655247432782,53.99735001734714,918.8851356115925
2021-06-22 13:51:36.333305,24.562810620524274,53.638153249699805,918.9130189788768
2021-06-22 13:52:36.401833,24.390573214576268,54.379513635807236,918.9586560448915
2021-06-22 13:53:36.481837,24.57947014879343,53.94931106277252,918.9072160953576
2021-06-22 13:54:36.558227,24.567501941896953,53.867466884576324,918.9659354222167
2021-06-22 13:55:36.624165,24.16697939651823,55.902457847976365,918.9255845774799
2021-06-22 13:56:36.686827,23.76695633053689,57.1885397804982,918.8929135068503
2021-06-22 13:57:36.751836,23.46655820597939,57.2506605318705,918.8901979071792
2021-06-22 13:58:36.831868,23.578208362935566,57.84266381302045,918.8663908620748
2021-06-22 13:59:36.906740,24.345594177684614,55.819236756751295,918.8501898991926
2021-06-22 14:00:36.971843,24.426793546357054,55.65267539124645,918.8418900479611
2021-06-22 14:01:37.046943,24.17247436011469,56.61331882134189,918.8418882265775
2021-06-22 14:02:37.111837,23.923011142308955,57.821571681519984,918.8243612392245
2021-06-22 14:03:37.191825,23.79031060091605,58.76179102972256,918.8071425569236
2021-06-22 14:04:37.267679,23.679059786243766,58.641784522882425,918.8587695757664
2021-06-22 14:05:37.331834,24.306037105772713,56.08657363259884,918.8348777816329
2021-06-22 14:06:37.407433,23.64031277758933,58.11966595810229,918.8601648175779
2021-06-22 14:07:37.471825,23.309593501429745,59.192167875171286,918.8606688934132
2021-06-22 14:08:37.546653,23.678525981987434,58.18302546653526,918.8280149444691
2021-06-22 14:09:37.611918,23.880345431723832,57.91918331101148,918.8590027396269
2021-06-22 14:10:37.687362,23.323825963446854,58.87598257589627,918.8556520386247
2021-06-22 14:11:37.751855,22.686155449035198,60.06858498502969,918.842238988683
2021-06-22 14:12:37.831837,22.90011502605266,59.10056990564297,918.8141233710501
2021-06-22 14:13:37.906937,23.438026649362502,58.16735146409505,918.7889583738862
2021-06-22 14:14:37.971846,23.41844618323083,58.76911637079464,918.7818815502668
2021-06-22 14:15:38.051861,23.091914559638017,59.59654310309846,918.7741071629257
2021-06-22 14:16:38.126827,23.332460074697522,58.96615601281561,918.8011189162306
2021-06-22 14:17:38.186856,23.214397205001774,59.005589181583716,918.7663878433704
2021-06-22 14:18:38.247868,23.31367367069617,58.78351040853193,918.7360243073911
2021-06-22 14:19:38.306940,23.32168547597344,58.17394694208369,918.7326981154233
2021-06-22 14:20:38.366549,23.83663929135718,57.337407783944535,918.7444921980496
2021-06-22 14:21:38.431845,24.071856918280954,56.90892889902476,918.7518586254035
2021-06-22 14:22:38.508535,23.910602546756756,57.787001788508846,918.7762755838872
2021-06-22 14:23:38.571846,23.858678079799144,58.34214220458304,918.8094485252074
2021-06-22 14:24:38.651831,23.85779529478187,57.84223024889241,918.7927734175233
2021-06-22 14:25:38.727187,23.819082185553786,57.41107842426847,918.7930728692196
2021-06-22 14:26:38.791826,24.08979684461624,56.179650187265125,918.8407855631173
2021-06-22 14:27:38.868522,24.108600795442,56.55573409712769,918.8028487637615
2021-06-22 14:28:38.931831,23.726390421689267,58.41460886035174,918.7803825126754
2021-06-22 14:29:39.011899,23.730135201922923,58.277268381435285,918.8702511808722
2021-06-22 14:30:39.087311,23.466018190248867,59.135693224325685,918.9364656466192
2021-06-22 14:31:39.149581,23.668524729369537,58.660154038209825,918.8017298279689
2021-06-22 14:32:39.211827,23.719833858674026,58.105133203713194,918.8643963557436
2021-06-22 14:33:39.286625,23.714487404393385,57.9049426894597,918.8348522687351
2021-06-22 14:34:39.351837,22.799456076012127,60.0595619962777,918.8644722294605
2021-06-22 14:35:39.417722,22.27506570512994,60.95631573028278,918.7594785099185
2021-06-22 14:36:39.481834,22.783841574959833,61.33634643227091,918.7401402666462
2021-06-22 14:37:39.562912,23.32417129355452,60.26224893463665,918.7953688372886
2021-06-22 14:38:39.630346,23.362238982270657,60.68924588411868,918.7779485865873
2021-06-22 14:39:39.711918,23.30207343340468,61.62501070695667,918.7913218844918
2021-06-22 14:40:39.793153,24.004876978494508,58.158750673043826,918.796828892934
2021-06-22 14:41:39.864694,23.684754633638303,59.44280902543229,918.8012877874767
2021-06-22 14:42:39.931827,23.61861372451073,59.239821563019795,918.7382207578673
2021-06-22 14:43:40.011878,23.19748106210495,59.48243162554831,918.8953589600674
2021-06-22 14:44:40.087124,22.159119254045155,61.28173343751507,918.8530445583889
2021-06-22 14:45:40.147579,23.29221627544683,58.71684888200867,918.8171178906608
2021-06-22 14:46:40.226823,23.16015727766755,59.676577699429686,918.7763226738597
2021-06-22 14:47:40.286735,23.294853982982456,59.07330338805093,918.7805026220431
2021-06-22 14:48:40.351833,23.488661874529424,59.08891784290945,918.7975972543079
2021-06-22 14:49:40.429403,23.697167766546446,58.49117859188383,918.817707186501
2021-06-22 14:50:40.491853,22.760809153954106,59.741436017463,918.8577164591098
2021-06-22 14:51:40.568013,23.30314349235112,58.150295103477674,918.8588336360501
2021-06-22 14:52:40.631838,23.754472228563163,57.492713159986714,918.8509224556909
2021-06-22 14:53:40.706717,24.071550204935743,55.948961811052556,918.8040190871042
2021-06-22 14:54:40.771829,24.52021125384256,55.34804530215639,918.7966719268148
2021-06-22 14:55:40.851831,24.729811606572188,54.641554147413316,918.8351828357139
2021-06-22 14:56:40.878908,24.55829860917427,54.68322419871423,918.8016791672493
2021-06-22 14:57:40.941376,23.82390229157499,56.131869058123804,918.8106829536028
2021-06-22 14:58:41.018278,23.414254084297045,57.14742210257704,918.8485131925776
2021-06-22 14:59:41.081829,23.64741802513044,55.900543358958586,918.8430172519528
2021-06-22 15:00:41.161818,23.6803176441215,56.48918017117122,918.8463298794
2021-06-22 15:01:41.241823,24.26177913013611,54.02782281086424,918.7762103186603
2021-06-22 15:02:41.317278,23.996451061356947,55.22639129450095,918.7178103663393
2021-06-22 15:03:41.381887,22.46063186342622,58.07451485987386,918.8072319375799
2021-06-22 15:04:41.456702,23.809753140211477,55.03282398928104,918.831126285824
2021-06-22 15:05:41.524429,24.281857400807166,53.776613208654226,918.8429364756072
2021-06-22 15:06:41.591829,23.66502340175013,55.31999318659029,918.8275103089635
2021-06-22 15:07:41.667006,23.959237522093602,54.37887061031311,918.8355763672027
2021-06-22 15:08:41.728784,23.958972300158823,54.396519728754804,918.9036675660078
2021-06-22 15:09:41.791830,22.173488145561738,58.05633585479807,918.8721175261937
2021-06-22 15:10:41.871831,23.07440273682659,55.989659092300094,918.8632349138203
2021-06-22 15:11:41.946611,23.076118928985274,56.24466912098923,918.8528986699617
2021-06-22 15:12:42.011839,23.092757808733957,55.92500899599093,918.8229021433901
2021-06-22 15:13:42.091869,23.330508917146677,55.917299569976045,918.8577397831749
2021-06-22 15:14:42.171899,23.595830618175277,55.42449261336949,918.8657052729628
2021-06-22 15:15:42.247255,23.47377520012301,55.617100604711474,918.8856267036622
2021-06-22 15:16:42.316591,22.67962460953688,57.50067709413107,918.8780296243797
2021-06-22 15:17:42.381825,23.114960367539897,56.409977945119785,918.8822898510723
2021-06-22 15:18:42.456606,23.32054584780622,56.35456931581934,918.8366191625071
2021-06-22 15:19:42.521844,23.81258660748259,54.872621374606226,918.8430788688855
2021-06-22 15:20:42.596637,23.81557417717034,55.645178936599116,918.8371883615612
2021-06-22 15:21:42.661857,23.2875160918047,56.595758809522145,918.8444460110826
2021-06-22 15:22:42.738917,23.307968885950924,56.93717078011686,918.8431577390782
2021-06-22 15:23:42.801843,23.24353394644062,57.763810399581864,918.8715133796535
2021-06-22 15:24:42.881830,23.019185328714403,58.074070944386996,918.8822194549233
2021-06-22 15:25:42.957977,23.56362945720527,56.367853869030945,918.8426793015618
2021-06-22 15:26:43.021864,23.74747628091585,56.05504882936599,918.8763124163197
2021-06-22 15:27:43.101840,23.59760324645352,56.650417286115676,918.822833760145
2021-06-22 15:28:43.181893,23.262178975664515,57.94363862779965,918.848854253858
2021-06-22 15:29:43.261859,23.710651082488784,56.53147591707015,918.8480524886562
2021-06-22 15:30:43.341873,24.070856754798523,55.72182088801946,918.8348028834414
2021-06-22 15:31:43.421819,23.87713506910402,55.980273919656476,918.8368972380041
2021-06-22 15:32:43.501825,23.919065122394702,56.23737294956887,918.8361207546374
2021-06-22 15:33:43.577226,23.248409684365374,57.69578043527839,918.883681033602
2021-06-22 15:34:43.641829,23.526349383672926,57.463734022122516,918.8705903479325
2021-06-22 15:35:43.716739,23.842815919561918,56.18658784085683,918.8850599311132
2021-06-22 15:36:43.781891,23.421431583779267,56.549862450998575,918.8766174115525
2021-06-22 15:37:43.861827,23.781118792978265,56.01072967846226,918.9038679786349
2021-06-22 15:38:43.939638,23.877543421754186,55.96065660457051,918.9151713577812
2021-06-22 15:39:44.001819,23.798433495553148,55.66141386467494,918.9290746437022
2021-06-22 15:40:44.081828,23.817424492404925,55.650427779476345,918.9675087443322
2021-06-22 15:41:44.159268,22.345383934279486,58.67492512249224,918.9963799922175
2021-06-22 15:42:44.221826,23.219616405935597,55.939216013045446,919.022119111407
2021-06-22 15:43:44.296924,22.62874872324562,56.9869393122491,919.0117114540451
2021-06-22 15:44:44.361841,23.06244343104324,56.69588839372599,918.9463626117723
2021-06-22 15:45:44.441830,23.732857392230716,54.825576485531236,918.9334689421669
2021-06-22 15:46:44.520833,22.759381170539246,57.39196703840572,918.9548908197951
2021-06-22 15:47:44.591823,22.384965734362428,58.60501731047852,918.9631692436068
2021-06-22 15:48:44.671810,23.478443223465256,56.23396487117758,918.9260877888496
2021-06-22 15:49:44.751839,23.24439266774035,57.06031660461752,918.94185343211
2021-06-22 15:50:44.828777,22.641616349426204,58.68531517390009,918.9569481235047
2021-06-22 15:51:44.891825,22.92457589275462,57.87389517938889,918.9545600094831
2021-06-22 15:52:44.967097,23.545486030923556,56.407707737788314,918.9404218718852
2021-06-22 15:53:45.031873,22.539947478423088,58.73556781512318,918.9357016666073
2021-06-22 15:54:45.107791,23.537323983111193,56.63001522629641,918.9182513229005
2021-06-22 15:55:45.171858,23.311518701927692,57.1560750340932,918.9224995666403
2021-06-22 15:56:45.246597,23.495253226166156,56.83511149164875,918.9042570095096
2021-06-22 15:57:45.311833,23.87320071150208,55.7183752479494,918.9406548725763
2021-06-22 15:58:45.391828,22.8838075208181,57.74429470393294,918.947955768445
2021-06-22 15:59:45.467305,22.853102743432483,57.99992574063427,918.9388220766596
2021-06-22 16:00:45.551853,23.244098005693694,57.05827927601725,918.9122257326967
2021-06-22 16:01:45.636959,23.404810644881845,57.3574956225268,918.9017897336847
2021-06-22 16:02:45.697360,23.356666591375863,57.43714540623583,918.8923772402728
2021-06-22 16:03:45.761843,22.779176997988333,58.698834485289204,918.8871919244059
2021-06-22 16:04:45.836672,23.275320960234783,57.47843492137851,918.8688438157046
2021-06-22 16:05:45.901861,23.670750570986954,56.92933265925701,918.8986257196026
2021-06-22 16:06:45.977217,23.5237374003561,57.317563485804655,918.8977362407345
2021-06-22 16:07:46.057175,23.46527437968729,57.13050505672535,918.8940277210784
2021-06-22 16:08:46.121831,23.199246543186295,58.05958899560865,918.9050977858883
2021-06-22 16:09:46.197848,24.156294895703173,55.32519585066693,918.9270886383705
2021-06-22 16:10:46.261831,23.51831252546689,56.79175095377869,918.9428298188056
2021-06-22 16:11:46.341825,23.718206020051753,56.56909367444144,918.9242413540137
2021-06-22 16:12:46.421835,22.46726891387899,59.01103567976682,918.9402439675328
2021-06-22 16:13:46.501860,22.92342585351607,58.332794448819854,918.9710014687018
2021-06-22 16:14:46.581831,22.666843091800658,58.32649990014677,918.9506311286584
2021-06-22 16:15:46.661853,22.555957059298343,58.543886868937065,918.9612011988959
2021-06-22 16:16:46.736789,22.961810215828496,57.95068802944176,918.9778782386962
2021-06-22 16:17:46.804584,22.67389048008994,58.517533129792035,918.9686760906918
2021-06-22 16:18:46.871865,23.095059642336427,57.79379356836855,918.9536843558382
2021-06-22 16:19:46.951900,23.611195436600823,56.78443351852532,918.9639372546832
2021-06-22 16:20:47.031840,23.43451391805938,57.30718162491722,918.9645416792267
2021-06-22 16:21:47.111833,22.481868611056786,59.23886848202451,918.9675583439166
2021-06-22 16:22:47.191844,23.05049898767639,57.949843458062404,918.9550999793231
2021-06-22 16:23:47.273856,23.116307775221532,58.14357262914914,918.9371011376898
2021-06-22 16:24:47.341848,23.252756845350962,58.13079320677837,918.9313443494514
2021-06-22 16:25:47.417545,23.091485243597035,58.52862222767625,918.9411192935461
2021-06-22 16:26:47.481828,23.174721261276904,58.329671931089706,918.9458258301803
2021-06-22 16:27:47.558757,23.36491163278855,57.83095436286301,918.9459371292145
2021-06-22 16:28:47.621941,23.3885318429068,58.11847543306076,918.9504647593153
2021-06-22 16:29:47.701839,23.27561723863039,58.40798510546666,918.9641898718752
2021-06-22 16:30:47.781823,23.2072227702571,58.887404116577095,918.9429187285301
2021-06-22 16:31:47.861833,23.111683026056177,59.485709806632606,918.9468081784624
2021-06-22 16:32:47.936662,22.712510530263796,60.84056098846035,918.9675994110249
2021-06-22 16:33:48.001830,23.439483619036526,59.055019546043994,918.949975219442
2021-06-22 16:34:48.076764,22.50576100346415,61.5793663196069,918.9739478599895
2021-06-22 16:35:48.141891,22.96846212093959,60.41458066227777,918.9615115339242
2021-06-22 16:36:48.217172,22.96301566721739,60.64735388527733,918.9330786184861
2021-06-22 16:37:48.281888,22.630007589744764,61.36633702421082,918.954947078298
2021-06-22 16:38:48.361899,23.250104996490563,59.90652392493907,918.9375198365955
2021-06-22 16:39:48.441879,23.34733724668878,59.87317116937788,918.9099193196349
2021-06-22 16:40:48.517260,23.211119949859512,60.08563295730604,918.9107396564431
2021-06-22 16:41:48.577995,23.40613781179466,59.57694276974861,918.895711021647
2021-06-22 16:42:48.641840,23.478093157353296,59.351907894806615,918.8870607395772
2021-06-22 16:43:48.724281,23.31788020267071,59.70947686125943,918.8943130454197
2021-06-22 16:44:48.792008,23.503045896088846,58.907078845804385,918.9021920205006
2021-06-22 16:45:48.871916,23.629740984689466,58.74646070610509,918.9187630867568
2021-06-22 16:46:48.946558,23.457478362094697,58.88779674752291,918.8783746112664
2021-06-22 16:47:49.011837,23.355726169136968,59.410570045934215,918.8690072482146
2021-06-22 16:48:49.091842,23.783571049729478,57.5782658672267,918.8620820791025
2021-06-22 16:49:49.170853,23.71283954636099,58.43684937648798,918.8795885180297
2021-06-22 16:50:49.251901,23.84477036204272,57.52168695104874,918.8787084949909
2021-06-22 16:51:49.337215,23.838068093520278,57.90548160596077,918.8812836661413
2021-06-22 16:52:49.401835,23.761316784777364,58.28173564288942,918.8845715184109
2021-06-22 16:53:49.481850,23.556923017795963,58.921120743658086,918.89618679113
2021-06-22 16:54:49.561827,22.978004943616845,60.70612146771783,918.9058846090489
2021-06-22 16:55:49.636586,22.79955053567038,60.21287948577755,918.9078941694551
2021-06-22 16:56:49.701871,23.092303750360593,59.75853677215852,918.905173387373
2021-06-22 16:57:49.781846,23.31062271608145,59.17699450456152,918.9208882032257
2021-06-22 16:58:49.856738,23.415192659586253,59.11091649687462,918.9134985593868
2021-06-22 16:59:49.921828,23.349019111276164,59.543333512071314,918.9182127222314
2021-06-22 17:00:50.001828,22.673850740517214,61.54587721099506,918.939967297652
2021-06-22 17:01:50.076695,22.50241283744973,61.941183433971474,919.0003076932678
2021-06-22 17:02:50.142031,23.2191582089098,60.103235762763084,919.011275014601
2021-06-22 17:03:50.218714,21.60155452452871,64.58031102187493,918.9892619422304
2021-06-22 17:04:50.281828,21.3509634535852,65.4819495079027,919.0060913597378
2021-06-22 17:05:50.361838,21.631480831672572,64.65482715881096,919.0015389974067
2021-06-22 17:06:50.441834,21.36738384792083,65.5502753330281,919.027085905985
2021-06-22 17:07:50.518916,21.49392768347564,65.05987581482447,919.0336381721044
2021-06-22 17:08:50.581817,20.72407468814131,67.14347226823641,919.0705891921693
2021-06-22 17:09:50.661834,20.404911333554953,67.79326163954973,919.055930253217
2021-06-22 17:10:50.741832,20.311488455578584,68.24229318160867,919.0436502018949
2021-06-22 17:11:50.821841,20.090092771821915,69.00338835341503,919.0481866720712
2021-06-22 17:12:50.901837,19.86292002338413,69.6248463509484,919.0246171418798
2021-06-22 17:13:50.981845,20.523366356827662,67.97835830075438,919.0072315188567
2021-06-22 17:14:51.058455,19.9525609748486,69.74587890949903,919.0381731800536
2021-06-22 17:15:51.121839,20.092592358789883,69.45172812047407,919.0557248680119
2021-06-22 17:16:51.201848,20.098460630270324,69.43711565758512,919.069845144829
2021-06-22 17:17:51.277260,21.308513605353863,66.32757088117226,919.053323327625
2021-06-22 17:18:51.359022,19.895600652138516,70.18028252711218,919.086139016198
2021-06-22 17:19:51.431831,20.19980218655193,69.03380054100217,919.1286593995774
2021-06-22 17:20:51.511834,20.555108362913863,68.18547745805833,919.1488380681897
2021-06-22 17:21:51.587007,20.582236892856447,68.35625275657692,919.1547510621992
2021-06-22 17:22:51.651829,21.650854337407907,65.63547447395052,919.1362823800631
2021-06-22 17:23:51.726929,20.7107534164176,68.0894479573369,919.130896123472
2021-06-22 17:24:51.786679,21.00048621610534,67.35887162189789,919.1714441050209
