time,distance,litros,litrosTotales
2024-03-14 00:00:26.852679,18.7,5868.0,1.0
2024-03-14 00:01:34.136866,18.7,5868.0,1.0
2024-03-14 00:02:41.424837,18.7,5868.0,1.0
2024-03-14 00:03:48.706732,18.92,5862.0,1.0
2024-03-14 00:04:55.980049,18.72,5868.0,1.0
2024-03-14 00:06:03.219616,18.72,5868.0,1.0
2024-03-14 00:07:10.506248,18.74,5868.0,1.0
2024-03-14 00:08:17.759760,18.69,5868.0,1.0
2024-03-14 00:09:25.039227,18.7,5868.0,1.0
2024-03-14 00:10:32.322194,18.86,5862.0,1.0
2024-03-14 00:11:39.561447,18.64,5874.0,1.0
2024-03-14 00:12:46.853792,18.75,5868.0,1.0
2024-03-14 00:13:54.142895,18.69,5868.0,1.0
2024-03-14 00:15:01.388551,18.65,5874.0,1.0
2024-03-14 00:16:08.632603,18.69,5868.0,1.0
2024-03-14 00:17:15.870891,18.71,5868.0,1.0
2024-03-14 00:18:23.159412,18.69,5868.0,1.0
2024-03-14 00:19:30.449559,18.71,5868.0,1.0
2024-03-14 00:20:37.725539,19.03,5856.0,1.0
2024-03-14 00:21:45.015890,18.91,5862.0,1.0
2024-03-14 00:22:52.260728,18.99,5862.0,1.0
2024-03-14 00:23:59.528220,19.02,5856.0,1.0
2024-03-14 00:25:06.800194,19.03,5856.0,1.0
2024-03-14 00:26:14.054518,19.06,5856.0,1.0
2024-03-14 00:27:21.339912,19.05,5856.0,1.0
2024-03-14 00:28:28.623360,19.03,5856.0,1.0
2024-03-14 00:29:35.859846,19.05,5856.0,1.0
2024-03-14 00:30:43.124122,19.19,5850.0,1.0
2024-03-14 00:31:50.395380,18.98,5862.0,1.0
2024-03-14 00:32:57.650935,19.03,5856.0,1.0
2024-03-14 00:34:04.906743,19.0,5856.0,1.0
2024-03-14 00:35:12.166669,19.06,5856.0,1.0
2024-03-14 00:36:19.447062,19.08,5856.0,1.0
2024-03-14 00:37:26.659976,19.01,5856.0,1.0
2024-03-14 00:38:33.883747,19.05,5856.0,1.0
2024-03-14 00:39:41.175235,19.04,5856.0,1.0
2024-03-14 00:40:48.426960,19.03,5856.0,1.0
2024-03-14 00:41:55.685895,19.04,5856.0,1.0
2024-03-14 00:43:02.954925,19.04,5856.0,1.0
2024-03-14 00:44:10.204965,19.05,5856.0,1.0
2024-03-14 00:45:17.474872,19.02,5856.0,1.0
2024-03-14 00:46:24.751487,19.04,5856.0,1.0
2024-03-14 00:47:32.030919,19.04,5856.0,1.0
2024-03-14 00:48:39.320795,19.03,5856.0,1.0
2024-03-14 00:49:46.594909,19.02,5856.0,1.0
2024-03-14 00:50:53.819400,19.01,5856.0,1.0
2024-03-14 00:52:01.099355,19.02,5856.0,1.0
2024-03-14 00:53:08.348678,19.03,5856.0,1.0
2024-03-14 00:54:15.640378,19.03,5856.0,1.0
2024-03-14 00:55:22.880911,18.99,5862.0,1.0
2024-03-14 00:56:30.163953,19.06,5856.0,1.0
2024-03-14 00:57:37.428963,19.01,5856.0,1.0
2024-03-14 00:58:44.704305,19.04,5856.0,1.0
2024-03-14 00:59:51.992186,19.05,5856.0,1.0
2024-03-14 01:00:59.265647,19.03,5856.0,1.0
2024-03-14 01:02:06.554032,19.07,5856.0,1.0
2024-03-14 01:03:13.845764,19.07,5856.0,1.0
2024-03-14 01:04:21.089344,19.05,5856.0,1.0
2024-03-14 01:05:28.373703,19.05,5856.0,1.0
2024-03-14 01:06:35.606028,18.99,5862.0,1.0
2024-03-14 01:07:42.833568,19.04,5856.0,1.0
2024-03-14 01:08:50.094316,19.03,5856.0,1.0
2024-03-14 01:09:57.382931,19.01,5856.0,1.0
2024-03-14 01:11:04.642921,19.05,5856.0,1.0
2024-03-14 01:12:11.871447,19.01,5856.0,1.0
2024-03-14 01:13:19.106306,19.07,5856.0,1.0
2024-03-14 01:14:26.393041,19.03,5856.0,1.0
2024-03-14 01:15:33.675149,19.04,5856.0,1.0
2024-03-14 01:16:40.925589,19.02,5856.0,1.0
2024-03-14 01:17:48.207040,19.09,5856.0,1.0
2024-03-14 01:18:55.469900,19.0,5856.0,1.0
2024-03-14 01:20:02.746933,19.04,5856.0,1.0
2024-03-14 01:21:09.988629,19.01,5856.0,1.0
2024-03-14 01:22:17.280632,19.06,5856.0,1.0
2024-03-14 01:23:24.568939,18.98,5862.0,1.0
2024-03-14 01:24:31.863424,19.02,5856.0,1.0
2024-03-14 01:25:39.152844,19.06,5856.0,1.0
2024-03-14 01:26:46.440965,18.76,5868.0,1.0
2024-03-14 01:27:53.678989,18.65,5874.0,1.0
2024-03-14 01:29:00.924702,18.68,5868.0,1.0
2024-03-14 01:30:08.160814,18.68,5868.0,1.0
2024-03-14 01:31:15.437543,18.72,5868.0,1.0
2024-03-14 01:32:22.667050,18.64,5874.0,1.0
2024-03-14 01:33:29.946044,18.75,5868.0,1.0
2024-03-14 01:34:37.233414,18.68,5868.0,1.0
2024-03-14 01:35:44.525245,18.65,5874.0,1.0
2024-03-14 01:36:51.811143,18.66,5868.0,1.0
2024-03-14 01:37:59.100674,18.69,5868.0,1.0
2024-03-14 01:39:06.391255,18.7,5868.0,1.0
2024-03-14 01:40:13.679682,18.7,5868.0,1.0
2024-03-14 01:41:20.959995,18.65,5874.0,1.0
2024-03-14 01:42:28.209990,18.67,5868.0,1.0
2024-03-14 01:43:35.498134,18.68,5868.0,1.0
2024-03-14 01:44:42.781591,18.71,5868.0,1.0
2024-03-14 01:45:50.047100,19.02,5856.0,1.0
2024-03-14 01:46:57.315971,18.71,5868.0,1.0
2024-03-14 01:48:04.598859,18.71,5868.0,1.0
2024-03-14 01:49:11.861844,19.04,5856.0,1.0
2024-03-14 01:50:19.134935,18.75,5868.0,1.0
2024-03-14 01:51:26.383163,19.04,5856.0,1.0
2024-03-14 01:52:33.674385,19.38,5844.0,1.0
2024-03-14 01:53:40.938921,19.03,5856.0,1.0
2024-03-14 01:54:48.214771,18.97,5862.0,1.0
2024-03-14 01:55:55.508995,19.01,5856.0,1.0
2024-03-14 01:57:02.785730,19.02,5856.0,1.0
2024-03-14 01:58:10.048712,19.0,5856.0,1.0
2024-03-14 01:59:17.301023,19.05,5856.0,1.0
2024-03-14 02:00:24.590921,19.0,5856.0,1.0
2024-03-14 02:01:31.853544,19.03,5856.0,1.0
2024-03-14 02:02:39.133376,18.94,5862.0,1.0
2024-03-14 02:03:46.372917,18.89,5862.0,1.0
2024-03-14 02:04:53.602936,19.07,5856.0,1.0
2024-03-14 02:06:00.810914,19.03,5856.0,1.0
2024-03-14 02:07:08.096307,19.06,5856.0,1.0
2024-03-14 02:08:15.373068,18.65,5874.0,1.0
2024-03-14 02:09:22.668804,18.71,5868.0,1.0
2024-03-14 02:10:29.955829,18.72,5868.0,1.0
2024-03-14 02:11:37.244919,18.72,5868.0,1.0
2024-03-14 02:12:44.478828,18.72,5868.0,1.0
2024-03-14 02:13:51.743850,18.69,5868.0,1.0
2024-03-14 02:14:58.962887,18.69,5868.0,1.0
2024-03-14 02:16:06.250664,18.73,5868.0,1.0
2024-03-14 02:17:13.503379,18.73,5868.0,1.0
2024-03-14 02:18:20.767194,18.68,5868.0,1.0
2024-03-14 02:19:28.046186,18.73,5868.0,1.0
2024-03-14 02:20:35.260236,18.69,5868.0,1.0
2024-03-14 02:21:42.495081,18.65,5874.0,1.0
2024-03-14 02:22:49.785770,18.71,5868.0,1.0
2024-03-14 02:23:57.052378,18.71,5868.0,1.0
2024-03-14 02:25:04.334226,18.69,5868.0,1.0
2024-03-14 02:26:11.586897,18.73,5868.0,1.0
2024-03-14 02:27:18.823296,19.0,5856.0,1.0
2024-03-14 02:28:26.087003,18.68,5868.0,1.0
2024-03-14 02:29:33.362514,18.68,5868.0,1.0
2024-03-14 02:30:40.643155,18.69,5868.0,1.0
2024-03-14 02:31:47.932496,19.01,5856.0,1.0
2024-03-14 02:32:55.210479,19.05,5856.0,1.0
2024-03-14 02:34:02.442930,19.03,5856.0,1.0
2024-03-14 02:35:09.694929,19.0,5856.0,1.0
2024-03-14 02:36:16.936529,19.08,5856.0,1.0
2024-03-14 02:37:24.197635,19.02,5856.0,1.0
2024-03-14 02:38:31.488178,19.03,5856.0,1.0
2024-03-14 02:39:38.760291,18.99,5862.0,1.0
2024-03-14 02:40:46.002876,19.01,5856.0,1.0
2024-03-14 02:41:53.291873,18.99,5862.0,1.0
2024-03-14 02:43:00.578313,18.98,5862.0,1.0
2024-03-14 02:44:07.812298,19.01,5856.0,1.0
2024-03-14 02:45:15.038918,19.07,5856.0,1.0
2024-03-14 02:46:22.290480,18.98,5862.0,1.0
2024-03-14 02:47:29.580247,19.0,5856.0,1.0
2024-03-14 02:48:36.858881,19.03,5856.0,1.0
2024-03-14 02:49:44.142289,19.04,5856.0,1.0
2024-03-14 02:50:51.395967,18.99,5862.0,1.0
2024-03-14 02:51:58.635598,19.06,5856.0,1.0
2024-03-14 02:53:05.924688,19.03,5856.0,1.0
2024-03-14 02:54:13.181867,19.03,5856.0,1.0
2024-03-14 02:55:20.451753,19.0,5856.0,1.0
2024-03-14 02:56:27.688334,18.97,5862.0,1.0
2024-03-14 02:57:34.987321,19.03,5856.0,1.0
2024-03-14 02:58:42.218919,19.06,5856.0,1.0
2024-03-14 02:59:49.507885,19.04,5856.0,1.0
2024-03-14 03:00:56.794925,18.98,5862.0,1.0
2024-03-14 03:02:04.038141,19.04,5856.0,1.0
2024-03-14 03:03:11.322868,19.06,5856.0,1.0
2024-03-14 03:04:18.602917,19.01,5856.0,1.0
2024-03-14 03:05:25.865406,19.05,5856.0,1.0
2024-03-14 03:06:33.143515,19.05,5856.0,1.0
2024-03-14 03:07:40.407494,19.05,5856.0,1.0
2024-03-14 03:08:47.699953,19.05,5856.0,1.0
2024-03-14 03:09:54.992003,19.01,5856.0,1.0
2024-03-14 03:11:02.248327,19.03,5856.0,1.0
2024-03-14 03:12:09.488700,19.23,5850.0,1.0
2024-03-14 03:13:16.786790,18.98,5862.0,1.0
2024-03-14 03:14:24.030920,19.05,5856.0,1.0
2024-03-14 03:15:31.277622,19.04,5856.0,1.0
2024-03-14 03:16:38.553661,19.03,5856.0,1.0
2024-03-14 03:17:45.827231,18.89,5862.0,1.0
2024-03-14 03:18:53.115661,19.03,5856.0,1.0
2024-03-14 03:20:00.352060,19.05,5856.0,1.0
2024-03-14 03:21:07.641612,19.03,5856.0,1.0
2024-03-14 03:22:14.925076,19.52,5838.0,1.0
2024-03-14 03:23:22.185675,19.02,5856.0,1.0
2024-03-14 03:24:29.476586,19.07,5856.0,1.0
2024-03-14 03:25:36.759809,19.03,5856.0,1.0
2024-03-14 03:26:44.002921,19.07,5856.0,1.0
2024-03-14 03:27:51.260526,19.03,5856.0,1.0
2024-03-14 03:28:58.483017,18.99,5862.0,1.0
2024-03-14 03:30:05.771347,19.06,5856.0,1.0
2024-03-14 03:31:13.007505,19.03,5856.0,1.0
2024-03-14 03:32:20.291639,18.98,5862.0,1.0
2024-03-14 03:33:27.582861,19.01,5856.0,1.0
2024-03-14 03:34:34.870149,19.01,5856.0,1.0
2024-03-14 03:35:42.154950,19.01,5856.0,1.0
2024-03-14 03:36:49.442848,19.0,5856.0,1.0
2024-03-14 03:37:56.702816,19.01,5856.0,1.0
2024-03-14 03:39:03.986626,18.72,5868.0,1.0
2024-03-14 03:40:11.260010,18.42,5880.0,1.0
2024-03-14 03:41:18.519802,18.43,5880.0,1.0
2024-03-14 03:42:25.789877,19.35,5844.0,1.0
2024-03-14 03:43:33.034561,18.38,5880.0,1.0
2024-03-14 03:44:40.257157,18.34,5880.0,1.0
2024-03-14 03:45:47.530930,19.05,5856.0,1.0
2024-03-14 03:46:54.750869,18.07,5892.0,1.0
2024-03-14 03:48:02.032301,18.08,5892.0,1.0
2024-03-14 03:49:09.259684,18.42,5880.0,1.0
2024-03-14 03:50:16.527771,19.02,5856.0,1.0
2024-03-14 03:51:23.759894,18.06,5892.0,1.0
2024-03-14 03:52:31.035323,18.02,5892.0,1.0
2024-03-14 03:53:38.299782,18.09,5892.0,1.0
2024-03-14 03:54:45.586219,18.37,5880.0,1.0
2024-03-14 03:55:52.814476,19.57,5838.0,1.0
2024-03-14 03:57:00.107337,18.38,5880.0,1.0
2024-03-14 03:58:07.373675,18.38,5880.0,1.0
2024-03-14 03:59:14.616632,18.41,5880.0,1.0
2024-03-14 04:00:21.902842,18.4,5880.0,1.0
2024-03-14 04:01:29.167950,18.37,5880.0,1.0
2024-03-14 04:02:36.434870,18.37,5880.0,1.0
2024-03-14 04:03:43.670401,18.41,5880.0,1.0
2024-03-14 04:04:50.957372,18.19,5886.0,1.0
2024-03-14 04:05:58.234902,18.39,5880.0,1.0
2024-03-14 04:07:05.482908,18.75,5868.0,1.0
2024-03-14 04:08:12.771924,18.68,5868.0,1.0
2024-03-14 04:09:19.997026,18.67,5868.0,1.0
2024-03-14 04:10:27.284197,18.68,5868.0,1.0
2024-03-14 04:11:34.544157,18.72,5868.0,1.0
2024-03-14 04:12:41.836075,18.38,5880.0,1.0
2024-03-14 04:13:49.071583,19.05,5856.0,1.0
2024-03-14 04:14:56.330320,18.7,5868.0,1.0
2024-03-14 04:16:03.594520,18.72,5868.0,1.0
2024-03-14 04:17:10.832531,18.69,5868.0,1.0
2024-03-14 04:18:18.082907,18.73,5868.0,1.0
2024-03-14 04:19:25.358483,18.74,5868.0,1.0
2024-03-14 04:20:32.611582,18.74,5868.0,1.0
2024-03-14 04:21:39.853630,19.0,5856.0,1.0
2024-03-14 04:22:47.130910,18.98,5862.0,1.0
2024-03-14 04:23:54.370908,19.08,5856.0,1.0
2024-03-14 04:25:01.634277,18.97,5862.0,1.0
2024-03-14 04:26:08.875227,19.04,5856.0,1.0
2024-03-14 04:27:16.144247,18.99,5862.0,1.0
2024-03-14 04:28:23.409361,18.73,5868.0,1.0
2024-03-14 04:29:30.697168,19.37,5844.0,1.0
2024-03-14 04:30:37.968519,19.34,5844.0,1.0
2024-03-14 04:31:45.210954,19.36,5844.0,1.0
2024-03-14 04:32:52.498958,19.39,5844.0,1.0
2024-03-14 04:33:59.760530,19.36,5844.0,1.0
2024-03-14 04:35:07.029151,19.36,5844.0,1.0
2024-03-14 04:36:14.259814,19.36,5844.0,1.0
2024-03-14 04:37:21.540380,18.43,5880.0,1.0
2024-03-14 04:38:28.830892,18.38,5880.0,1.0
2024-03-14 04:39:36.067568,18.4,5880.0,1.0
2024-03-14 04:40:43.306952,18.41,5880.0,1.0
2024-03-14 04:41:50.586910,18.37,5880.0,1.0
2024-03-14 04:42:57.836179,18.67,5868.0,1.0
2024-03-14 04:44:05.115944,18.72,5868.0,1.0
2024-03-14 04:45:12.368138,18.71,5868.0,1.0
2024-03-14 04:46:19.657636,18.75,5868.0,1.0
2024-03-14 04:47:26.946913,18.75,5868.0,1.0
2024-03-14 04:48:34.154909,18.71,5868.0,1.0
2024-03-14 04:49:41.406770,19.0,5856.0,1.0
2024-03-14 04:50:48.679144,19.03,5856.0,1.0
2024-03-14 04:51:55.918934,19.02,5856.0,1.0
2024-03-14 04:53:03.205882,19.03,5856.0,1.0
2024-03-14 04:54:10.492870,19.08,5856.0,1.0
2024-03-14 04:55:17.780778,18.02,5892.0,1.0
2024-03-14 04:56:25.042963,18.11,5892.0,1.0
2024-03-14 04:57:32.314788,18.07,5892.0,1.0
2024-03-14 04:58:39.568027,18.4,5880.0,1.0
2024-03-14 04:59:46.824600,18.35,5880.0,1.0
2024-03-14 05:00:54.087006,18.38,5880.0,1.0
2024-03-14 05:02:01.379107,18.4,5880.0,1.0
2024-03-14 05:03:08.671755,18.4,5880.0,1.0
2024-03-14 05:04:15.885828,18.4,5880.0,1.0
2024-03-14 05:05:23.152160,18.37,5880.0,1.0
2024-03-14 05:06:30.439922,18.35,5880.0,1.0
2024-03-14 05:07:37.729762,18.44,5880.0,1.0
2024-03-14 05:08:44.961755,18.38,5880.0,1.0
2024-03-14 05:09:52.249607,18.4,5880.0,1.0
2024-03-14 05:10:59.495732,18.46,5880.0,1.0
2024-03-14 05:12:06.750888,18.36,5880.0,1.0
2024-03-14 05:13:13.970768,18.37,5880.0,1.0
2024-03-14 05:14:21.230869,18.39,5880.0,1.0
2024-03-14 05:15:28.488058,18.36,5880.0,1.0
2024-03-14 05:16:35.759709,18.39,5880.0,1.0
2024-03-14 05:17:43.042038,18.36,5880.0,1.0
2024-03-14 05:18:50.325074,18.87,5862.0,1.0
2024-03-14 05:19:57.566935,18.38,5880.0,1.0
2024-03-14 05:21:04.846080,18.37,5880.0,1.0
2024-03-14 05:22:12.110749,18.39,5880.0,1.0
2024-03-14 05:23:19.374887,18.35,5880.0,1.0
2024-03-14 05:24:26.610607,18.34,5880.0,1.0
2024-03-14 05:25:33.848653,18.35,5880.0,1.0
2024-03-14 05:26:41.140490,18.36,5880.0,1.0
2024-03-14 05:27:48.447530,18.38,5880.0,1.0
2024-03-14 05:28:55.678115,18.4,5880.0,1.0
2024-03-14 05:30:02.966634,18.36,5880.0,1.0
2024-03-14 05:31:10.255710,18.39,5880.0,1.0
2024-03-14 05:32:17.542369,18.42,5880.0,1.0
2024-03-14 05:33:24.793510,18.38,5880.0,1.0
2024-03-14 05:34:32.073369,18.39,5880.0,1.0
2024-03-14 05:35:39.324840,18.38,5880.0,1.0
2024-03-14 05:36:46.613673,18.42,5880.0,1.0
2024-03-14 05:37:53.901572,18.73,5868.0,1.0
2024-03-14 05:39:01.141853,18.68,5868.0,1.0
2024-03-14 05:40:08.366926,18.65,5874.0,1.0
2024-03-14 05:41:15.637841,18.67,5868.0,1.0
2024-03-14 05:42:22.916751,18.74,5868.0,1.0
2024-03-14 05:43:30.200660,18.7,5868.0,1.0
2024-03-14 05:44:37.439174,18.68,5868.0,1.0
2024-03-14 05:45:44.673922,18.71,5868.0,1.0
2024-03-14 05:46:51.959292,18.74,5868.0,1.0
2024-03-14 05:47:59.195161,18.72,5868.0,1.0
2024-03-14 05:49:06.435548,18.75,5868.0,1.0
2024-03-14 05:50:13.724788,18.38,5880.0,1.0
2024-03-14 05:51:20.960136,18.36,5880.0,1.0
2024-03-14 05:52:28.201370,18.37,5880.0,1.0
2024-03-14 05:53:35.445116,18.38,5880.0,1.0
2024-03-14 05:54:42.681033,18.71,5868.0,1.0
2024-03-14 05:55:49.973946,18.69,5868.0,1.0
2024-03-14 05:56:57.263717,18.73,5868.0,1.0
2024-03-14 05:58:04.534920,18.73,5868.0,1.0
2024-03-14 05:59:11.804512,18.71,5868.0,1.0
2024-03-14 06:00:19.032802,18.87,5862.0,1.0
2024-03-14 06:01:26.322179,18.69,5868.0,1.0
2024-03-14 06:02:33.588057,18.72,5868.0,1.0
2024-03-14 06:03:40.858641,18.72,5868.0,1.0
2024-03-14 06:04:48.118855,18.38,5880.0,1.0
2024-03-14 06:05:55.345813,19.36,5844.0,1.0
2024-03-14 06:07:02.582959,19.05,5856.0,1.0
2024-03-14 06:08:09.864343,18.84,5862.0,1.0
2024-03-14 06:09:17.148488,19.03,5856.0,1.0
2024-03-14 06:10:24.415468,19.05,5856.0,1.0
2024-03-14 06:11:31.693839,19.06,5856.0,1.0
2024-03-14 06:12:38.970920,18.74,5868.0,1.0
2024-03-14 06:13:46.238170,19.05,5856.0,1.0
2024-03-14 06:14:53.462948,18.69,5868.0,1.0
2024-03-14 06:16:00.744791,18.71,5868.0,1.0
2024-03-14 06:17:08.032281,18.71,5868.0,1.0
2024-03-14 06:18:15.259836,18.72,5868.0,1.0
2024-03-14 06:19:22.544985,18.69,5868.0,1.0
2024-03-14 06:20:29.829155,19.7,5832.0,1.0
2024-03-14 06:21:37.077178,18.71,5868.0,1.0
2024-03-14 06:22:44.359186,18.39,5880.0,1.0
2024-03-14 06:23:51.629767,18.7,5868.0,1.0
2024-03-14 06:24:58.893572,18.68,5868.0,1.0
2024-03-14 06:26:06.184208,18.71,5868.0,1.0
2024-03-14 06:27:13.425209,18.76,5868.0,1.0
2024-03-14 06:28:20.711909,18.74,5868.0,1.0
2024-03-14 06:29:27.951044,18.69,5868.0,1.0
2024-03-14 06:30:35.198913,19.05,5856.0,1.0
2024-03-14 06:31:42.484063,19.09,5856.0,1.0
2024-03-14 06:32:49.706996,19.03,5856.0,1.0
2024-03-14 06:33:56.983952,19.07,5856.0,1.0
2024-03-14 06:35:04.271574,19.02,5856.0,1.0
2024-03-14 06:36:11.558846,18.04,5892.0,1.0
2024-03-14 06:37:18.852056,18.09,5892.0,1.0
2024-03-14 06:38:26.139910,18.06,5892.0,1.0
2024-03-14 06:39:33.418938,18.36,5880.0,1.0
2024-03-14 06:40:40.658874,18.35,5880.0,1.0
2024-03-14 06:41:47.938928,19.06,5856.0,1.0
2024-03-14 06:42:55.182863,18.02,5892.0,1.0
2024-03-14 06:44:02.451640,18.06,5892.0,1.0
2024-03-14 06:45:09.738775,18.41,5880.0,1.0
2024-03-14 06:46:16.991726,19.02,5856.0,1.0
2024-03-14 06:47:24.280152,19.05,5856.0,1.0
2024-03-14 06:48:31.570435,18.09,5892.0,1.0
2024-03-14 06:49:38.822625,18.04,5892.0,1.0
2024-03-14 06:50:46.037353,18.07,5892.0,1.0
2024-03-14 06:51:53.315441,18.36,5880.0,1.0
2024-03-14 06:53:00.609308,18.42,5880.0,1.0
2024-03-14 06:54:07.898879,18.42,5880.0,1.0
2024-03-14 06:55:15.192486,18.39,5880.0,1.0
2024-03-14 06:56:22.468997,19.03,5856.0,1.0
2024-03-14 06:57:29.706168,19.04,5856.0,1.0
2024-03-14 06:58:36.946283,19.37,5844.0,1.0
2024-03-14 06:59:44.186946,19.64,5838.0,1.0
2024-03-14 07:00:51.427288,19.99,5826.0,1.0
2024-03-14 07:01:58.691735,20.29,5814.0,1.0
2024-03-14 07:03:05.967719,20.14,5820.0,1.0
2024-03-14 07:04:13.251202,20.61,5802.0,1.0
2024-03-14 07:05:20.546988,20.64,5802.0,1.0
2024-03-14 07:06:27.787760,20.66,5802.0,1.0
2024-03-14 07:07:35.081895,20.9,5790.0,1.0
2024-03-14 07:08:42.367198,20.95,5790.0,1.0
2024-03-14 07:09:49.663420,20.95,5790.0,1.0
2024-03-14 07:10:56.949289,20.97,5790.0,1.0
2024-03-14 07:12:04.234786,20.62,5802.0,1.0
2024-03-14 07:13:11.482073,20.98,5790.0,1.0
2024-03-14 07:14:18.745545,20.96,5790.0,1.0
2024-03-14 07:15:25.983040,20.94,5790.0,1.0
2024-03-14 07:16:33.260760,20.94,5790.0,1.0
2024-03-14 07:17:40.546665,20.95,5790.0,1.0
2024-03-14 07:18:47.831752,20.62,5802.0,1.0
2024-03-14 07:19:55.116599,20.97,5790.0,1.0
2024-03-14 07:21:02.402327,21.18,5784.0,1.0
2024-03-14 07:22:09.671211,20.99,5790.0,1.0
2024-03-14 07:23:16.944666,20.95,5790.0,1.0
2024-03-14 07:24:24.211188,20.06,5820.0,1.0
2024-03-14 07:25:31.459503,20.93,5790.0,1.0
2024-03-14 07:26:38.694599,20.96,5790.0,1.0
2024-03-14 07:27:45.938293,21.0,5790.0,1.0
2024-03-14 07:28:53.201646,20.98,5790.0,1.0
2024-03-14 07:30:00.479021,20.96,5790.0,1.0
2024-03-14 07:31:07.760897,20.02,5820.0,1.0
2024-03-14 07:32:15.052472,19.95,5826.0,1.0
2024-03-14 07:33:22.335720,19.99,5826.0,1.0
2024-03-14 07:34:29.616317,21.33,5778.0,1.0
2024-03-14 07:35:36.827034,20.99,5790.0,1.0
2024-03-14 07:36:44.118541,20.03,5820.0,1.0
2024-03-14 07:37:51.401505,19.99,5826.0,1.0
2024-03-14 07:38:58.696152,20.94,5790.0,1.0
2024-03-14 07:40:05.971958,20.96,5790.0,1.0
2024-03-14 07:41:13.215236,20.94,5790.0,1.0
2024-03-14 07:42:20.467825,20.02,5820.0,1.0
2024-03-14 07:43:27.706109,20.95,5790.0,1.0
2024-03-14 07:44:34.943731,20.96,5790.0,1.0
2024-03-14 07:45:42.162760,20.95,5790.0,1.0
2024-03-14 07:46:49.422988,20.96,5790.0,1.0
2024-03-14 07:47:56.689502,20.98,5790.0,1.0
2024-03-14 07:49:03.928604,20.98,5790.0,1.0
2024-03-14 07:50:11.207034,20.99,5790.0,1.0
2024-03-14 07:51:18.483022,20.94,5790.0,1.0
2024-03-14 07:52:25.755105,20.01,5826.0,1.0
2024-03-14 07:53:33.026056,20.96,5790.0,1.0
2024-03-14 07:54:40.275495,21.28,5778.0,1.0
2024-03-14 07:55:47.560242,21.6,5766.0,1.0
2024-03-14 07:56:54.802964,21.89,5754.0,1.0
2024-03-14 07:58:02.062929,21.32,5778.0,1.0
2024-03-14 07:59:09.339250,22.57,5730.0,1.0
2024-03-14 08:00:16.614838,22.28,5742.0,1.0
2024-03-14 08:01:23.907295,22.53,5736.0,1.0
2024-03-14 08:02:31.195165,23.68,5694.0,1.0
2024-03-14 08:03:38.462967,24.04,5682.0,1.0
2024-03-14 08:04:45.755209,24.01,5682.0,1.0
2024-03-14 08:05:53.011198,23.99,5682.0,1.0
2024-03-14 08:07:00.260548,24.02,5682.0,1.0
2024-03-14 08:08:07.540132,24.08,5682.0,1.0
2024-03-14 08:09:14.803225,23.73,5694.0,1.0
2024-03-14 08:10:22.094763,24.64,5658.0,1.0
2024-03-14 08:11:29.371063,23.73,5694.0,1.0
2024-03-14 08:12:36.632637,23.75,5694.0,1.0
2024-03-14 08:13:43.897534,23.72,5694.0,1.0
2024-03-14 08:14:51.133603,23.49,5700.0,1.0
2024-03-14 08:15:58.587263,24.62,5658.0,1.0
2024-03-14 08:17:05.869794,24.03,5682.0,1.0
2024-03-14 08:18:13.055247,23.75,5694.0,1.0
2024-03-14 08:19:20.320705,23.7,5694.0,1.0
2024-03-14 08:20:27.612580,23.72,5694.0,1.0
2024-03-14 08:21:34.899181,24.08,5682.0,1.0
2024-03-14 08:22:42.190993,24.06,5682.0,1.0
2024-03-14 08:23:49.450143,23.78,5688.0,1.0
2024-03-14 08:24:56.739920,23.74,5694.0,1.0
2024-03-14 08:26:04.028088,23.76,5688.0,1.0
2024-03-14 08:27:11.291229,24.57,5664.0,1.0
2024-03-14 08:28:18.551324,24.19,5676.0,1.0
2024-03-14 08:29:25.835541,24.02,5682.0,1.0
2024-03-14 08:30:33.079128,24.07,5682.0,1.0
2024-03-14 08:31:40.359712,24.07,5682.0,1.0
2024-03-14 08:32:47.601208,24.01,5682.0,1.0
2024-03-14 08:33:54.839215,24.07,5682.0,1.0
2024-03-14 08:35:02.101767,24.31,5670.0,1.0
2024-03-14 08:36:09.331053,23.42,5700.0,1.0
2024-03-14 08:37:16.605883,23.48,5700.0,1.0
2024-03-14 08:38:23.867747,24.03,5682.0,1.0
2024-03-14 08:39:31.118087,24.61,5658.0,1.0
2024-03-14 08:40:38.380476,24.33,5670.0,1.0
2024-03-14 08:41:45.639586,24.05,5682.0,1.0
2024-03-14 08:42:52.908150,24.93,5652.0,1.0
2024-03-14 08:44:00.143843,24.66,5658.0,1.0
2024-03-14 08:45:07.411252,24.64,5658.0,1.0
2024-03-14 08:46:14.690022,24.37,5670.0,1.0
2024-03-14 08:47:21.950838,24.6,5664.0,1.0
2024-03-14 08:48:29.219339,25.2,5640.0,1.0
2024-03-14 08:49:36.500194,24.35,5670.0,1.0
2024-03-14 08:50:43.731313,25.82,5616.0,1.0
2024-03-14 08:51:50.969269,25.49,5628.0,1.0
2024-03-14 08:52:58.229713,25.18,5640.0,1.0
2024-03-14 08:54:05.517396,25.78,5622.0,1.0
2024-03-14 08:55:12.787884,26.06,5610.0,1.0
2024-03-14 08:56:20.085309,26.02,5610.0,1.0
2024-03-14 08:57:27.376148,26.37,5598.0,1.0
2024-03-14 08:58:34.647348,26.4,5598.0,1.0
2024-03-14 08:59:41.914422,26.34,5598.0,1.0
2024-03-14 09:00:49.201885,26.26,5604.0,1.0
2024-03-14 09:01:56.427351,26.37,5598.0,1.0
2024-03-14 09:03:03.718212,26.32,5598.0,1.0
2024-03-14 09:04:10.971385,26.65,5586.0,1.0
2024-03-14 09:05:18.261667,26.61,5592.0,1.0
2024-03-14 09:06:25.541165,25.64,5622.0,1.0
2024-03-14 09:07:32.787089,25.78,5622.0,1.0
2024-03-14 09:08:40.067323,26.39,5598.0,1.0
2024-03-14 09:09:47.357033,26.31,5598.0,1.0
2024-03-14 09:10:54.658526,26.1,5610.0,1.0
2024-03-14 09:12:01.900248,26.06,5610.0,1.0
2024-03-14 09:13:09.188118,26.98,5580.0,1.0
2024-03-14 09:14:16.425045,26.37,5598.0,1.0
2024-03-14 09:15:23.721068,26.37,5598.0,1.0
2024-03-14 09:16:31.003324,26.33,5598.0,1.0
2024-03-14 09:17:38.271355,26.37,5598.0,1.0
2024-03-14 09:18:45.534829,27.07,5574.0,1.0
2024-03-14 09:19:52.773398,26.22,5604.0,1.0
2024-03-14 09:21:00.058903,26.36,5598.0,1.0
2024-03-14 09:22:07.354832,27.15,5574.0,1.0
2024-03-14 09:23:14.583634,26.39,5598.0,1.0
2024-03-14 09:24:21.822124,26.38,5598.0,1.0
2024-03-14 09:25:29.107323,26.37,5598.0,1.0
2024-03-14 09:26:36.371359,26.32,5598.0,1.0
2024-03-14 09:27:43.635373,26.63,5592.0,1.0
2024-03-14 09:28:50.880105,26.63,5592.0,1.0
2024-03-14 09:29:58.128599,25.76,5622.0,1.0
2024-03-14 09:31:05.406160,25.82,5616.0,1.0
2024-03-14 09:32:12.691249,25.74,5622.0,1.0
2024-03-14 09:33:19.977650,26.64,5592.0,1.0
2024-03-14 09:34:27.221119,26.07,5610.0,1.0
2024-03-14 09:35:34.491281,26.08,5610.0,1.0
2024-03-14 09:36:41.761724,26.07,5610.0,1.0
2024-03-14 09:37:49.051247,26.08,5610.0,1.0
2024-03-14 09:38:56.311353,25.99,5610.0,1.0
2024-03-14 09:40:03.586975,26.05,5610.0,1.0
2024-03-14 09:41:10.879641,26.11,5610.0,1.0
2024-03-14 09:42:18.172735,26.37,5598.0,1.0
2024-03-14 09:43:25.463497,25.44,5634.0,1.0
2024-03-14 09:44:32.726542,25.47,5628.0,1.0
2024-03-14 09:45:40.013023,25.53,5628.0,1.0
2024-03-14 09:46:47.231350,25.44,5634.0,1.0
2024-03-14 09:47:54.503903,25.47,5628.0,1.0
2024-03-14 09:49:01.761024,26.35,5598.0,1.0
2024-03-14 09:50:09.032317,25.76,5622.0,1.0
2024-03-14 09:51:16.309975,25.8,5616.0,1.0
2024-03-14 09:52:23.570179,25.78,5622.0,1.0
2024-03-14 09:53:30.815188,25.8,5616.0,1.0
2024-03-14 09:54:38.089291,25.77,5622.0,1.0
2024-03-14 09:55:45.375322,26.1,5610.0,1.0
2024-03-14 09:56:52.662041,26.03,5610.0,1.0
2024-03-14 09:57:59.951245,25.2,5640.0,1.0
2024-03-14 09:59:07.190119,25.17,5640.0,1.0
2024-03-14 10:00:14.476563,25.34,5634.0,1.0
2024-03-14 10:01:21.703291,25.21,5640.0,1.0
2024-03-14 10:02:28.989265,25.18,5640.0,1.0
2024-03-14 10:03:36.219335,26.04,5610.0,1.0
2024-03-14 10:04:43.480594,25.47,5628.0,1.0
2024-03-14 10:05:50.768137,25.52,5628.0,1.0
2024-03-14 10:06:58.012766,25.48,5628.0,1.0
2024-03-14 10:08:05.299319,25.47,5628.0,1.0
2024-03-14 10:09:12.539386,25.49,5628.0,1.0
2024-03-14 10:10:19.832224,25.42,5634.0,1.0
2024-03-14 10:11:27.078928,25.73,5622.0,1.0
2024-03-14 10:12:34.307304,25.77,5622.0,1.0
2024-03-14 10:13:41.592228,24.89,5652.0,1.0
2024-03-14 10:14:48.832822,24.89,5652.0,1.0
2024-03-14 10:15:56.114192,24.93,5652.0,1.0
2024-03-14 10:17:03.391243,24.89,5652.0,1.0
2024-03-14 10:18:10.601746,25.16,5640.0,1.0
2024-03-14 10:19:17.893084,25.19,5640.0,1.0
2024-03-14 10:20:25.182903,25.2,5640.0,1.0
2024-03-14 10:21:32.443748,25.2,5640.0,1.0
2024-03-14 10:22:39.712561,24.32,5670.0,1.0
2024-03-14 10:23:47.003110,24.37,5670.0,1.0
2024-03-14 10:24:54.242610,25.18,5640.0,1.0
2024-03-14 10:26:01.506849,25.2,5640.0,1.0
2024-03-14 10:27:08.779322,25.18,5640.0,1.0
2024-03-14 10:28:16.013426,24.27,5670.0,1.0
2024-03-14 10:29:23.253114,24.33,5670.0,1.0
2024-03-14 10:30:30.522020,25.12,5640.0,1.0
2024-03-14 10:31:37.777543,25.2,5640.0,1.0
2024-03-14 10:32:45.063585,24.62,5658.0,1.0
2024-03-14 10:33:52.331417,24.62,5658.0,1.0
2024-03-14 10:34:59.617059,24.6,5664.0,1.0
2024-03-14 10:36:06.907143,24.59,5664.0,1.0
2024-03-14 10:37:14.195515,25.49,5628.0,1.0
2024-03-14 10:38:21.460870,25.52,5628.0,1.0
2024-03-14 10:39:28.746675,24.75,5658.0,1.0
2024-03-14 10:40:35.955221,24.32,5670.0,1.0
2024-03-14 10:41:43.179180,25.76,5622.0,1.0
2024-03-14 10:42:50.422762,26.05,5610.0,1.0
2024-03-14 10:43:57.663208,25.21,5640.0,1.0
2024-03-14 10:45:04.923287,25.19,5640.0,1.0
2024-03-14 10:46:12.193115,24.31,5670.0,1.0
2024-03-14 10:47:19.435613,25.2,5640.0,1.0
2024-03-14 10:48:26.723493,25.21,5640.0,1.0
2024-03-14 10:49:33.979256,25.15,5640.0,1.0
2024-03-14 10:50:41.259245,25.17,5640.0,1.0
2024-03-14 10:51:48.504634,24.32,5670.0,1.0
2024-03-14 10:52:55.775275,24.36,5670.0,1.0
2024-03-14 10:54:03.023206,25.23,5640.0,1.0
2024-03-14 10:55:10.299344,25.49,5628.0,1.0
2024-03-14 10:56:17.547606,24.61,5658.0,1.0
2024-03-14 10:57:24.802673,24.6,5664.0,1.0
2024-03-14 10:58:32.100281,24.6,5664.0,1.0
2024-03-14 10:59:39.347264,24.62,5658.0,1.0
2024-03-14 11:00:46.628289,24.59,5664.0,1.0
2024-03-14 11:01:53.909877,25.46,5628.0,1.0
2024-03-14 11:03:01.199304,24.92,5652.0,1.0
2024-03-14 11:04:08.481384,24.89,5652.0,1.0
2024-03-14 11:05:15.760743,24.91,5652.0,1.0
2024-03-14 11:06:23.049061,24.88,5652.0,1.0
2024-03-14 11:07:30.308254,24.89,5652.0,1.0
2024-03-14 11:08:37.594675,24.92,5652.0,1.0
2024-03-14 11:09:44.888636,25.19,5640.0,1.0
2024-03-14 11:10:52.167285,24.87,5652.0,1.0
2024-03-14 11:11:59.431242,24.6,5664.0,1.0
2024-03-14 11:13:06.655279,25.17,5640.0,1.0
2024-03-14 11:14:13.909522,25.17,5640.0,1.0
2024-03-14 11:15:21.163108,25.15,5640.0,1.0
2024-03-14 11:16:28.413706,25.21,5640.0,1.0
2024-03-14 11:17:35.655302,25.18,5640.0,1.0
2024-03-14 11:18:42.886730,25.52,5628.0,1.0
2024-03-14 11:19:50.162013,24.28,5670.0,1.0
2024-03-14 11:20:57.415102,24.35,5670.0,1.0
2024-03-14 11:22:04.688787,25.19,5640.0,1.0
2024-03-14 11:23:11.971281,25.17,5640.0,1.0
2024-03-14 11:24:19.239232,25.5,5628.0,1.0
2024-03-14 11:25:26.495273,24.57,5664.0,1.0
2024-03-14 11:26:33.779462,24.59,5664.0,1.0
2024-03-14 11:27:41.069902,24.27,5670.0,1.0
2024-03-14 11:28:48.331763,25.76,5622.0,1.0
2024-03-14 11:29:55.569736,25.43,5634.0,1.0
2024-03-14 11:31:02.805155,25.51,5628.0,1.0
2024-03-14 11:32:10.079447,25.79,5622.0,1.0
2024-03-14 11:33:17.347393,25.43,5634.0,1.0
2024-03-14 11:34:24.626831,25.48,5628.0,1.0
2024-03-14 11:35:31.914934,25.46,5628.0,1.0
2024-03-14 11:36:39.177745,25.48,5628.0,1.0
2024-03-14 11:37:46.454020,25.48,5628.0,1.0
2024-03-14 11:38:53.733150,25.76,5622.0,1.0
2024-03-14 11:40:00.991895,25.76,5622.0,1.0
2024-03-14 11:41:08.279282,24.84,5652.0,1.0
2024-03-14 11:42:15.559842,24.91,5652.0,1.0
2024-03-14 11:43:22.847681,24.86,5652.0,1.0
2024-03-14 11:44:30.132770,25.77,5622.0,1.0
2024-03-14 11:45:37.375161,25.13,5640.0,1.0
2024-03-14 11:46:44.657016,25.2,5640.0,1.0
2024-03-14 11:47:51.946283,25.18,5640.0,1.0
2024-03-14 11:48:59.185241,24.26,5676.0,1.0
2024-03-14 11:50:06.472346,24.31,5670.0,1.0
2024-03-14 11:51:13.760125,25.12,5640.0,1.0
2024-03-14 11:52:21.043398,25.52,5628.0,1.0
2024-03-14 11:53:28.322865,25.48,5628.0,1.0
2024-03-14 11:54:35.591216,24.45,5664.0,1.0
2024-03-14 11:55:42.854747,24.65,5658.0,1.0
2024-03-14 11:56:50.113726,24.53,5664.0,1.0
2024-03-14 11:57:57.393841,24.59,5664.0,1.0
2024-03-14 11:59:04.660621,24.61,5658.0,1.0
2024-03-14 12:00:11.909024,25.51,5628.0,1.0
2024-03-14 12:01:19.150688,24.86,5652.0,1.0
2024-03-14 12:02:26.441826,24.91,5652.0,1.0
2024-03-14 12:03:33.733264,24.9,5652.0,1.0
2024-03-14 12:04:40.966128,24.88,5652.0,1.0
2024-03-14 12:05:48.254613,24.86,5652.0,1.0
2024-03-14 12:06:55.543336,24.89,5652.0,1.0
2024-03-14 12:08:02.776750,24.3,5670.0,1.0
2024-03-14 12:09:10.067662,24.34,5670.0,1.0
2024-03-14 12:10:17.332009,24.35,5670.0,1.0
2024-03-14 12:11:24.611252,24.33,5670.0,1.0
2024-03-14 12:12:31.871117,24.37,5670.0,1.0
2024-03-14 12:13:39.157459,24.3,5670.0,1.0
2024-03-14 12:14:46.367277,24.62,5658.0,1.0
2024-03-14 12:15:53.596585,24.59,5664.0,1.0
2024-03-14 12:17:00.864267,24.59,5664.0,1.0
2024-03-14 12:18:08.077215,24.63,5658.0,1.0
2024-03-14 12:19:15.358812,24.59,5664.0,1.0
2024-03-14 12:20:22.631263,24.6,5664.0,1.0
2024-03-14 12:21:29.891783,24.62,5658.0,1.0
2024-03-14 12:22:37.131253,24.89,5652.0,1.0
2024-03-14 12:23:44.418896,24.88,5652.0,1.0
2024-03-14 12:24:51.710346,24.01,5682.0,1.0
2024-03-14 12:25:58.995969,24.0,5682.0,1.0
2024-03-14 12:27:06.207201,24.02,5682.0,1.0
2024-03-14 12:28:13.473313,24.03,5682.0,1.0
2024-03-14 12:29:20.756600,24.85,5652.0,1.0
2024-03-14 12:30:28.033596,24.39,5670.0,1.0
2024-03-14 12:31:35.294447,24.32,5670.0,1.0
2024-03-14 12:32:42.557647,23.41,5706.0,1.0
2024-03-14 12:33:49.782450,23.39,5706.0,1.0
2024-03-14 12:34:57.055341,23.44,5700.0,1.0
2024-03-14 12:36:04.330846,24.32,5670.0,1.0
2024-03-14 12:37:11.621128,24.29,5670.0,1.0
2024-03-14 12:38:18.911688,24.63,5658.0,1.0
2024-03-14 12:39:26.128354,23.75,5694.0,1.0
2024-03-14 12:40:33.418048,23.7,5694.0,1.0
2024-03-14 12:41:40.654657,23.47,5700.0,1.0
2024-03-14 12:42:47.939174,23.71,5694.0,1.0
2024-03-14 12:43:55.188142,23.73,5694.0,1.0
2024-03-14 12:45:02.433022,24.63,5658.0,1.0
2024-03-14 12:46:09.724305,24.01,5682.0,1.0
2024-03-14 12:47:17.012507,23.96,5682.0,1.0
2024-03-14 12:48:24.242355,24.04,5682.0,1.0
2024-03-14 12:49:31.503223,24.0,5682.0,1.0
2024-03-14 12:50:38.783291,24.05,5682.0,1.0
2024-03-14 12:51:46.070963,24.34,5670.0,1.0
2024-03-14 12:52:53.359991,23.39,5706.0,1.0
2024-03-14 12:54:00.637303,23.14,5712.0,1.0
2024-03-14 12:55:07.906280,23.44,5700.0,1.0
2024-03-14 12:56:15.154070,23.39,5706.0,1.0
2024-03-14 12:57:22.437690,23.4,5706.0,1.0
2024-03-14 12:58:29.691673,23.49,5700.0,1.0
2024-03-14 12:59:36.934353,23.45,5700.0,1.0
2024-03-14 13:00:44.201682,23.41,5706.0,1.0
2024-03-14 13:01:51.492484,23.43,5700.0,1.0
2024-03-14 13:02:58.760337,23.39,5706.0,1.0
2024-03-14 13:04:05.979197,23.39,5706.0,1.0
2024-03-14 13:05:13.223717,23.4,5706.0,1.0
2024-03-14 13:06:20.517507,23.71,5694.0,1.0
2024-03-14 13:07:27.775321,23.71,5694.0,1.0
2024-03-14 13:08:35.039182,23.39,5706.0,1.0
2024-03-14 13:09:42.327286,24.03,5682.0,1.0
2024-03-14 13:10:49.570507,24.3,5670.0,1.0
2024-03-14 13:11:56.793518,23.44,5700.0,1.0
2024-03-14 13:13:04.064671,23.4,5706.0,1.0
2024-03-14 13:14:11.279189,23.45,5700.0,1.0
2024-03-14 13:15:18.537761,23.42,5700.0,1.0
2024-03-14 13:16:25.823017,23.43,5700.0,1.0
2024-03-14 13:17:33.047186,23.39,5706.0,1.0
2024-03-14 13:18:40.331205,23.72,5694.0,1.0
2024-03-14 13:19:47.560969,23.69,5694.0,1.0
2024-03-14 13:20:54.835245,23.73,5694.0,1.0
2024-03-14 13:22:02.107979,23.76,5688.0,1.0
2024-03-14 13:23:09.327684,23.47,5700.0,1.0
2024-03-14 13:24:16.613654,23.76,5688.0,1.0
2024-03-14 13:25:23.875550,23.71,5694.0,1.0
2024-03-14 13:26:31.162355,23.52,5700.0,1.0
2024-03-14 13:27:38.399258,23.67,5694.0,1.0
2024-03-14 13:28:45.676329,23.72,5694.0,1.0
2024-03-14 13:29:52.939046,23.7,5694.0,1.0
2024-03-14 13:31:00.230360,23.77,5688.0,1.0
2024-03-14 13:32:07.519904,23.99,5682.0,1.0
2024-03-14 13:33:14.776728,23.14,5712.0,1.0
2024-03-14 13:34:22.032285,23.75,5694.0,1.0
2024-03-14 13:35:29.313644,23.7,5694.0,1.0
2024-03-14 13:36:36.597015,23.68,5694.0,1.0
2024-03-14 13:37:43.887946,23.94,5682.0,1.0
2024-03-14 13:38:51.171722,23.08,5712.0,1.0
2024-03-14 13:39:58.460672,23.12,5712.0,1.0
2024-03-14 13:41:05.703677,23.15,5712.0,1.0
2024-03-14 13:42:12.985636,23.18,5712.0,1.0
2024-03-14 13:43:20.276119,24.01,5682.0,1.0
2024-03-14 13:44:27.536954,23.46,5700.0,1.0
2024-03-14 13:45:34.818182,23.47,5700.0,1.0
2024-03-14 13:46:42.056584,22.55,5736.0,1.0
2024-03-14 13:47:49.343116,22.53,5736.0,1.0
2024-03-14 13:48:56.627798,22.58,5730.0,1.0
2024-03-14 13:50:03.872896,22.56,5736.0,1.0
2024-03-14 13:51:11.108473,23.46,5700.0,1.0
2024-03-14 13:52:18.349715,23.45,5700.0,1.0
2024-03-14 13:53:25.595035,22.58,5730.0,1.0
2024-03-14 13:54:32.876623,22.58,5730.0,1.0
2024-03-14 13:55:40.167154,22.55,5736.0,1.0
2024-03-14 13:56:47.454746,22.53,5736.0,1.0
2024-03-14 13:57:54.745294,23.41,5706.0,1.0
2024-03-14 13:59:02.006829,23.74,5694.0,1.0
2024-03-14 14:00:09.259202,23.44,5700.0,1.0
2024-03-14 14:01:16.536203,22.6,5730.0,1.0
2024-03-14 14:02:23.771160,23.36,5706.0,1.0
2024-03-14 14:03:31.031180,23.38,5706.0,1.0
2024-03-14 14:04:38.287030,22.88,5724.0,1.0
2024-03-14 14:05:45.566603,22.83,5724.0,1.0
2024-03-14 14:06:52.849919,22.84,5724.0,1.0
2024-03-14 14:08:00.139376,22.84,5724.0,1.0
2024-03-14 14:09:07.419145,22.84,5724.0,1.0
2024-03-14 14:10:14.627236,23.74,5694.0,1.0
2024-03-14 14:11:21.915885,23.15,5712.0,1.0
2024-03-14 14:12:29.140104,23.12,5712.0,1.0
2024-03-14 14:13:36.424856,23.13,5712.0,1.0
2024-03-14 14:14:43.692513,23.08,5712.0,1.0
2024-03-14 14:15:50.975333,23.08,5712.0,1.0
2024-03-14 14:16:58.266141,23.16,5712.0,1.0
2024-03-14 14:18:05.531223,23.12,5712.0,1.0
2024-03-14 14:19:12.813518,22.55,5736.0,1.0
2024-03-14 14:20:20.079532,22.53,5736.0,1.0
2024-03-14 14:21:27.329460,22.55,5736.0,1.0
2024-03-14 14:22:34.597586,22.55,5736.0,1.0
2024-03-14 14:23:41.872738,22.54,5736.0,1.0
2024-03-14 14:24:49.131118,22.6,5730.0,1.0
2024-03-14 14:25:56.365045,22.84,5724.0,1.0
2024-03-14 14:27:03.639162,22.81,5724.0,1.0
2024-03-14 14:28:10.871164,22.82,5724.0,1.0
2024-03-14 14:29:18.103145,22.88,5724.0,1.0
2024-03-14 14:30:25.365455,22.83,5724.0,1.0
2024-03-14 14:31:32.657309,22.8,5724.0,1.0
2024-03-14 14:32:39.943835,22.82,5724.0,1.0
2024-03-14 14:33:47.220978,23.1,5712.0,1.0
2024-03-14 14:34:54.472659,23.16,5712.0,1.0
2024-03-14 14:36:01.723096,22.23,5742.0,1.0
2024-03-14 14:37:09.004933,22.24,5742.0,1.0
2024-03-14 14:38:16.260386,22.22,5748.0,1.0
2024-03-14 14:39:23.533805,22.2,5748.0,1.0
2024-03-14 14:40:30.772394,22.85,5724.0,1.0
2024-03-14 14:41:38.031292,23.19,5712.0,1.0
2024-03-14 14:42:45.309889,23.13,5712.0,1.0
2024-03-14 14:43:52.603145,22.87,5724.0,1.0
2024-03-14 14:44:59.883951,22.82,5724.0,1.0
2024-03-14 14:46:07.130142,22.85,5724.0,1.0
2024-03-14 14:47:14.419033,22.82,5724.0,1.0
2024-03-14 14:48:21.655453,22.84,5724.0,1.0
2024-03-14 14:49:28.914681,22.82,5724.0,1.0
2024-03-14 14:50:36.201917,22.83,5724.0,1.0
2024-03-14 14:51:43.489335,21.95,5754.0,1.0
2024-03-14 14:52:50.760681,23.12,5712.0,1.0
2024-03-14 14:53:58.001023,23.11,5712.0,1.0
2024-03-14 14:55:05.240266,21.97,5754.0,1.0
2024-03-14 14:56:12.511525,22.22,5748.0,1.0
2024-03-14 14:57:19.801830,22.28,5742.0,1.0
2024-03-14 14:58:27.020219,22.27,5742.0,1.0
2024-03-14 14:59:34.246026,22.26,5742.0,1.0
2024-03-14 15:00:41.527285,22.54,5736.0,1.0
2024-03-14 15:01:48.815955,22.51,5736.0,1.0
2024-03-14 15:02:56.059483,22.53,5736.0,1.0
2024-03-14 15:04:03.346893,22.55,5736.0,1.0
2024-03-14 15:05:10.635518,22.56,5736.0,1.0
2024-03-14 15:06:17.909437,22.57,5730.0,1.0
2024-03-14 15:07:25.151202,22.51,5736.0,1.0
2024-03-14 15:08:32.399156,22.8,5724.0,1.0
2024-03-14 15:09:39.627146,22.86,5724.0,1.0
2024-03-14 15:10:46.913091,22.83,5724.0,1.0
2024-03-14 15:11:54.207238,22.55,5736.0,1.0
2024-03-14 15:13:01.455937,22.55,5736.0,1.0
2024-03-14 15:14:08.721163,22.56,5736.0,1.0
2024-03-14 15:15:15.993517,22.54,5736.0,1.0
2024-03-14 15:16:23.260221,22.53,5736.0,1.0
2024-03-14 15:17:28.923120,22.54,5736.0,1.0
2024-03-14 15:18:36.207099,22.54,5736.0,1.0
2024-03-14 15:19:43.455126,22.9,5724.0,1.0
2024-03-14 15:20:50.719292,22.89,5724.0,1.0
2024-03-14 15:21:56.347485,22.86,5724.0,1.0
2024-03-14 15:23:01.970525,21.82,5760.0,1.0
2024-03-14 15:24:07.636328,22.53,5736.0,1.0
2024-03-14 15:25:13.259783,22.78,5724.0,1.0
2024-03-14 15:26:20.491151,22.87,5724.0,1.0
2024-03-14 15:27:26.125421,22.04,5754.0,1.0
2024-03-14 15:28:33.374319,22.82,5724.0,1.0
2024-03-14 15:29:39.057140,21.93,5754.0,1.0
2024-03-14 15:30:44.675084,21.88,5760.0,1.0
2024-03-14 15:31:50.360798,21.93,5754.0,1.0
2024-03-14 15:32:56.031083,21.9,5754.0,1.0
2024-03-14 15:34:01.717728,22.25,5742.0,1.0
2024-03-14 15:35:08.979584,22.24,5742.0,1.0
2024-03-14 15:36:14.644212,22.18,5748.0,1.0
2024-03-14 15:37:20.280980,22.26,5742.0,1.0
2024-03-14 15:38:25.969056,22.24,5742.0,1.0
2024-03-14 15:39:31.640755,21.29,5778.0,1.0
2024-03-14 15:40:37.326803,21.22,5778.0,1.0
2024-03-14 15:41:42.940581,21.29,5778.0,1.0
2024-03-14 15:42:48.607231,21.22,5778.0,1.0
2024-03-14 15:43:54.287181,21.3,5778.0,1.0
2024-03-14 15:44:59.922297,21.56,5766.0,1.0
2024-03-14 15:46:05.557192,21.57,5766.0,1.0
2024-03-14 15:47:11.244282,21.53,5772.0,1.0
2024-03-14 15:48:16.875114,21.56,5766.0,1.0
2024-03-14 15:49:22.561333,21.56,5766.0,1.0
2024-03-14 15:50:28.227597,21.59,5766.0,1.0
2024-03-14 15:51:33.883057,21.92,5754.0,1.0
2024-03-14 15:52:39.550381,21.88,5760.0,1.0
2024-03-14 15:53:45.215091,21.54,5772.0,1.0
2024-03-14 15:54:50.891506,21.59,5766.0,1.0
2024-03-14 15:55:56.531538,21.96,5754.0,1.0
2024-03-14 15:57:02.223136,21.88,5760.0,1.0
2024-03-14 15:58:07.912607,21.59,5766.0,1.0
2024-03-14 15:59:13.594119,21.59,5766.0,1.0
2024-03-14 16:00:19.279020,21.59,5766.0,1.0
2024-03-14 16:01:24.962620,21.56,5766.0,1.0
2024-03-14 16:02:30.623184,21.92,5754.0,1.0
2024-03-14 16:03:36.273501,21.91,5754.0,1.0
2024-03-14 16:04:41.941930,21.9,5754.0,1.0
2024-03-14 16:05:47.607138,21.63,5766.0,1.0
2024-03-14 16:06:53.282704,21.92,5754.0,1.0
2024-03-14 16:07:58.975361,21.93,5754.0,1.0
2024-03-14 16:09:04.607179,21.9,5754.0,1.0
2024-03-14 16:10:10.294473,21.91,5754.0,1.0
2024-03-14 16:11:15.943537,21.88,5760.0,1.0
2024-03-14 16:12:21.621030,21.88,5760.0,1.0
2024-03-14 16:13:27.262601,22.19,5748.0,1.0
2024-03-14 16:14:32.952045,20.96,5790.0,1.0
2024-03-14 16:15:38.636672,22.22,5748.0,1.0
2024-03-14 16:16:44.266612,21.28,5778.0,1.0
2024-03-14 16:17:49.959038,21.29,5778.0,1.0
2024-03-14 16:18:57.221091,21.28,5778.0,1.0
2024-03-14 16:20:02.887226,21.28,5778.0,1.0
2024-03-14 16:21:08.575200,21.25,5778.0,1.0
2024-03-14 16:22:14.239324,21.27,5778.0,1.0
2024-03-14 16:23:19.903066,21.26,5778.0,1.0
2024-03-14 16:24:25.591749,21.61,5766.0,1.0
2024-03-14 16:25:31.256194,21.55,5766.0,1.0
2024-03-14 16:26:36.952361,21.44,5772.0,1.0
2024-03-14 16:27:42.610969,21.59,5766.0,1.0
2024-03-14 16:28:48.247085,21.6,5766.0,1.0
2024-03-14 16:29:53.910948,21.61,5766.0,1.0
2024-03-14 16:30:59.527072,21.92,5754.0,1.0
2024-03-14 16:32:05.216680,21.92,5754.0,1.0
2024-03-14 16:33:10.851308,21.89,5754.0,1.0
2024-03-14 16:34:16.539132,21.19,5784.0,1.0
2024-03-14 16:35:22.227279,20.96,5790.0,1.0
2024-03-14 16:36:27.920901,20.99,5790.0,1.0
2024-03-14 16:37:33.558350,21.04,5784.0,1.0
2024-03-14 16:38:39.243602,20.95,5790.0,1.0
2024-03-14 16:39:44.882971,21.91,5754.0,1.0
2024-03-14 16:40:50.539025,20.87,5790.0,1.0
2024-03-14 16:41:56.214071,20.92,5790.0,1.0
2024-03-14 16:43:01.894896,20.99,5790.0,1.0
2024-03-14 16:44:07.569108,20.95,5790.0,1.0
2024-03-14 16:45:13.258179,20.9,5790.0,1.0
2024-03-14 16:46:18.946528,20.98,5790.0,1.0
2024-03-14 16:47:24.635290,21.26,5778.0,1.0
2024-03-14 16:48:30.306527,21.66,5766.0,1.0
2024-03-14 16:49:35.970183,21.31,5778.0,1.0
2024-03-14 16:50:41.660045,21.27,5778.0,1.0
2024-03-14 16:51:47.333407,21.29,5778.0,1.0
2024-03-14 16:52:53.022293,21.31,5778.0,1.0
2024-03-14 16:53:58.673276,21.54,5772.0,1.0
2024-03-14 16:55:04.308350,21.64,5766.0,1.0
2024-03-14 16:56:09.991492,21.64,5766.0,1.0
2024-03-14 16:57:15.680270,20.67,5802.0,1.0
2024-03-14 16:58:21.364506,21.28,5778.0,1.0
2024-03-14 16:59:26.994292,21.29,5778.0,1.0
2024-03-14 17:00:32.687006,21.56,5766.0,1.0
2024-03-14 17:01:38.374811,21.62,5766.0,1.0
2024-03-14 17:02:43.999045,21.27,5778.0,1.0
2024-03-14 17:03:49.635085,21.27,5778.0,1.0
2024-03-14 17:04:55.303005,21.23,5778.0,1.0
2024-03-14 17:06:00.991390,21.26,5778.0,1.0
2024-03-14 17:07:06.678521,20.79,5796.0,1.0
2024-03-14 17:08:12.302956,21.62,5766.0,1.0
2024-03-14 17:09:17.951130,21.62,5766.0,1.0
2024-03-14 17:10:23.630063,20.98,5790.0,1.0
2024-03-14 17:11:29.261479,20.65,5802.0,1.0
2024-03-14 17:12:34.925015,20.57,5802.0,1.0
2024-03-14 17:13:40.600124,20.66,5802.0,1.0
2024-03-14 17:14:46.260332,20.95,5790.0,1.0
2024-03-14 17:15:51.903062,20.91,5790.0,1.0
2024-03-14 17:16:57.536264,20.91,5790.0,1.0
2024-03-14 17:18:03.226599,20.89,5790.0,1.0
2024-03-14 17:19:10.470904,20.93,5790.0,1.0
2024-03-14 17:20:17.755777,20.0,5826.0,1.0
2024-03-14 17:21:23.414972,19.96,5826.0,1.0
2024-03-14 17:22:30.700386,20.0,5826.0,1.0
2024-03-14 17:23:36.360530,19.95,5826.0,1.0
2024-03-14 17:24:43.610727,19.99,5826.0,1.0
2024-03-14 17:25:49.274028,19.99,5826.0,1.0
2024-03-14 17:26:54.938274,20.29,5814.0,1.0
2024-03-14 17:28:00.587010,20.26,5814.0,1.0
2024-03-14 17:29:07.869429,20.26,5814.0,1.0
2024-03-14 17:30:15.101590,20.27,5814.0,1.0
2024-03-14 17:31:20.755872,20.63,5802.0,1.0
2024-03-14 17:32:28.045193,20.57,5802.0,1.0
2024-03-14 17:33:35.330736,20.66,5802.0,1.0
2024-03-14 17:34:42.617926,20.64,5802.0,1.0
2024-03-14 17:35:49.900728,20.6,5802.0,1.0
2024-03-14 17:36:57.178985,20.64,5802.0,1.0
2024-03-14 17:38:02.864233,19.78,5832.0,1.0
2024-03-14 17:39:08.551037,20.6,5802.0,1.0
2024-03-14 17:40:15.830932,20.31,5814.0,1.0
2024-03-14 17:41:21.517896,19.97,5826.0,1.0
2024-03-14 17:42:28.757551,20.92,5790.0,1.0
2024-03-14 17:43:36.046046,19.97,5826.0,1.0
2024-03-14 17:44:43.333366,19.98,5826.0,1.0
2024-03-14 17:45:50.597594,20.03,5820.0,1.0
2024-03-14 17:46:57.869861,19.97,5826.0,1.0
2024-03-14 17:48:05.099271,19.95,5826.0,1.0
2024-03-14 17:49:12.359888,20.28,5814.0,1.0
2024-03-14 17:50:19.602990,20.3,5814.0,1.0
2024-03-14 17:51:26.842991,20.27,5814.0,1.0
2024-03-14 17:52:34.130042,20.28,5814.0,1.0
2024-03-14 17:53:41.418198,20.27,5814.0,1.0
2024-03-14 17:54:48.658979,20.28,5814.0,1.0
2024-03-14 17:55:55.892852,20.62,5802.0,1.0
2024-03-14 17:57:03.155730,20.61,5802.0,1.0
2024-03-14 17:58:10.366905,20.62,5802.0,1.0
2024-03-14 17:59:17.603892,20.64,5802.0,1.0
2024-03-14 18:00:24.896516,20.59,5802.0,1.0
2024-03-14 18:01:32.185223,19.63,5838.0,1.0
2024-03-14 18:02:39.426250,19.62,5838.0,1.0
2024-03-14 18:03:46.717055,19.77,5832.0,1.0
2024-03-14 18:04:54.005982,19.65,5838.0,1.0
2024-03-14 18:06:01.260267,19.99,5826.0,1.0
2024-03-14 18:07:08.482537,19.97,5826.0,1.0
2024-03-14 18:08:15.759960,19.95,5826.0,1.0
2024-03-14 18:09:23.028165,19.99,5826.0,1.0
2024-03-14 18:10:30.303102,19.99,5826.0,1.0
2024-03-14 18:11:37.548357,20.01,5826.0,1.0
2024-03-14 18:12:44.829887,20.02,5820.0,1.0
2024-03-14 18:13:52.116346,20.3,5814.0,1.0
2024-03-14 18:14:59.386590,20.31,5814.0,1.0
2024-03-14 18:16:06.667428,20.28,5814.0,1.0
2024-03-14 18:17:13.913363,20.31,5814.0,1.0
2024-03-14 18:18:21.122922,20.0,5826.0,1.0
2024-03-14 18:19:28.348533,20.27,5814.0,1.0
2024-03-14 18:20:35.638230,20.31,5814.0,1.0
2024-03-14 18:21:42.889961,20.24,5814.0,1.0
2024-03-14 18:22:50.180229,20.26,5814.0,1.0
2024-03-14 18:23:57.470460,20.84,5796.0,1.0
2024-03-14 18:25:04.715489,20.61,5802.0,1.0
2024-03-14 18:26:12.003785,20.33,5814.0,1.0
2024-03-14 18:27:19.286635,19.95,5826.0,1.0
2024-03-14 18:28:26.528837,19.93,5826.0,1.0
2024-03-14 18:29:33.760509,19.96,5826.0,1.0
2024-03-14 18:30:41.053979,19.96,5826.0,1.0
2024-03-14 18:31:48.304826,19.99,5826.0,1.0
2024-03-14 18:32:55.597503,19.94,5826.0,1.0
2024-03-14 18:34:02.884708,19.92,5826.0,1.0
2024-03-14 18:35:10.162538,20.03,5820.0,1.0
2024-03-14 18:36:17.402926,20.31,5814.0,1.0
2024-03-14 18:37:24.692229,20.31,5814.0,1.0
2024-03-14 18:38:31.969576,20.3,5814.0,1.0
2024-03-14 18:39:39.186395,20.32,5814.0,1.0
2024-03-14 18:40:46.449480,20.26,5814.0,1.0
2024-03-14 18:41:53.741159,20.65,5802.0,1.0
2024-03-14 18:43:00.974964,20.6,5802.0,1.0
2024-03-14 18:44:08.212894,20.57,5802.0,1.0
2024-03-14 18:45:15.488285,19.69,5832.0,1.0
2024-03-14 18:46:22.776718,19.59,5838.0,1.0
2024-03-14 18:47:30.045004,19.64,5838.0,1.0
2024-03-14 18:48:37.284008,19.66,5838.0,1.0
2024-03-14 18:49:44.573860,20.58,5802.0,1.0
2024-03-14 18:50:51.836352,19.64,5838.0,1.0
2024-03-14 18:51:59.090969,19.55,5838.0,1.0
2024-03-14 18:53:06.311860,19.65,5838.0,1.0
2024-03-14 18:54:13.593565,19.65,5838.0,1.0
2024-03-14 18:55:20.857975,19.62,5838.0,1.0
2024-03-14 18:56:28.110955,19.68,5832.0,1.0
2024-03-14 18:57:35.417280,20.08,5820.0,1.0
2024-03-14 18:58:42.680188,19.69,5832.0,1.0
2024-03-14 18:59:49.912748,19.62,5838.0,1.0
2024-03-14 19:00:57.152839,20.64,5802.0,1.0
2024-03-14 19:02:04.418981,19.68,5832.0,1.0
2024-03-14 19:03:11.682215,19.68,5832.0,1.0
2024-03-14 19:04:18.922896,19.65,5838.0,1.0
2024-03-14 19:05:26.163492,19.65,5838.0,1.0
2024-03-14 19:06:33.406480,20.6,5802.0,1.0
2024-03-14 19:07:40.659187,20.25,5814.0,1.0
2024-03-14 19:08:47.931323,19.95,5826.0,1.0
2024-03-14 19:09:55.166965,19.81,5832.0,1.0
2024-03-14 19:11:02.410967,19.95,5826.0,1.0
2024-03-14 19:12:09.702755,20.9,5790.0,1.0
2024-03-14 19:13:16.935600,20.59,5802.0,1.0
2024-03-14 19:14:24.199345,21.28,5778.0,1.0
2024-03-14 19:15:31.476072,20.96,5790.0,1.0
2024-03-14 19:16:38.772247,21.57,5766.0,1.0
2024-03-14 19:17:46.054349,21.25,5778.0,1.0
2024-03-14 19:18:53.337698,21.26,5778.0,1.0
2024-03-14 19:20:00.622778,21.26,5778.0,1.0
2024-03-14 19:21:07.866938,21.27,5778.0,1.0
2024-03-14 19:22:15.118194,21.29,5778.0,1.0
2024-03-14 19:23:22.343133,21.54,5772.0,1.0
2024-03-14 19:24:29.633901,21.59,5766.0,1.0
2024-03-14 19:25:36.929501,21.56,5766.0,1.0
2024-03-14 19:26:44.223849,21.47,5772.0,1.0
2024-03-14 19:27:51.494937,21.6,5766.0,1.0
2024-03-14 19:28:58.775041,21.9,5754.0,1.0
2024-03-14 19:30:06.068336,21.94,5754.0,1.0
2024-03-14 19:31:13.317124,21.91,5754.0,1.0
2024-03-14 19:32:20.543910,21.93,5754.0,1.0
2024-03-14 19:33:27.787075,20.94,5790.0,1.0
2024-03-14 19:34:35.044199,20.96,5790.0,1.0
2024-03-14 19:35:42.333691,20.94,5790.0,1.0
2024-03-14 19:36:49.611012,20.9,5790.0,1.0
2024-03-14 19:37:56.895969,20.99,5790.0,1.0
2024-03-14 19:39:04.158937,21.25,5778.0,1.0
2024-03-14 19:40:11.423087,21.27,5778.0,1.0
2024-03-14 19:41:18.653691,21.29,5778.0,1.0
2024-03-14 19:42:25.903017,21.26,5778.0,1.0
2024-03-14 19:43:33.194962,21.22,5778.0,1.0
2024-03-14 19:44:40.427098,21.25,5778.0,1.0
2024-03-14 19:45:47.715719,21.11,5784.0,1.0
2024-03-14 19:46:54.951959,21.55,5766.0,1.0
2024-03-14 19:48:02.244840,21.61,5766.0,1.0
2024-03-14 19:49:09.529579,21.55,5766.0,1.0
2024-03-14 19:50:16.787304,20.66,5802.0,1.0
2024-03-14 19:51:23.998901,20.67,5802.0,1.0
2024-03-14 19:52:31.259036,20.64,5802.0,1.0
2024-03-14 19:53:38.551514,20.64,5802.0,1.0
2024-03-14 19:54:45.830965,20.9,5790.0,1.0
2024-03-14 19:55:53.104843,20.98,5790.0,1.0
2024-03-14 19:57:00.385482,20.94,5790.0,1.0
2024-03-14 19:58:07.650982,20.91,5790.0,1.0
2024-03-14 19:59:14.929545,20.94,5790.0,1.0
2024-03-14 20:00:22.217172,20.95,5790.0,1.0
2024-03-14 20:01:29.454199,20.0,5826.0,1.0
2024-03-14 20:02:36.663661,20.0,5826.0,1.0
2024-03-14 20:03:43.955352,20.0,5826.0,1.0
2024-03-14 20:04:51.181695,19.95,5826.0,1.0
2024-03-14 20:05:58.474180,20.0,5826.0,1.0
2024-03-14 20:07:05.723082,20.31,5814.0,1.0
2024-03-14 20:08:13.007279,20.3,5814.0,1.0
2024-03-14 20:09:20.287002,20.27,5814.0,1.0
2024-03-14 20:10:27.554338,20.28,5814.0,1.0
2024-03-14 20:11:34.761504,20.26,5814.0,1.0
2024-03-14 20:12:42.051206,20.62,5802.0,1.0
2024-03-14 20:13:49.336309,20.63,5802.0,1.0
2024-03-14 20:14:56.607034,20.66,5802.0,1.0
2024-03-14 20:16:03.866885,20.62,5802.0,1.0
2024-03-14 20:17:11.148768,20.78,5796.0,1.0
2024-03-14 20:18:18.414459,19.71,5832.0,1.0
2024-03-14 20:19:25.654941,19.69,5832.0,1.0
2024-03-14 20:20:32.936778,19.6,5838.0,1.0
2024-03-14 20:21:40.222553,19.62,5838.0,1.0
2024-03-14 20:22:47.511124,19.96,5826.0,1.0
2024-03-14 20:23:54.786291,19.98,5826.0,1.0
2024-03-14 20:25:02.054990,19.99,5826.0,1.0
2024-03-14 20:26:09.346052,20.01,5826.0,1.0
2024-03-14 20:27:16.600687,20.01,5826.0,1.0
2024-03-14 20:28:23.888630,20.0,5826.0,1.0
2024-03-14 20:29:31.139781,20.28,5814.0,1.0
2024-03-14 20:30:38.439471,20.33,5814.0,1.0
2024-03-14 20:31:45.712798,20.33,5814.0,1.0
2024-03-14 20:32:52.971016,20.32,5814.0,1.0
2024-03-14 20:34:00.256060,20.3,5814.0,1.0
2024-03-14 20:35:07.539015,20.65,5802.0,1.0
2024-03-14 20:36:14.755020,20.62,5802.0,1.0
2024-03-14 20:37:22.027589,20.61,5802.0,1.0
2024-03-14 20:38:29.317243,20.64,5802.0,1.0
2024-03-14 20:39:36.554983,19.68,5832.0,1.0
2024-03-14 20:40:43.784009,19.62,5838.0,1.0
2024-03-14 20:41:51.037887,19.62,5838.0,1.0
2024-03-14 20:42:58.283247,19.63,5838.0,1.0
2024-03-14 20:44:05.560984,19.66,5838.0,1.0
2024-03-14 20:45:12.847755,19.65,5838.0,1.0
2024-03-14 20:46:20.111965,19.69,5832.0,1.0
2024-03-14 20:47:27.377221,19.63,5838.0,1.0
2024-03-14 20:48:34.660512,19.68,5832.0,1.0
2024-03-14 20:49:41.950990,19.64,5838.0,1.0
2024-03-14 20:50:49.240581,19.67,5838.0,1.0
2024-03-14 20:51:56.529458,19.63,5838.0,1.0
2024-03-14 20:53:03.759486,19.66,5838.0,1.0
2024-03-14 20:54:11.024337,19.7,5832.0,1.0
2024-03-14 20:55:18.279616,20.63,5802.0,1.0
2024-03-14 20:56:25.548200,19.66,5838.0,1.0
2024-03-14 20:57:32.778041,19.66,5838.0,1.0
2024-03-14 20:58:40.060372,19.66,5838.0,1.0
2024-03-14 20:59:47.301517,19.66,5838.0,1.0
2024-03-14 21:00:54.550404,19.86,5826.0,1.0
2024-03-14 21:02:01.850564,19.65,5838.0,1.0
2024-03-14 21:03:09.148930,20.0,5826.0,1.0
2024-03-14 21:04:16.434470,19.7,5832.0,1.0
2024-03-14 21:05:23.658951,19.62,5838.0,1.0
2024-03-14 21:06:30.899320,19.7,5832.0,1.0
2024-03-14 21:07:38.188220,19.66,5838.0,1.0
2024-03-14 21:08:45.475946,19.64,5838.0,1.0
2024-03-14 21:09:52.717922,19.63,5838.0,1.0
2024-03-14 21:10:59.952167,19.96,5826.0,1.0
2024-03-14 21:12:07.195648,19.92,5826.0,1.0
2024-03-14 21:13:14.486828,19.98,5826.0,1.0
2024-03-14 21:14:21.754536,19.92,5826.0,1.0
2024-03-14 21:15:29.022943,19.97,5826.0,1.0
2024-03-14 21:16:36.312197,20.25,5814.0,1.0
2024-03-14 21:17:43.598991,20.35,5814.0,1.0
2024-03-14 21:18:50.881520,20.31,5814.0,1.0
2024-03-14 21:19:58.174720,20.29,5814.0,1.0
2024-03-14 21:21:05.449720,19.32,5850.0,1.0
2024-03-14 21:22:12.704397,19.32,5850.0,1.0
2024-03-14 21:23:19.993214,19.38,5844.0,1.0
2024-03-14 21:24:27.252323,19.34,5844.0,1.0
2024-03-14 21:25:34.535641,20.3,5814.0,1.0
2024-03-14 21:26:41.814964,19.28,5850.0,1.0
2024-03-14 21:27:49.073445,20.02,5820.0,1.0
2024-03-14 21:28:56.366147,20.64,5802.0,1.0
2024-03-14 21:30:03.606228,19.69,5832.0,1.0
2024-03-14 21:31:10.858964,19.89,5826.0,1.0
2024-03-14 21:32:18.085016,20.55,5802.0,1.0
2024-03-14 21:33:25.348885,20.6,5802.0,1.0
2024-03-14 21:34:32.616009,20.67,5802.0,1.0
2024-03-14 21:35:39.846912,20.91,5790.0,1.0
2024-03-14 21:36:47.101359,21.31,5778.0,1.0
2024-03-14 21:37:54.375107,21.92,5754.0,1.0
2024-03-14 21:39:01.646483,21.9,5754.0,1.0
2024-03-14 21:40:08.945096,21.61,5766.0,1.0
2024-03-14 21:41:16.207543,21.29,5778.0,1.0
2024-03-14 21:42:23.475183,21.29,5778.0,1.0
2024-03-14 21:43:30.766931,21.56,5766.0,1.0
2024-03-14 21:44:38.036292,21.54,5772.0,1.0
2024-03-14 21:45:45.263386,21.57,5766.0,1.0
2024-03-14 21:46:52.528049,21.6,5766.0,1.0
2024-03-14 21:47:59.789102,21.58,5766.0,1.0
2024-03-14 21:49:07.051299,21.92,5754.0,1.0
2024-03-14 21:50:14.317873,21.9,5754.0,1.0
2024-03-14 21:51:21.600257,21.94,5754.0,1.0
2024-03-14 21:52:28.881942,21.96,5754.0,1.0
2024-03-14 21:53:36.166844,21.9,5754.0,1.0
2024-03-14 21:54:43.457201,21.88,5760.0,1.0
2024-03-14 21:55:50.727017,20.95,5790.0,1.0
2024-03-14 21:56:58.010016,20.94,5790.0,1.0
2024-03-14 21:58:05.251029,21.0,5790.0,1.0
2024-03-14 21:59:12.499040,21.24,5778.0,1.0
2024-03-14 22:00:19.778421,21.16,5784.0,1.0
2024-03-14 22:01:27.054143,21.22,5778.0,1.0
2024-03-14 22:02:34.320961,21.26,5778.0,1.0
2024-03-14 22:03:41.585931,21.32,5778.0,1.0
2024-03-14 22:04:48.824002,21.24,5778.0,1.0
2024-03-14 22:05:56.113150,21.28,5778.0,1.0
2024-03-14 22:07:03.392515,21.27,5778.0,1.0
2024-03-14 22:08:10.677859,21.28,5778.0,1.0
2024-03-14 22:09:17.935165,21.23,5778.0,1.0
2024-03-14 22:10:25.170953,21.23,5778.0,1.0
2024-03-14 22:11:32.461033,21.22,5778.0,1.0
2024-03-14 22:12:39.711071,21.63,5766.0,1.0
2024-03-14 22:13:46.943081,21.59,5766.0,1.0
2024-03-14 22:14:54.223654,21.64,5766.0,1.0
2024-03-14 22:16:01.507657,21.54,5772.0,1.0
2024-03-14 22:17:08.766204,21.53,5772.0,1.0
2024-03-14 22:18:16.008479,21.59,5766.0,1.0
2024-03-14 22:19:23.285578,21.89,5754.0,1.0
2024-03-14 22:20:30.552525,21.9,5754.0,1.0
2024-03-14 22:21:37.819753,21.88,5760.0,1.0
2024-03-14 22:22:45.082088,20.98,5790.0,1.0
2024-03-14 22:23:52.359006,20.96,5790.0,1.0
2024-03-14 22:24:59.643107,21.61,5766.0,1.0
2024-03-14 22:26:06.925933,21.96,5754.0,1.0
2024-03-14 22:27:14.193613,21.56,5766.0,1.0
2024-03-14 22:28:21.483779,21.54,5772.0,1.0
2024-03-14 22:29:28.772177,21.28,5778.0,1.0
2024-03-14 22:30:36.051038,21.25,5778.0,1.0
2024-03-14 22:31:43.324626,21.94,5754.0,1.0
2024-03-14 22:32:50.614254,20.94,5790.0,1.0
2024-03-14 22:33:57.891074,21.95,5754.0,1.0
2024-03-14 22:35:05.099081,21.61,5766.0,1.0
2024-03-14 22:36:12.370332,21.3,5778.0,1.0
2024-03-14 22:37:19.656153,21.64,5766.0,1.0
2024-03-14 22:38:26.911063,21.23,5778.0,1.0
2024-03-14 22:39:34.179037,21.26,5778.0,1.0
2024-03-14 22:40:41.387033,21.27,5778.0,1.0
2024-03-14 22:41:48.676285,21.32,5778.0,1.0
2024-03-14 22:42:55.955131,21.58,5766.0,1.0
2024-03-14 22:44:03.239528,21.62,5766.0,1.0
2024-03-14 22:45:10.522498,21.61,5766.0,1.0
2024-03-14 22:46:17.803014,21.58,5766.0,1.0
2024-03-14 22:47:25.069050,21.59,5766.0,1.0
2024-03-14 22:48:32.354164,21.27,5778.0,1.0
2024-03-14 22:49:39.636245,21.6,5766.0,1.0
2024-03-14 22:50:46.910838,21.56,5766.0,1.0
2024-03-14 22:51:54.154107,21.57,5766.0,1.0
2024-03-14 22:53:01.419095,21.63,5766.0,1.0
2024-03-14 22:54:08.685843,21.69,5766.0,1.0
2024-03-14 22:55:15.943770,21.92,5754.0,1.0
2024-03-14 22:56:23.220966,21.95,5754.0,1.0
2024-03-14 22:57:30.502979,21.93,5754.0,1.0
2024-03-14 22:58:37.760718,21.96,5754.0,1.0
2024-03-14 22:59:45.045078,21.91,5754.0,1.0
2024-03-14 23:00:52.337933,21.9,5754.0,1.0
2024-03-14 23:01:59.608199,20.93,5790.0,1.0
2024-03-14 23:03:06.893965,20.94,5790.0,1.0
2024-03-14 23:04:14.175048,20.94,5790.0,1.0
2024-03-14 23:05:21.429953,21.29,5778.0,1.0
2024-03-14 23:06:28.719504,21.27,5778.0,1.0
2024-03-14 23:07:35.983079,21.28,5778.0,1.0
2024-03-14 23:08:43.255106,21.49,5772.0,1.0
2024-03-14 23:09:50.518384,21.27,5778.0,1.0
2024-03-14 23:10:57.803949,21.32,5778.0,1.0
2024-03-14 23:12:05.058691,21.61,5766.0,1.0
2024-03-14 23:13:12.346005,21.57,5766.0,1.0
2024-03-14 23:14:19.611077,21.59,5766.0,1.0
2024-03-14 23:15:26.839073,21.59,5766.0,1.0
2024-03-14 23:16:34.124846,21.6,5766.0,1.0
2024-03-14 23:17:41.411382,21.57,5766.0,1.0
2024-03-14 23:18:48.651461,22.1,5748.0,1.0
2024-03-14 23:19:55.890195,21.93,5754.0,1.0
2024-03-14 23:21:03.127198,21.92,5754.0,1.0
2024-03-14 23:22:10.371041,20.95,5790.0,1.0
2024-03-14 23:23:17.629442,20.94,5790.0,1.0
2024-03-14 23:24:24.917135,20.95,5790.0,1.0
2024-03-14 23:25:32.197604,20.94,5790.0,1.0
2024-03-14 23:26:39.482990,20.91,5790.0,1.0
2024-03-14 23:27:46.760030,20.94,5790.0,1.0
2024-03-14 23:28:54.051015,21.27,5778.0,1.0
2024-03-14 23:30:01.309112,21.25,5778.0,1.0
2024-03-14 23:31:08.597890,21.31,5778.0,1.0
2024-03-14 23:32:15.843051,21.29,5778.0,1.0
2024-03-14 23:33:23.105451,21.27,5778.0,1.0
2024-03-14 23:34:30.347063,21.25,5778.0,1.0
2024-03-14 23:35:37.622118,22.27,5742.0,1.0
2024-03-14 23:36:44.894969,21.63,5766.0,1.0
2024-03-14 23:37:52.181215,21.6,5766.0,1.0
2024-03-14 23:38:59.437958,20.64,5802.0,1.0
2024-03-14 23:40:06.715296,20.63,5802.0,1.0
2024-03-14 23:41:13.992885,20.62,5802.0,1.0
2024-03-14 23:42:21.251020,20.42,5808.0,1.0
2024-03-14 23:43:28.534764,20.6,5802.0,1.0
2024-03-14 23:44:35.785674,20.95,5790.0,1.0
2024-03-14 23:45:43.073285,20.97,5790.0,1.0
2024-03-14 23:46:50.328892,20.91,5790.0,1.0
2024-03-14 23:47:57.587080,20.93,5790.0,1.0
2024-03-14 23:49:04.858389,20.92,5790.0,1.0
2024-03-14 23:50:12.137758,19.99,5826.0,1.0
2024-03-14 23:51:19.413423,19.96,5826.0,1.0
2024-03-14 23:52:26.693254,19.96,5826.0,1.0
2024-03-14 23:53:33.935200,19.97,5826.0,1.0
2024-03-14 23:54:41.213184,20.29,5814.0,1.0
2024-03-14 23:55:48.420085,20.28,5814.0,1.0
2024-03-14 23:56:55.683029,20.33,5814.0,1.0
2024-03-14 23:58:02.954967,20.28,5814.0,1.0
2024-03-14 23:59:10.219005,20.3,5814.0,1.0
